<?xml version="1.0" encoding="UTF-8"?>
<gpx xmlns="http://www.topografix.com/GPX/1/1" xmlns:gpxtpx="http://www.garmin.com/xmlschemas/TrackPointExtension/v1" xmlns:xsi="http://www.w3.org/2001/XMLSchema-instance" xsi:schemaLocation="http://www.topografix.com/GPX/1/1 http://www.topografix.com/GPX/1/1/gpx.xsd" version="1.1" creator="gpx.py -- https://github.com/tkrajina/gpxpy">
  <trk>
    <name>gpx from keep</name>
    <type>Run</type>
    <trkseg>
      <trkpt lat="32.05195287339539" lon="118.80419947798585">
        <ele>19.799194828607142</ele>
        <time>2026-08-06T10:37:00Z</time>
      </trkpt>
      <trkpt lat="32.05198599616197" lon="118.80426560572536">
        <ele>18.737000004388392</ele>
        <time>2026-08-06T10:37:03Z</time>
      </trkpt>
      <trkpt lat="32.05204612676339" lon="118.80433273303694">
        <ele>19.104271427728236</ele>
        <time>2026-08-06T10:37:06Z</time>
      </trkpt>
      <trkpt lat="32.05213223521431" lon="118.804383826288">
        <ele>19.47155048046261</ele>
        <time>2026-08-06T10:37:09Z</time>
      </trkpt>
      <trkpt lat="32.05246547761056" lon="118.80447998620696">
        <ele>19.704071537591517</ele>
        <time>2026-08-06T10:37:21Z</time>
      </trkpt>
      <trkpt lat="32.0527927783932" lon="118.80461021438988">
        <ele>15.95732928905636</ele>
        <time>2026-08-06T10:37:33Z</time>
      </trkpt>
      <trkpt lat="32.053004927387555" lon="118.80466831020631">
        <ele>19.59838153515011</ele>
        <time>2026-08-06T10:37:40Z</time>
      </trkpt>
      <trkpt lat="32.053147985572174" lon="118.80468332689205">
        <ele>19.651222721673548</ele>
        <time>2026-08-06T10:37:43Z</time>
      </trkpt>
      <trkpt lat="32.05329490252997" lon="118.80461718216782">
        <ele>19.799194828607142</ele>
        <time>2026-08-06T10:37:49Z</time>
      </trkpt>
      <trkpt lat="32.05338173782147" lon="118.80451196556379">
        <ele>18.433136478997767</ele>
        <time>2026-08-06T10:37:52Z</time>
      </trkpt>
      <trkpt lat="32.05342958559243" lon="118.80441877653155">
        <ele>19.944519535638392</ele>
        <time>2026-08-06T10:37:55Z</time>
      </trkpt>
      <trkpt lat="32.05344640383324" lon="118.80431256471017">
        <ele>19.064636723138392</ele>
        <time>2026-08-06T10:37:58Z</time>
      </trkpt>
      <trkpt lat="32.05343718322947" lon="118.80418731782326">
        <ele>19.746346012689173</ele>
        <time>2026-08-06T10:38:01Z</time>
      </trkpt>
      <trkpt lat="32.05340197277287" lon="118.80407109138827">
        <ele>20.092484013177454</ele>
        <time>2026-08-06T10:38:04Z</time>
      </trkpt>
      <trkpt lat="32.05330468241438" lon="118.803916795761">
        <ele>16.031311527825892</ele>
        <time>2026-08-06T10:38:10Z</time>
      </trkpt>
      <trkpt lat="32.05298646511555" lon="118.80383265904082">
        <ele>19.410774723626673</ele>
        <time>2026-08-06T10:38:22Z</time>
      </trkpt>
      <trkpt lat="32.05266120976189" lon="118.80372748164147">
        <ele>16.30345966015011</ele>
        <time>2026-08-06T10:38:34Z</time>
      </trkpt>
      <trkpt lat="32.05234497394699" lon="118.80363232331372">
        <ele>19.05407001171261</ele>
        <time>2026-08-06T10:38:46Z</time>
      </trkpt>
      <trkpt lat="32.052251939287295" lon="118.80362431609025">
        <ele>18.895531193353236</ele>
        <time>2026-08-06T10:38:49Z</time>
      </trkpt>
      <trkpt lat="32.052164951201085" lon="118.8036423595756">
        <ele>18.676224247552454</ele>
        <time>2026-08-06T10:38:52Z</time>
      </trkpt>
      <trkpt lat="32.052081012521505" lon="118.80368845801378">
        <ele>12.23436023388058</ele>
        <time>2026-08-06T10:38:55Z</time>
      </trkpt>
      <trkpt lat="32.05202111405612" lon="118.80375459374942">
        <ele>18.99065448436886</ele>
        <time>2026-08-06T10:38:58Z</time>
      </trkpt>
      <trkpt lat="32.05191346301393" lon="118.8039690264018">
        <ele>19.513824955560267</ele>
        <time>2026-08-06T10:39:04Z</time>
      </trkpt>
      <trkpt lat="32.05189762351734" lon="118.80406321379343">
        <ele>19.19939471874386</ele>
        <time>2026-08-06T10:39:07Z</time>
      </trkpt>
      <trkpt lat="32.05191781140286" lon="118.80416841980356">
        <ele>16.22947742138058</ele>
        <time>2026-08-06T10:39:10Z</time>
      </trkpt>
      <trkpt lat="32.05196801488454" lon="118.80427863314615">
        <ele>19.556099430657923</ele>
        <time>2026-08-06T10:39:13Z</time>
      </trkpt>
      <trkpt lat="32.05203415733825" lon="118.80435177181998">
        <ele>19.368500248529017</ele>
        <time>2026-08-06T10:39:16Z</time>
      </trkpt>
      <trkpt lat="32.05220031691818" lon="118.80442189543602">
        <ele>20.018501774407923</ele>
        <time>2026-08-06T10:39:22Z</time>
      </trkpt>
      <trkpt lat="32.05247251596724" lon="118.80450102726017">
        <ele>20.029068485833704</ele>
        <time>2026-08-06T10:39:31Z</time>
      </trkpt>
      <trkpt lat="32.052740724713956" lon="118.80458617147433">
        <ele>19.273376957513392</ele>
        <time>2026-08-06T10:39:40Z</time>
      </trkpt>
      <trkpt lat="32.053041940896414" lon="118.8046713127712">
        <ele>20.113625065423548</ele>
        <time>2026-08-06T10:39:49Z</time>
      </trkpt>
      <trkpt lat="32.053135972369574" lon="118.80467731606342">
        <ele>18.24553729686886</ele>
        <time>2026-08-06T10:39:52Z</time>
      </trkpt>
      <trkpt lat="32.053225945046705" lon="118.80465025410781">
        <ele>19.400208012200892</ele>
        <time>2026-08-06T10:39:55Z</time>
      </trkpt>
      <trkpt lat="32.05330987430252" lon="118.8045991450154">
        <ele>18.768707768060267</ele>
        <time>2026-08-06T10:39:58Z</time>
      </trkpt>
      <trkpt lat="32.05337476079842" lon="118.80452599401146">
        <ele>19.80712176952511</ele>
        <time>2026-08-06T10:40:01Z</time>
      </trkpt>
      <trkpt lat="32.053418588396006" lon="118.80442178349587">
        <ele>18.842690006829798</ele>
        <time>2026-08-06T10:40:04Z</time>
      </trkpt>
      <trkpt lat="32.05343640860483" lon="118.8043165735603">
        <ele>19.513824955560267</ele>
        <time>2026-08-06T10:40:07Z</time>
      </trkpt>
      <trkpt lat="32.05343323653047" lon="118.80421837960043">
        <ele>19.587807194329798</ele>
        <time>2026-08-06T10:40:10Z</time>
      </trkpt>
      <trkpt lat="32.053410060138106" lon="118.8041201876344">
        <ele>19.38964130077511</ele>
        <time>2026-08-06T10:40:13Z</time>
      </trkpt>
      <trkpt lat="32.053370916978615" lon="118.80404303883725">
        <ele>19.19939471874386</ele>
        <time>2026-08-06T10:40:16Z</time>
      </trkpt>
      <trkpt lat="32.05328673596562" lon="118.80394986264196">
        <ele>17.204475895501673</ele>
        <time>2026-08-06T10:40:19Z</time>
      </trkpt>
      <trkpt lat="32.05321663839539" lon="118.80390277618326">
        <ele>19.577240482904017</ele>
        <time>2026-08-06T10:40:22Z</time>
      </trkpt>
      <trkpt lat="32.052894416729636" lon="118.803816635901">
        <ele>16.681305424310267</ele>
        <time>2026-08-06T10:40:34Z</time>
      </trkpt>
      <trkpt lat="32.052582164291" lon="118.80371145733474">
        <ele>19.347359196282923</ele>
        <time>2026-08-06T10:40:46Z</time>
      </trkpt>
      <trkpt lat="32.052345958511424" lon="118.80362330547841">
        <ele>18.884964481927454</ele>
        <time>2026-08-06T10:40:55Z</time>
      </trkpt>
      <trkpt lat="32.05216296815624" lon="118.80365237947755">
        <ele>18.78984119091183</ele>
        <time>2026-08-06T10:41:01Z</time>
      </trkpt>
      <trkpt lat="32.05207702033301" lon="118.80369346824412">
        <ele>18.705292240716517</ele>
        <time>2026-08-06T10:41:04Z</time>
      </trkpt>
      <trkpt lat="32.051945231253455" lon="118.8038317527502">
        <ele>17.96281482372433</ele>
        <time>2026-08-06T10:41:10Z</time>
      </trkpt>
      <trkpt lat="32.05189740187394" lon="118.80393596263654">
        <ele>19.418701664544642</ele>
        <time>2026-08-06T10:41:13Z</time>
      </trkpt>
      <trkpt lat="32.05189471017266" lon="118.80411331302213">
        <ele>17.89939929638058</ele>
        <time>2026-08-06T10:41:19Z</time>
      </trkpt>
      <trkpt lat="32.051924931836886" lon="118.80423655386232">
        <ele>19.442482487298548</ele>
        <time>2026-08-06T10:41:22Z</time>
      </trkpt>
      <trkpt lat="32.0519911127434" lon="118.80433173610864">
        <ele>15.21220447216183</ele>
        <time>2026-08-06T10:41:25Z</time>
      </trkpt>
      <trkpt lat="32.052157321337226" lon="118.80442991526394">
        <ele>18.129272953607142</ele>
        <time>2026-08-06T10:41:31Z</time>
      </trkpt>
      <trkpt lat="32.05248751755951" lon="118.80450002389593">
        <ele>15.745941654779017</ele>
        <time>2026-08-06T10:41:43Z</time>
      </trkpt>
      <trkpt lat="32.052710712766164" lon="118.8045831682702">
        <ele>19.38964130077511</ele>
        <time>2026-08-06T10:41:52Z</time>
      </trkpt>
      <trkpt lat="32.053036957329994" lon="118.8046813331158">
        <ele>19.841469303704798</ele>
        <time>2026-08-06T10:42:04Z</time>
      </trkpt>
      <trkpt lat="32.05311999863805" lon="118.80469435134107">
        <ele>18.948380009271204</ele>
        <time>2026-08-06T10:42:07Z</time>
      </trkpt>
      <trkpt lat="32.05320399278404" lon="118.8046803157798">
        <ele>19.482117191888392</ele>
        <time>2026-08-06T10:42:10Z</time>
      </trkpt>
      <trkpt lat="32.05327894632749" lon="118.8046442373087">
        <ele>19.231102482415736</ele>
        <time>2026-08-06T10:42:13Z</time>
      </trkpt>
      <trkpt lat="32.05339575671272" lon="118.80452098215098">
        <ele>19.32622577343136</ele>
        <time>2026-08-06T10:42:19Z</time>
      </trkpt>
      <trkpt lat="32.053434402910234" lon="118.80431356779582">
        <ele>18.842690006829798</ele>
        <time>2026-08-06T10:42:25Z</time>
      </trkpt>
      <trkpt lat="32.05341918446414" lon="118.80419032541985">
        <ele>20.364639774896204</ele>
        <time>2026-08-06T10:42:28Z</time>
      </trkpt>
      <trkpt lat="32.05332176644209" lon="118.80396288512507">
        <ele>19.011795536614954</ele>
        <time>2026-08-06T10:42:34Z</time>
      </trkpt>
      <trkpt lat="32.05326564582383" lon="118.80390076772726">
        <ele>18.340652958489954</ele>
        <time>2026-08-06T10:42:37Z</time>
      </trkpt>
      <trkpt lat="32.0531245307247" lon="118.80385268585746">
        <ele>19.31565906200558</ele>
        <time>2026-08-06T10:42:43Z</time>
      </trkpt>
      <trkpt lat="32.05294244311082" lon="118.80382564926133">
        <ele>18.705292240716517</ele>
        <time>2026-08-06T10:42:49Z</time>
      </trkpt>
      <trkpt lat="32.05259917156323" lon="118.80371345971794">
        <ele>18.665657536126673</ele>
        <time>2026-08-06T10:43:01Z</time>
      </trkpt>
      <trkpt lat="32.05238199959792" lon="118.8036423396292">
        <ele>16.985168949700892</ele>
        <time>2026-08-06T10:43:10Z</time>
      </trkpt>
      <trkpt lat="32.05228995646147" lon="118.80362932245468">
        <ele>19.26281024608761</ele>
        <time>2026-08-06T10:43:13Z</time>
      </trkpt>
      <trkpt lat="32.05219095178033" lon="118.80363935127062">
        <ele>19.19939471874386</ele>
        <time>2026-08-06T10:43:16Z</time>
      </trkpt>
      <trkpt lat="32.05209699520304" lon="118.80367643287438">
        <ele>18.85325671825558</ele>
        <time>2026-08-06T10:43:19Z</time>
      </trkpt>
      <trkpt lat="32.05196320041619" lon="118.80381171160184">
        <ele>19.746346012689173</ele>
        <time>2026-08-06T10:43:25Z</time>
      </trkpt>
      <trkpt lat="32.05191449606702" lon="118.80419497879745">
        <ele>18.906105534173548</ele>
        <time>2026-08-06T10:43:37Z</time>
      </trkpt>
      <trkpt lat="32.05197373798711" lon="118.8043867958456">
        <ele>18.78984119091183</ele>
        <time>2026-08-06T10:43:40Z</time>
      </trkpt>
      <trkpt lat="32.052045284094355" lon="118.80442291166537">
        <ele>19.31565906200558</ele>
        <time>2026-08-06T10:43:43Z</time>
      </trkpt>
      <trkpt lat="32.05228540593617" lon="118.80446196701511">
        <ele>19.022362248040736</ele>
        <time>2026-08-06T10:43:52Z</time>
      </trkpt>
      <trkpt lat="32.05243453553307" lon="118.80451706252596">
        <ele>20.039635197259486</ele>
        <time>2026-08-06T10:43:58Z</time>
      </trkpt>
      <trkpt lat="32.052510568252735" lon="118.80452607341584">
        <ele>19.778053776361048</ele>
        <time>2026-08-06T10:44:01Z</time>
      </trkpt>
      <trkpt lat="32.05282479780295" lon="118.80461722536165">
        <ele>9.06627704296261</ele>
        <time>2026-08-06T10:44:13Z</time>
      </trkpt>
      <trkpt lat="32.05298192401689" lon="118.80466931430841">
        <ele>19.912811771966517</ele>
        <time>2026-08-06T10:44:19Z</time>
      </trkpt>
      <trkpt lat="32.05312298351184" lon="118.80468533316684">
        <ele>17.154274479486048</ele>
        <time>2026-08-06T10:44:25Z</time>
      </trkpt>
      <trkpt lat="32.05320298729684" lon="118.80467730990605">
        <ele>19.001228825189173</ele>
        <time>2026-08-06T10:44:28Z</time>
      </trkpt>
      <trkpt lat="32.05334787399884" lon="118.80459413158681">
        <ele>19.157120243646204</ele>
        <time>2026-08-06T10:44:34Z</time>
      </trkpt>
      <trkpt lat="32.05340975282068" lon="118.8045169729202">
        <ele>19.19939471874386</ele>
        <time>2026-08-06T10:44:37Z</time>
      </trkpt>
      <trkpt lat="32.05343236572431" lon="118.80429252634569">
        <ele>20.12419177684933</ele>
        <time>2026-08-06T10:44:43Z</time>
      </trkpt>
      <trkpt lat="32.053390008520964" lon="118.80409313602908">
        <ele>19.442482487298548</ele>
        <time>2026-08-06T10:44:49Z</time>
      </trkpt>
      <trkpt lat="32.05327366853266" lon="118.8039127907054">
        <ele>19.25224353466183</ele>
        <time>2026-08-06T10:44:55Z</time>
      </trkpt>
      <trkpt lat="32.05295048323695" lon="118.80384769197516">
        <ele>19.05407001171261</ele>
        <time>2026-08-06T10:45:07Z</time>
      </trkpt>
      <trkpt lat="32.05278829902575" lon="118.80376253903837">
        <ele>19.273376957513392</ele>
        <time>2026-08-06T10:45:13Z</time>
      </trkpt>
      <trkpt lat="32.0524820741047" lon="118.8036723895968">
        <ele>15.54777576122433</ele>
        <time>2026-08-06T10:45:25Z</time>
      </trkpt>
      <trkpt lat="32.052319949233606" lon="118.80362130392551">
        <ele>16.670738712884486</ele>
        <time>2026-08-06T10:45:32Z</time>
      </trkpt>
      <trkpt lat="32.05221692800145" lon="118.80362231536459">
        <ele>19.178253666497767</ele>
        <time>2026-08-06T10:45:35Z</time>
      </trkpt>
      <trkpt lat="32.052039057121576" lon="118.80371952302954">
        <ele>18.298378483392298</ele>
        <time>2026-08-06T10:45:41Z</time>
      </trkpt>
      <trkpt lat="32.0519203163211" lon="118.80388385776304">
        <ele>18.58110095653683</ele>
        <time>2026-08-06T10:45:47Z</time>
      </trkpt>
      <trkpt lat="32.051874614893215" lon="118.80406121195006">
        <ele>19.778053776361048</ele>
        <time>2026-08-06T10:45:53Z</time>
      </trkpt>
      <trkpt lat="32.05188479704941" lon="118.80416441491518">
        <ele>19.347359196282923</ele>
        <time>2026-08-06T10:45:56Z</time>
      </trkpt>
      <trkpt lat="32.05193900316686" lon="118.80427562986503">
        <ele>20.113625065423548</ele>
        <time>2026-08-06T10:45:59Z</time>
      </trkpt>
      <trkpt lat="32.05201616732496" lon="118.80435978934132">
        <ele>18.443703190423548</ele>
        <time>2026-08-06T10:46:02Z</time>
      </trkpt>
      <trkpt lat="32.05215731258074" lon="118.80442490534126">
        <ele>19.891670719720423</ele>
        <time>2026-08-06T10:46:08Z</time>
      </trkpt>
      <trkpt lat="32.05226636141139" lon="118.8044389231084">
        <ele>18.832115666009486</ele>
        <time>2026-08-06T10:46:11Z</time>
      </trkpt>
      <trkpt lat="32.052558617517136" lon="118.804548112703">
        <ele>19.482117191888392</ele>
        <time>2026-08-06T10:46:23Z</time>
      </trkpt>
      <trkpt lat="32.052868825149815" lon="118.80462724119451">
        <ele>19.442482487298548</ele>
        <time>2026-08-06T10:46:35Z</time>
      </trkpt>
      <trkpt lat="32.05300693309727" lon="118.80467131598773">
        <ele>18.30895282421261</ele>
        <time>2026-08-06T10:46:41Z</time>
      </trkpt>
      <trkpt lat="32.05312597716078" lon="118.80468132493665">
        <ele>18.623383061029017</ele>
        <time>2026-08-06T10:46:47Z</time>
      </trkpt>
      <trkpt lat="32.05329586592284" lon="118.80459614034022">
        <ele>18.298378483392298</ele>
        <time>2026-08-06T10:46:56Z</time>
      </trkpt>
      <trkpt lat="32.05338268722809" lon="118.80448290788715">
        <ele>20.364639774896204</ele>
        <time>2026-08-06T10:47:02Z</time>
      </trkpt>
      <trkpt lat="32.05341946956841" lon="118.80435364849686">
        <ele>17.71971942577511</ele>
        <time>2026-08-06T10:47:08Z</time>
      </trkpt>
      <trkpt lat="32.05340921195401" lon="118.80420736001405">
        <ele>19.083138004876673</ele>
        <time>2026-08-06T10:47:14Z</time>
      </trkpt>
      <trkpt lat="32.05334084396438" lon="118.804004966429">
        <ele>19.682930485345423</ele>
        <time>2026-08-06T10:47:20Z</time>
      </trkpt>
      <trkpt lat="32.05328869803542" lon="118.80392781897183">
        <ele>18.98008777294308</ele>
        <time>2026-08-06T10:47:23Z</time>
      </trkpt>
      <trkpt lat="32.05322260311481" lon="118.80388173413822">
        <ele>19.146553532220423</ele>
        <time>2026-08-06T10:47:26Z</time>
      </trkpt>
      <trkpt lat="32.052891403863285" lon="118.80380962235475">
        <ele>18.937813297845423</ele>
        <time>2026-08-06T10:47:38Z</time>
      </trkpt>
      <trkpt lat="32.05275626750918" lon="118.8037485143491">
        <ele>16.921753422357142</ele>
        <time>2026-08-06T10:47:44Z</time>
      </trkpt>
      <trkpt lat="32.05246709686908" lon="118.80368742056096">
        <ele>19.566673771478236</ele>
        <time>2026-08-06T10:47:56Z</time>
      </trkpt>
      <trkpt lat="32.052330989964695" lon="118.80364334628882">
        <ele>15.54777576122433</ele>
        <time>2026-08-06T10:48:02Z</time>
      </trkpt>
      <trkpt lat="32.05224295467862" lon="118.80363433663265">
        <ele>19.220535770989954</ele>
        <time>2026-08-06T10:48:05Z</time>
      </trkpt>
      <trkpt lat="32.05215695811709" lon="118.8036473701698">
        <ele>17.56382800731808</ele>
        <time>2026-08-06T10:48:08Z</time>
      </trkpt>
      <trkpt lat="32.052059007613764" lon="118.80368846003596">
        <ele>19.682930485345423</ele>
        <time>2026-08-06T10:48:11Z</time>
      </trkpt>
      <trkpt lat="32.051970109645" lon="118.8037586063316">
        <ele>20.19817401561886</ele>
        <time>2026-08-06T10:48:14Z</time>
      </trkpt>
      <trkpt lat="32.05192024484735" lon="118.8038427767725">
        <ele>19.714638249017298</ele>
        <time>2026-08-06T10:48:17Z</time>
      </trkpt>
      <trkpt lat="32.05190043917698" lon="118.80395700387245">
        <ele>20.12419177684933</ele>
        <time>2026-08-06T10:48:20Z</time>
      </trkpt>
      <trkpt lat="32.05193587659494" lon="118.80420348747185">
        <ele>17.58232165966183</ele>
        <time>2026-08-06T10:48:27Z</time>
      </trkpt>
      <trkpt lat="32.05198507115967" lon="118.80430869105535">
        <ele>19.178253666497767</ele>
        <time>2026-08-06T10:48:30Z</time>
      </trkpt>
      <trkpt lat="32.05206918089884" lon="118.80436078645391">
        <ele>20.103050724603236</ele>
        <time>2026-08-06T10:48:33Z</time>
      </trkpt>
      <trkpt lat="32.05218125489767" lon="118.80438883170413">
        <ele>19.347359196282923</ele>
        <time>2026-08-06T10:48:36Z</time>
      </trkpt>
      <trkpt lat="32.05235843623089" lon="118.80446997618749">
        <ele>20.573380009271204</ele>
        <time>2026-08-06T10:48:42Z</time>
      </trkpt>
      <trkpt lat="32.0527076805371" lon="118.80456513278197">
        <ele>19.400208012200892</ele>
        <time>2026-08-06T10:48:54Z</time>
      </trkpt>
      <trkpt lat="32.052974920702304" lon="118.80466831296333">
        <ele>19.80712176952511</ele>
        <time>2026-08-06T10:49:03Z</time>
      </trkpt>
      <trkpt lat="32.05305797955847" lon="118.80469135107256">
        <ele>18.810982243157923</ele>
        <time>2026-08-06T10:49:06Z</time>
      </trkpt>
      <trkpt lat="32.0532129491683" lon="118.80465426325507">
        <ele>19.273376957513392</ele>
        <time>2026-08-06T10:49:12Z</time>
      </trkpt>
      <trkpt lat="32.053298891143704" lon="118.80461016788753">
        <ele>18.528259770013392</ele>
        <time>2026-08-06T10:49:15Z</time>
      </trkpt>
      <trkpt lat="32.053361789453255" lon="118.8045440309592">
        <ele>15.999603764154017</ele>
        <time>2026-08-06T10:49:18Z</time>
      </trkpt>
      <trkpt lat="32.05340364110125" lon="118.80445384838583">
        <ele>19.104271427728236</ele>
        <time>2026-08-06T10:49:21Z</time>
      </trkpt>
      <trkpt lat="32.05342535891708" lon="118.80428952104194">
        <ele>19.431915775872767</ele>
        <time>2026-08-06T10:49:27Z</time>
      </trkpt>
      <trkpt lat="32.05340710489543" lon="118.80414623938555">
        <ele>19.799194828607142</ele>
        <time>2026-08-06T10:49:30Z</time>
      </trkpt>
      <trkpt lat="32.05337195561347" lon="118.80406508227311">
        <ele>17.257324711419642</ele>
        <time>2026-08-06T10:49:33Z</time>
      </trkpt>
      <trkpt lat="32.053268683115185" lon="118.80392180895166">
        <ele>19.640656010247767</ele>
        <time>2026-08-06T10:49:39Z</time>
      </trkpt>
      <trkpt lat="32.053156555286215" lon="118.80386270266925">
        <ele>18.24553729686886</ele>
        <time>2026-08-06T10:49:45Z</time>
      </trkpt>
      <trkpt lat="32.05286940941531" lon="118.80381563622431">
        <ele>19.157120243646204</ele>
        <time>2026-08-06T10:49:54Z</time>
      </trkpt>
      <trkpt lat="32.05256014197622" lon="118.80370143962894">
        <ele>19.556099430657923</ele>
        <time>2026-08-06T10:50:06Z</time>
      </trkpt>
      <trkpt lat="32.05234097305495" lon="118.8036323236814">
        <ele>19.05407001171261</ele>
        <time>2026-08-06T10:50:15Z</time>
      </trkpt>
      <trkpt lat="32.0522089383958" lon="118.80362932990012">
        <ele>18.559967533685267</ele>
        <time>2026-08-06T10:50:21Z</time>
      </trkpt>
      <trkpt lat="32.05209697605787" lon="118.80366541118018">
        <ele>19.157120243646204</ele>
        <time>2026-08-06T10:50:24Z</time>
      </trkpt>
      <trkpt lat="32.051925252934915" lon="118.80384678421322">
        <ele>18.602242008782923</ele>
        <time>2026-08-06T10:50:33Z</time>
      </trkpt>
      <trkpt lat="32.05188838067929" lon="118.80392494172246">
        <ele>17.363014713861048</ele>
        <time>2026-08-06T10:50:36Z</time>
      </trkpt>
      <trkpt lat="32.05188862500153" lon="118.80406521857793">
        <ele>18.097565189935267</ele>
        <time>2026-08-06T10:50:42Z</time>
      </trkpt>
      <trkpt lat="32.05197700814664" lon="118.8042736224085">
        <ele>22.296143070794642</ele>
        <time>2026-08-06T10:50:51Z</time>
      </trkpt>
      <trkpt lat="32.052066167977415" lon="118.80435377284574">
        <ele>18.11870624218136</ele>
        <time>2026-08-06T10:50:57Z</time>
      </trkpt>
      <trkpt lat="32.05236041915865" lon="118.80445995615229">
        <ele>19.19939471874386</ele>
        <time>2026-08-06T10:51:09Z</time>
      </trkpt>
      <trkpt lat="32.05269873464123" lon="118.80459719719295">
        <ele>19.032928959466517</ele>
        <time>2026-08-06T10:51:21Z</time>
      </trkpt>
      <trkpt lat="32.05297686851443" lon="118.80463825313521">
        <ele>19.912811771966517</ele>
        <time>2026-08-06T10:51:33Z</time>
      </trkpt>
      <trkpt lat="32.05312497342832" lon="118.80467932105141">
        <ele>15.48436023388058</ele>
        <time>2026-08-06T10:51:36Z</time>
      </trkpt>
      <trkpt lat="32.05322097025052" lon="118.80466528439064">
        <ele>18.528259770013392</ele>
        <time>2026-08-06T10:51:39Z</time>
      </trkpt>
      <trkpt lat="32.05329590801465" lon="118.80462018803873">
        <ele>18.51768542919308</ele>
        <time>2026-08-06T10:51:42Z</time>
      </trkpt>
      <trkpt lat="32.05337365894385" lon="118.80446787893439">
        <ele>18.768707768060267</ele>
        <time>2026-08-06T10:51:48Z</time>
      </trkpt>
      <trkpt lat="32.05340449948493" lon="118.80437268756265">
        <ele>18.655090824700892</ele>
        <time>2026-08-06T10:51:51Z</time>
      </trkpt>
      <trkpt lat="32.05340514464211" lon="118.80416928511447">
        <ele>18.24553729686886</ele>
        <time>2026-08-06T10:51:57Z</time>
      </trkpt>
      <trkpt lat="32.05337596698167" lon="118.80407109377803">
        <ele>18.969521061517298</ele>
        <time>2026-08-06T10:52:00Z</time>
      </trkpt>
      <trkpt lat="32.053276690129714" lon="118.80392481414549">
        <ele>14.887207523919642</ele>
        <time>2026-08-06T10:52:06Z</time>
      </trkpt>
      <trkpt lat="32.05294541067037" lon="118.8038066114677">
        <ele>19.011795536614954</ele>
        <time>2026-08-06T10:52:18Z</time>
      </trkpt>
      <trkpt lat="32.052642205526226" lon="118.80372748338793">
        <ele>18.665657536126673</ele>
        <time>2026-08-06T10:52:30Z</time>
      </trkpt>
      <trkpt lat="32.05230696199269" lon="118.80363032286357">
        <ele>20.018501774407923</ele>
        <time>2026-08-06T10:52:42Z</time>
      </trkpt>
      <trkpt lat="32.05214992349593" lon="118.80362833335184">
        <ele>18.832115666009486</ele>
        <time>2026-08-06T10:52:48Z</time>
      </trkpt>
      <trkpt lat="32.052061968250186" lon="118.80366541439729">
        <ele>18.874397770501673</ele>
        <time>2026-08-06T10:52:51Z</time>
      </trkpt>
      <trkpt lat="32.051983055075645" lon="118.80372554001518">
        <ele>19.38964130077511</ele>
        <time>2026-08-06T10:52:54Z</time>
      </trkpt>
      <trkpt lat="32.051927178444544" lon="118.80380369911506">
        <ele>18.694717899896204</ele>
        <time>2026-08-06T10:52:57Z</time>
      </trkpt>
      <trkpt lat="32.05185459820819" lon="118.8040541999383">
        <ele>20.248375431634486</ele>
        <time>2026-08-06T10:53:06Z</time>
      </trkpt>
      <trkpt lat="32.05188179638003" lon="118.8041644151909">
        <ele>19.022362248040736</ele>
        <time>2026-08-06T10:53:09Z</time>
      </trkpt>
      <trkpt lat="32.05193397231766" lon="118.80425859663129">
        <ele>18.705292240716517</ele>
        <time>2026-08-06T10:53:12Z</time>
      </trkpt>
      <trkpt lat="32.05201012223215" lon="118.80433474031153">
        <ele>19.12541247997433</ele>
        <time>2026-08-06T10:53:15Z</time>
      </trkpt>
      <trkpt lat="32.052267372143426" lon="118.80444493492512">
        <ele>18.884964481927454</ele>
        <time>2026-08-06T10:53:24Z</time>
      </trkpt>
      <trkpt lat="32.05235843623089" lon="118.80446997618749">
        <ele>19.25224353466183</ele>
        <time>2026-08-06T10:53:27Z</time>
      </trkpt>
      <trkpt lat="32.05248847573093" lon="118.80447597615179">
        <ele>18.958946720696986</ele>
        <time>2026-08-06T10:53:33Z</time>
      </trkpt>
      <trkpt lat="32.05261361575571" lon="118.80454009175718">
        <ele>12.641273991204798</ele>
        <time>2026-08-06T10:53:39Z</time>
      </trkpt>
      <trkpt lat="32.052789700568454" lon="118.80456612723277">
        <ele>19.495331303216517</ele>
        <time>2026-08-06T10:53:45Z</time>
      </trkpt>
      <trkpt lat="32.05305492449227" lon="118.80466028970473">
        <ele>19.45305682811886</ele>
        <time>2026-08-06T10:53:54Z</time>
      </trkpt>
      <trkpt lat="32.05311495014348" lon="118.80466729810885">
        <ele>18.937813297845423</ele>
        <time>2026-08-06T10:53:57Z</time>
      </trkpt>
      <trkpt lat="32.05323892864516" lon="118.80463923104493">
        <ele>18.86382342968136</ele>
        <time>2026-08-06T10:54:00Z</time>
      </trkpt>
      <trkpt lat="32.0533138559037" lon="118.80458812278852">
        <ele>19.12541247997433</ele>
        <time>2026-08-06T10:54:03Z</time>
      </trkpt>
      <trkpt lat="32.05336972288153" lon="118.80450495276565">
        <ele>15.243912235833704</ele>
        <time>2026-08-06T10:54:06Z</time>
      </trkpt>
      <trkpt lat="32.0534233742164" lon="118.80429853906757">
        <ele>19.442482487298548</ele>
        <time>2026-08-06T10:54:12Z</time>
      </trkpt>
      <trkpt lat="32.05338897162355" lon="118.80407209456197">
        <ele>19.25224353466183</ele>
        <time>2026-08-06T10:54:18Z</time>
      </trkpt>
      <trkpt lat="32.053279704751674" lon="118.80393282968163">
        <ele>19.32622577343136</ele>
        <time>2026-08-06T10:54:24Z</time>
      </trkpt>
      <trkpt lat="32.05315655877275" lon="118.80386470662008">
        <ele>33.54694415722042</ele>
        <time>2026-08-06T10:54:30Z</time>
      </trkpt>
      <trkpt lat="32.052969558947765" lon="118.80388877122354">
        <ele>13.040253178216517</ele>
        <time>2026-08-06T10:54:36Z</time>
      </trkpt>
      <trkpt lat="32.052981632936984" lon="118.80372415860481">
        <ele>18.192688480950892</ele>
        <time>2026-08-06T10:54:39Z</time>
      </trkpt>
      <trkpt lat="32.052837902550394" lon="118.80374791668295">
        <ele>19.25224353466183</ele>
        <time>2026-08-06T10:54:42Z</time>
      </trkpt>
      <trkpt lat="32.05270662494366" lon="118.8037370624261">
        <ele>15.664032475091517</ele>
        <time>2026-08-06T10:54:45Z</time>
      </trkpt>
      <trkpt lat="32.0526011859383" lon="118.80372147531797">
        <ele>18.779274479486048</ele>
        <time>2026-08-06T10:54:48Z</time>
      </trkpt>
      <trkpt lat="32.05246303680147" lon="118.80365335387381">
        <ele>18.39086200390011</ele>
        <time>2026-08-06T10:54:54Z</time>
      </trkpt>
      <trkpt lat="32.05218292215766" lon="118.80362332046124">
        <ele>16.105293766595423</ele>
        <time>2026-08-06T10:55:06Z</time>
      </trkpt>
      <trkpt lat="32.05212693228477" lon="118.80363635123844">
        <ele>16.586189762689173</ele>
        <time>2026-08-06T10:55:09Z</time>
      </trkpt>
      <trkpt lat="32.052021033953906" lon="118.80370850298196">
        <ele>12.065254704095423</ele>
        <time>2026-08-06T10:55:12Z</time>
      </trkpt>
      <trkpt lat="32.0518723666446" lon="118.80391893133499">
        <ele>18.779274479486048</ele>
        <time>2026-08-06T10:55:21Z</time>
      </trkpt>
      <trkpt lat="32.05187367753921" lon="118.80409728328281">
        <ele>18.507118717767298</ele>
        <time>2026-08-06T10:55:27Z</time>
      </trkpt>
      <trkpt lat="32.0519099547208" lon="118.80425158496467">
        <ele>18.11870624218136</ele>
        <time>2026-08-06T10:55:30Z</time>
      </trkpt>
      <trkpt lat="32.05198011203926" lon="118.80433273910259">
        <ele>18.768707768060267</ele>
        <time>2026-08-06T10:55:33Z</time>
      </trkpt>
      <trkpt lat="32.05228732756621" lon="118.80441687751843">
        <ele>18.758133427239954</ele>
        <time>2026-08-06T10:55:45Z</time>
      </trkpt>
      <trkpt lat="32.052489493474404" lon="118.80448599591388">
        <ele>19.714638249017298</ele>
        <time>2026-08-06T10:55:51Z</time>
      </trkpt>
      <trkpt lat="32.05269871359816" lon="118.80458517334709">
        <ele>19.442482487298548</ele>
        <time>2026-08-06T10:56:00Z</time>
      </trkpt>
      <trkpt lat="32.05300692783322" lon="118.8046683100225">
        <ele>18.779274479486048</ele>
        <time>2026-08-06T10:56:13Z</time>
      </trkpt>
      <trkpt lat="32.053099959084186" lon="118.80467431340632">
        <ele>18.076431767083704</ele>
        <time>2026-08-06T10:56:16Z</time>
      </trkpt>
      <trkpt lat="32.0531519320691" lon="118.80465226488475">
        <ele>19.220535770989954</ele>
        <time>2026-08-06T10:56:19Z</time>
      </trkpt>
      <trkpt lat="32.053288752158" lon="118.80453201383233">
        <ele>19.32622577343136</ele>
        <time>2026-08-06T10:56:25Z</time>
      </trkpt>
      <trkpt lat="32.05333963560424" lon="118.80445886419295">
        <ele>10.902657047845423</ele>
        <time>2026-08-06T10:56:28Z</time>
      </trkpt>
      <trkpt lat="32.05339735268058" lon="118.80428952361541">
        <ele>19.25224353466183</ele>
        <time>2026-08-06T10:56:34Z</time>
      </trkpt>
      <trkpt lat="32.05339619507339" lon="118.80419934536123">
        <ele>19.011795536614954</ele>
        <time>2026-08-06T10:56:37Z</time>
      </trkpt>
      <trkpt lat="32.053372994255255" lon="118.80408712571688">
        <ele>17.77256824169308</ele>
        <time>2026-08-06T10:56:40Z</time>
      </trkpt>
      <trkpt lat="32.05332582491595" lon="118.80399595000881">
        <ele>17.048584477044642</ele>
        <time>2026-08-06T10:56:43Z</time>
      </trkpt>
      <trkpt lat="32.05326369421043" lon="118.80392882324622">
        <ele>19.083138004876673</ele>
        <time>2026-08-06T10:56:46Z</time>
      </trkpt>
      <trkpt lat="32.05318859902716" lon="118.80388374121486">
        <ele>19.495331303216517</ele>
        <time>2026-08-06T10:56:49Z</time>
      </trkpt>
      <trkpt lat="32.05288439707581" lon="118.80380661707468">
        <ele>16.144928471185267</ele>
        <time>2026-08-06T10:56:58Z</time>
      </trkpt>
      <trkpt lat="32.05274528073222" lon="118.80375753312241">
        <ele>19.083138004876673</ele>
        <time>2026-08-06T10:57:04Z</time>
      </trkpt>
      <trkpt lat="32.052420055058455" lon="118.80366938937914">
        <ele>19.178253666497767</ele>
        <time>2026-08-06T10:57:19Z</time>
      </trkpt>
      <trkpt lat="32.05229596127936" lon="118.80363132584621">
        <ele>19.12541247997433</ele>
        <time>2026-08-06T10:57:25Z</time>
      </trkpt>
      <trkpt lat="32.052075941788786" lon="118.80364837958699">
        <ele>19.38964130077511</ele>
        <time>2026-08-06T10:57:31Z</time>
      </trkpt>
      <trkpt lat="32.05200099641533" lon="118.80368946733967">
        <ele>14.961189762689173</ele>
        <time>2026-08-06T10:57:34Z</time>
      </trkpt>
      <trkpt lat="32.05188824816553" lon="118.80384879156426">
        <ele>18.528259770013392</ele>
        <time>2026-08-06T10:57:40Z</time>
      </trkpt>
      <trkpt lat="32.051891664089986" lon="118.80408726183721">
        <ele>9.570946232415736</ele>
        <time>2026-08-06T10:57:46Z</time>
      </trkpt>
      <trkpt lat="32.05192285446583" lon="118.80419246687738">
        <ele>15.117081181146204</ele>
        <time>2026-08-06T10:57:49Z</time>
      </trkpt>
      <trkpt lat="32.05198504491688" lon="118.80429366131776">
        <ele>18.729073063470423</ele>
        <time>2026-08-06T10:57:52Z</time>
      </trkpt>
      <trkpt lat="32.052046163515776" lon="118.8043537746838">
        <ele>19.305084721185267</ele>
        <time>2026-08-06T10:57:55Z</time>
      </trkpt>
      <trkpt lat="32.052344392818924" lon="118.8044469318183">
        <ele>19.495331303216517</ele>
        <time>2026-08-06T10:58:07Z</time>
      </trkpt>
      <trkpt lat="32.052563516982126" lon="118.80448999705511">
        <ele>18.602242008782923</ele>
        <time>2026-08-06T10:58:16Z</time>
      </trkpt>
      <trkpt lat="32.05272671282583" lon="118.80458116282576">
        <ele>18.842690006829798</ele>
        <time>2026-08-06T10:58:22Z</time>
      </trkpt>
      <trkpt lat="32.053072977635914" lon="118.8046883437279">
        <ele>18.51768542919308</ele>
        <time>2026-08-06T10:58:34Z</time>
      </trkpt>
      <trkpt lat="32.053209939727786" lon="118.80464925359016">
        <ele>18.340652958489954</ele>
        <time>2026-08-06T10:58:40Z</time>
      </trkpt>
      <trkpt lat="32.05328387552562" lon="118.80460315535419">
        <ele>19.746346012689173</ele>
        <time>2026-08-06T10:58:43Z</time>
      </trkpt>
      <trkpt lat="32.0533996261974" lon="118.8044458328741">
        <ele>18.411995426751673</ele>
        <time>2026-08-06T10:58:49Z</time>
      </trkpt>
      <trkpt lat="32.05342044878904" lon="118.80434162460553">
        <ele>16.063019291497767</ele>
        <time>2026-08-06T10:58:52Z</time>
      </trkpt>
      <trkpt lat="32.053420279096834" lon="118.80424443231205">
        <ele>15.317894474603236</ele>
        <time>2026-08-06T10:58:55Z</time>
      </trkpt>
      <trkpt lat="32.05336895319908" lon="118.80406408057016">
        <ele>15.653465763665736</ele>
        <time>2026-08-06T10:59:01Z</time>
      </trkpt>
      <trkpt lat="32.05331681593058" lon="118.80399194292585">
        <ele>18.78984119091183</ele>
        <time>2026-08-06T10:59:04Z</time>
      </trkpt>
      <trkpt lat="32.053178614235534" lon="118.80389376189228">
        <ele>18.623383061029017</ele>
        <time>2026-08-06T10:59:10Z</time>
      </trkpt>
      <trkpt lat="32.053105559612995" lon="118.80387172513626">
        <ele>5.8691258588805795</ele>
        <time>2026-08-06T10:59:13Z</time>
      </trkpt>
      <trkpt lat="32.05301553607211" lon="118.80386972945776">
        <ele>19.064636723138392</ele>
        <time>2026-08-06T10:59:16Z</time>
      </trkpt>
      <trkpt lat="32.05273227783442" lon="118.80375753431734">
        <ele>17.458138004876673</ele>
        <time>2026-08-06T10:59:28Z</time>
      </trkpt>
      <trkpt lat="32.05241406416346" lon="118.80367540176405">
        <ele>17.888824955560267</ele>
        <time>2026-08-06T10:59:43Z</time>
      </trkpt>
      <trkpt lat="32.05233203195353" lon="118.80366739352367">
        <ele>15.579483524896204</ele>
        <time>2026-08-06T10:59:46Z</time>
      </trkpt>
      <trkpt lat="32.05225894954764" lon="118.80362932530417">
        <ele>19.032928959466517</ele>
        <time>2026-08-06T10:59:49Z</time>
      </trkpt>
      <trkpt lat="32.052163912700415" lon="118.80362031629353">
        <ele>19.273376957513392</ele>
        <time>2026-08-06T10:59:53Z</time>
      </trkpt>
      <trkpt lat="32.052024011991186" lon="118.80369547706091">
        <ele>18.443703190423548</ele>
        <time>2026-08-06T10:59:59Z</time>
      </trkpt>
      <trkpt lat="32.05199210932806" lon="118.80375559838856">
        <ele>19.368500248529017</ele>
        <time>2026-08-06T11:00:02Z</time>
      </trkpt>
      <trkpt lat="32.05190026130159" lon="118.80385480231244">
        <ele>19.241669193841517</ele>
        <time>2026-08-06T11:00:05Z</time>
      </trkpt>
      <trkpt lat="32.05186950903697" lon="118.8040010937219">
        <ele>18.821548954583704</ele>
        <time>2026-08-06T11:00:11Z</time>
      </trkpt>
      <trkpt lat="32.05187168058624" lon="118.80409928742507">
        <ele>18.810982243157923</ele>
        <time>2026-08-06T11:00:14Z</time>
      </trkpt>
      <trkpt lat="32.0519018585204" lon="118.80419747871139">
        <ele>18.013016239739954</ele>
        <time>2026-08-06T11:00:17Z</time>
      </trkpt>
      <trkpt lat="32.0519750601807" lon="118.80430368206146">
        <ele>19.209961430169642</ele>
        <time>2026-08-06T11:00:20Z</time>
      </trkpt>
      <trkpt lat="32.05203917070567" lon="118.8043587852441">
        <ele>18.92723895702511</ele>
        <time>2026-08-06T11:00:23Z</time>
      </trkpt>
      <trkpt lat="32.05222335707538" lon="118.80444193301446">
        <ele>3.512215153314173</ele>
        <time>2026-08-06T11:00:32Z</time>
      </trkpt>
      <trkpt lat="32.05254358262129" lon="118.80453007832769">
        <ele>14.95061542186886</ele>
        <time>2026-08-06T11:00:47Z</time>
      </trkpt>
      <trkpt lat="32.052828789924895" lon="118.8046122150564">
        <ele>19.178253666497767</ele>
        <time>2026-08-06T11:00:59Z</time>
      </trkpt>
      <trkpt lat="32.05305796727394" lon="118.80468433715173">
        <ele>18.884964481927454</ele>
        <time>2026-08-06T11:01:08Z</time>
      </trkpt>
      <trkpt lat="32.05316196061522" lon="118.8046672937895">
        <ele>18.937813297845423</ele>
        <time>2026-08-06T11:01:11Z</time>
      </trkpt>
      <trkpt lat="32.05323091458347" lon="118.80463221786505">
        <ele>19.11748553905636</ele>
        <time>2026-08-06T11:01:14Z</time>
      </trkpt>
      <trkpt lat="32.05328183124056" lon="118.80457810585901">
        <ele>18.85325671825558</ele>
        <time>2026-08-06T11:01:17Z</time>
      </trkpt>
      <trkpt lat="32.053319715248854" lon="118.80450696133255">
        <ele>18.686790958978236</ele>
        <time>2026-08-06T11:01:20Z</time>
      </trkpt>
      <trkpt lat="32.05333755459359" lon="118.80441277308074">
        <ele>18.464844242669642</ele>
        <time>2026-08-06T11:01:23Z</time>
      </trkpt>
      <trkpt lat="32.05336844945771" lon="118.80434864326749">
        <ele>19.379066959954798</ele>
        <time>2026-08-06T11:01:26Z</time>
      </trkpt>
      <trkpt lat="32.05339127263755" lon="118.80424443497745">
        <ele>14.173790470696986</ele>
        <time>2026-08-06T11:01:29Z</time>
      </trkpt>
      <trkpt lat="32.053328973975724" lon="118.80408111788694">
        <ele>16.335167423821986</ele>
        <time>2026-08-06T11:01:35Z</time>
      </trkpt>
      <trkpt lat="32.05327178147604" lon="118.80397791937838">
        <ele>18.277245060540736</ele>
        <time>2026-08-06T11:01:38Z</time>
      </trkpt>
      <trkpt lat="32.053175613567156" lon="118.80389376216803">
        <ele>18.224396244622767</ele>
        <time>2026-08-06T11:01:44Z</time>
      </trkpt>
      <trkpt lat="32.0530645156127" lon="118.8038516893973">
        <ele>18.507118717767298</ele>
        <time>2026-08-06T11:01:47Z</time>
      </trkpt>
      <trkpt lat="32.0529904991231" lon="118.80385169619919">
        <ele>18.655090824700892</ele>
        <time>2026-08-06T11:01:50Z</time>
      </trkpt>
      <trkpt lat="32.052686251905364" lon="118.80374852078339">
        <ele>18.330086247064173</ele>
        <time>2026-08-06T11:02:02Z</time>
      </trkpt>
      <trkpt lat="32.052481098250034" lon="118.80368641730162">
        <ele>18.485985294915736</ele>
        <time>2026-08-06T11:02:11Z</time>
      </trkpt>
      <trkpt lat="32.05220897841651" lon="118.80365237524931">
        <ele>17.666878239251673</ele>
        <time>2026-08-06T11:02:23Z</time>
      </trkpt>
      <trkpt lat="32.05214695762665" lon="118.8036483730608">
        <ele>17.89939929638058</ele>
        <time>2026-08-06T11:02:26Z</time>
      </trkpt>
      <trkpt lat="32.05202606989262" lon="118.80372854198217">
        <ele>17.96281482372433</ele>
        <time>2026-08-06T11:02:32Z</time>
      </trkpt>
      <trkpt lat="32.05186638100299" lon="118.80392794967376">
        <ele>18.234962956048548</ele>
        <time>2026-08-06T11:02:41Z</time>
      </trkpt>
      <trkpt lat="32.051848504351184" lon="118.80400109565201">
        <ele>18.139847294427454</ele>
        <time>2026-08-06T11:02:44Z</time>
      </trkpt>
      <trkpt lat="32.051854647102" lon="118.80408225534282">
        <ele>18.256104008294642</ele>
        <time>2026-08-06T11:02:47Z</time>
      </trkpt>
      <trkpt lat="32.05194994440923" lon="118.80424055949067">
        <ele>17.447571293450892</ele>
        <time>2026-08-06T11:02:50Z</time>
      </trkpt>
      <trkpt lat="32.05202713127475" lon="118.80433774469839">
        <ele>19.619514958001673</ele>
        <time>2026-08-06T11:02:57Z</time>
      </trkpt>
      <trkpt lat="32.05217628529831" lon="118.80440686787678">
        <ele>18.549393192864954</ele>
        <time>2026-08-06T11:03:03Z</time>
      </trkpt>
      <trkpt lat="32.052274333422815" lon="118.80442188863522">
        <ele>11.341270939446986</ele>
        <time>2026-08-06T11:03:06Z</time>
      </trkpt>
      <trkpt lat="32.0523504169286" lon="118.8044599570713">
        <ele>15.22277118358761</ele>
        <time>2026-08-06T11:03:09Z</time>
      </trkpt>
      <trkpt lat="32.052670645992265" lon="118.80455010638299">
        <ele>20.34349872265011</ele>
        <time>2026-08-06T11:03:21Z</time>
      </trkpt>
      <trkpt lat="32.05299590959062" lon="118.80465929313863">
        <ele>17.84655048046261</ele>
        <time>2026-08-06T11:03:36Z</time>
      </trkpt>
      <trkpt lat="32.05312496114496" lon="118.80467230713188">
        <ele>15.08537341747433</ele>
        <time>2026-08-06T11:03:42Z</time>
      </trkpt>
      <trkpt lat="32.05328785186547" lon="118.80458912716512">
        <ele>17.122566715814173</ele>
        <time>2026-08-06T11:03:51Z</time>
      </trkpt>
      <trkpt lat="32.053387481694635" lon="118.8043646732561">
        <ele>19.13597919140011</ele>
        <time>2026-08-06T11:04:00Z</time>
      </trkpt>
      <trkpt lat="32.05339217845033" lon="118.80419032790147">
        <ele>18.633949772454798</ele>
        <time>2026-08-06T11:04:06Z</time>
      </trkpt>
      <trkpt lat="32.05335094569739" lon="118.80406207826725">
        <ele>18.234962956048548</ele>
        <time>2026-08-06T11:04:12Z</time>
      </trkpt>
      <trkpt lat="32.05327477516481" lon="118.80397391119361">
        <ele>18.78984119091183</ele>
        <time>2026-08-06T11:04:15Z</time>
      </trkpt>
      <trkpt lat="32.05313260921795" lon="118.80389677204825">
        <ele>18.443703190423548</ele>
        <time>2026-08-06T11:04:21Z</time>
      </trkpt>
      <trkpt lat="32.05298048643636" lon="118.80384568526739">
        <ele>17.320740238763392</ele>
        <time>2026-08-06T11:04:27Z</time>
      </trkpt>
      <trkpt lat="32.05282140568749" lon="118.80381964853494">
        <ele>13.008545414544642</ele>
        <time>2026-08-06T11:04:33Z</time>
      </trkpt>
      <trkpt lat="32.05255411800784" lon="118.80368841453651">
        <ele>17.698586002923548</ele>
        <time>2026-08-06T11:04:45Z</time>
      </trkpt>
      <trkpt lat="32.05228195119759" lon="118.80362731924704">
        <ele>17.740860478021204</ele>
        <time>2026-08-06T11:04:54Z</time>
      </trkpt>
      <trkpt lat="32.052135913413814" lon="118.80362432675285">
        <ele>17.952240482904017</ele>
        <time>2026-08-06T11:05:00Z</time>
      </trkpt>
      <trkpt lat="32.05202101306275" lon="118.80369647930928">
        <ele>17.740860478021204</ele>
        <time>2026-08-06T11:05:06Z</time>
      </trkpt>
      <trkpt lat="32.05185032511353" lon="118.80389789185855">
        <ele>18.475410954095423</ele>
        <time>2026-08-06T11:05:15Z</time>
      </trkpt>
      <trkpt lat="32.051829459974726" lon="118.80397805191699">
        <ele>17.677444950677454</ele>
        <time>2026-08-06T11:05:18Z</time>
      </trkpt>
      <trkpt lat="32.051859787976056" lon="118.80416241325227">
        <ele>17.069725529290736</ele>
        <time>2026-08-06T11:05:24Z</time>
      </trkpt>
      <trkpt lat="32.05196309599709" lon="118.80432572678424">
        <ele>17.888824955560267</ele>
        <time>2026-08-06T11:05:30Z</time>
      </trkpt>
      <trkpt lat="32.05203719651607" lon="118.80437381518124">
        <ele>17.331306950189173</ele>
        <time>2026-08-06T11:05:33Z</time>
      </trkpt>
      <trkpt lat="32.052355414540145" lon="118.80445795264171">
        <ele>15.370743290521204</ele>
        <time>2026-08-06T11:05:45Z</time>
      </trkpt>
      <trkpt lat="32.05262066464903" lon="118.8045671447509">
        <ele>18.810982243157923</ele>
        <time>2026-08-06T11:05:57Z</time>
      </trkpt>
      <trkpt lat="32.05290085333171" lon="118.80463926210759">
        <ele>19.38964130077511</ele>
        <time>2026-08-06T11:06:06Z</time>
      </trkpt>
      <trkpt lat="32.05304496262233" lon="118.80468333635781">
        <ele>18.737000004388392</ele>
        <time>2026-08-06T11:06:12Z</time>
      </trkpt>
      <trkpt lat="32.053196947358195" lon="118.80465526671367">
        <ele>18.51768542919308</ele>
        <time>2026-08-06T11:06:18Z</time>
      </trkpt>
      <trkpt lat="32.05326290417137" lon="118.80462219504679">
        <ele>18.874397770501673</ele>
        <time>2026-08-06T11:06:21Z</time>
      </trkpt>
      <trkpt lat="32.05338859922687" lon="118.80443180609862">
        <ele>18.411995426751673</ele>
        <time>2026-08-06T11:06:30Z</time>
      </trkpt>
      <trkpt lat="32.053414352968375" lon="118.80428751808827">
        <ele>18.676224247552454</ele>
        <time>2026-08-06T11:06:36Z</time>
      </trkpt>
      <trkpt lat="32.05340520931489" lon="118.80420635840068">
        <ele>18.91667224559933</ele>
        <time>2026-08-06T11:06:39Z</time>
      </trkpt>
      <trkpt lat="32.05334691163271" lon="118.8040430410432">
        <ele>18.256104008294642</ele>
        <time>2026-08-06T11:06:45Z</time>
      </trkpt>
      <trkpt lat="32.053299749328865" lon="118.80395587330833">
        <ele>18.11870624218136</ele>
        <time>2026-08-06T11:06:48Z</time>
      </trkpt>
      <trkpt lat="32.05323064848977" lon="118.8039067828008">
        <ele>18.203255192376673</ele>
        <time>2026-08-06T11:06:54Z</time>
      </trkpt>
      <trkpt lat="32.05311854507642" lon="118.80386170418673">
        <ele>18.969521061517298</ele>
        <time>2026-08-06T11:06:57Z</time>
      </trkpt>
      <trkpt lat="32.05287843233307" lon="118.80382765909363">
        <ele>18.45427753124386</ele>
        <time>2026-08-06T11:07:09Z</time>
      </trkpt>
      <trkpt lat="32.052620164057714" lon="118.80370644397762">
        <ele>17.257324711419642</ele>
        <time>2026-08-06T11:07:21Z</time>
      </trkpt>
      <trkpt lat="32.0524029816614" lon="118.80362931206778">
        <ele>18.277245060540736</ele>
        <time>2026-08-06T11:07:30Z</time>
      </trkpt>
      <trkpt lat="32.052167932730555" lon="118.80363133761185">
        <ele>18.10813953075558</ele>
        <time>2026-08-06T11:07:39Z</time>
      </trkpt>
      <trkpt lat="32.052091945358" lon="118.8036483781163">
        <ele>16.596756474114954</ele>
        <time>2026-08-06T11:07:42Z</time>
      </trkpt>
      <trkpt lat="32.051977104239846" lon="118.80375459779371">
        <ele>16.144928471185267</ele>
        <time>2026-08-06T11:07:48Z</time>
      </trkpt>
      <trkpt lat="32.05188829348979" lon="118.80387484292346">
        <ele>18.694717899896204</ele>
        <time>2026-08-06T11:07:54Z</time>
      </trkpt>
      <trkpt lat="32.051858421082756" lon="118.80395199784834">
        <ele>18.013016239739954</ele>
        <time>2026-08-06T11:07:57Z</time>
      </trkpt>
      <trkpt lat="32.051852669360244" lon="118.8040952812545">
        <ele>19.209961430169642</ele>
        <time>2026-08-06T11:08:03Z</time>
      </trkpt>
      <trkpt lat="32.051937030708984" lon="118.80429166176442">
        <ele>18.076431767083704</ele>
        <time>2026-08-06T11:08:09Z</time>
      </trkpt>
      <trkpt lat="32.052000144502486" lon="118.8043487689948">
        <ele>18.602242008782923</ele>
        <time>2026-08-06T11:08:12Z</time>
      </trkpt>
      <trkpt lat="32.05227533889957" lon="118.80442489449675">
        <ele>18.78984119091183</ele>
        <time>2026-08-06T11:08:24Z</time>
      </trkpt>
      <trkpt lat="32.05259757713392" lon="118.80452005350395">
        <ele>17.43699695263058</ele>
        <time>2026-08-06T11:08:36Z</time>
      </trkpt>
      <trkpt lat="32.05273371789311" lon="118.80458316615646">
        <ele>17.96281482372433</ele>
        <time>2026-08-06T11:08:42Z</time>
      </trkpt>
      <trkpt lat="32.052815748445376" lon="118.80459017253014">
        <ele>19.891670719720423</ele>
        <time>2026-08-06T11:08:45Z</time>
      </trkpt>
      <trkpt lat="32.05296791387846" lon="118.80466530764156">
        <ele>16.461998478509486</ele>
        <time>2026-08-06T11:08:51Z</time>
      </trkpt>
      <trkpt lat="32.05310198058773" lon="118.80468633708541">
        <ele>18.884964481927454</ele>
        <time>2026-08-06T11:08:57Z</time>
      </trkpt>
      <trkpt lat="32.05319295348507" lon="118.80465927503413">
        <ele>17.952240482904017</ele>
        <time>2026-08-06T11:09:00Z</time>
      </trkpt>
      <trkpt lat="32.05334772499077" lon="118.8045089627309">
        <ele>18.729073063470423</ele>
        <time>2026-08-06T11:09:10Z</time>
      </trkpt>
      <trkpt lat="32.0534154371751" lon="118.80433561316623">
        <ele>18.655090824700892</ele>
        <time>2026-08-06T11:09:16Z</time>
      </trkpt>
      <trkpt lat="32.05342232151557" lon="118.80426847969186">
        <ele>18.85325671825558</ele>
        <time>2026-08-06T11:09:19Z</time>
      </trkpt>
      <trkpt lat="32.05337203245849" lon="118.80410916935236">
        <ele>13.912209049798548</ele>
        <time>2026-08-06T11:09:25Z</time>
      </trkpt>
      <trkpt lat="32.05324575125659" lon="118.80396389408774">
        <ele>18.78984119091183</ele>
        <time>2026-08-06T11:09:34Z</time>
      </trkpt>
      <trkpt lat="32.05306967889712" lon="118.80394487270378">
        <ele>18.821548954583704</ele>
        <time>2026-08-06T11:09:43Z</time>
      </trkpt>
      <trkpt lat="32.0529155207608" lon="118.80387374655157">
        <ele>19.19939471874386</ele>
        <time>2026-08-06T11:09:49Z</time>
      </trkpt>
      <trkpt lat="32.052777340123505" lon="118.80378758939804">
        <ele>18.85325671825558</ele>
        <time>2026-08-06T11:09:55Z</time>
      </trkpt>
      <trkpt lat="32.05245008611571" lon="118.80368341423377">
        <ele>7.618309513665736</ele>
        <time>2026-08-06T11:10:07Z</time>
      </trkpt>
      <trkpt lat="32.05229697020202" lon="118.80363633561224">
        <ele>17.793709293939173</ele>
        <time>2026-08-06T11:10:13Z</time>
      </trkpt>
      <trkpt lat="32.05207297244446" lon="118.80366641535831">
        <ele>18.034149662591517</ele>
        <time>2026-08-06T11:10:22Z</time>
      </trkpt>
      <trkpt lat="32.05200202275117" lon="118.80370449683721">
        <ele>18.023582951165736</ele>
        <time>2026-08-06T11:10:25Z</time>
      </trkpt>
      <trkpt lat="32.05194413868201" lon="118.80377864819775">
        <ele>18.538826481439173</ele>
        <time>2026-08-06T11:10:28Z</time>
      </trkpt>
      <trkpt lat="32.05185347579975" lon="118.803984061575">
        <ele>16.30345966015011</ele>
        <time>2026-08-06T11:10:37Z</time>
      </trkpt>
      <trkpt lat="32.05185965345695" lon="118.80408526082024">
        <ele>18.99065448436886</ele>
        <time>2026-08-06T11:10:40Z</time>
      </trkpt>
      <trkpt lat="32.05193202259599" lon="118.80428765429467">
        <ele>18.45427753124386</ele>
        <time>2026-08-06T11:10:46Z</time>
      </trkpt>
      <trkpt lat="32.051995146887414" lon="118.80435077342091">
        <ele>18.401428715325892</ele>
        <time>2026-08-06T11:10:49Z</time>
      </trkpt>
      <trkpt lat="32.0521322929946" lon="118.80441689176338">
        <ele>17.762001530267298</ele>
        <time>2026-08-06T11:10:55Z</time>
      </trkpt>
      <trkpt lat="32.05237633690758" lon="118.80441085743308">
        <ele>18.507118717767298</ele>
        <time>2026-08-06T11:11:04Z</time>
      </trkpt>
      <trkpt lat="32.05244139168026" lon="118.80443389710197">
        <ele>17.468704716302454</ele>
        <time>2026-08-06T11:11:07Z</time>
      </trkpt>
      <trkpt lat="32.052560582906075" lon="118.80452807279302">
        <ele>19.178253666497767</ele>
        <time>2026-08-06T11:11:13Z</time>
      </trkpt>
      <trkpt lat="32.05270673467089" lon="118.8045961944705">
        <ele>19.12541247997433</ele>
        <time>2026-08-06T11:11:19Z</time>
      </trkpt>
      <trkpt lat="32.05299393546454" lon="118.8046743231478">
        <ele>18.591675297357142</ele>
        <time>2026-08-06T11:11:31Z</time>
      </trkpt>
      <trkpt lat="32.05314699587883" lon="118.80468933891596">
        <ele>18.676224247552454</ele>
        <time>2026-08-06T11:11:37Z</time>
      </trkpt>
      <trkpt lat="32.053289940006444" lon="118.80463922635792">
        <ele>18.04472400341183</ele>
        <time>2026-08-06T11:11:43Z</time>
      </trkpt>
      <trkpt lat="32.05339476875859" lon="118.80452799614565">
        <ele>18.11870624218136</ele>
        <time>2026-08-06T11:11:49Z</time>
      </trkpt>
      <trkpt lat="32.05342457922532" lon="118.80441577103788">
        <ele>15.68517352733761</ele>
        <time>2026-08-06T11:11:52Z</time>
      </trkpt>
      <trkpt lat="32.05341623973759" lon="118.80422238908787">
        <ele>18.768707768060267</ele>
        <time>2026-08-06T11:11:58Z</time>
      </trkpt>
      <trkpt lat="32.05338205040761" lon="118.80411818624877">
        <ele>18.884964481927454</ele>
        <time>2026-08-06T11:12:01Z</time>
      </trkpt>
      <trkpt lat="32.05332087616381" lon="118.80402600980332">
        <ele>15.579483524896204</ele>
        <time>2026-08-06T11:12:04Z</time>
      </trkpt>
      <trkpt lat="32.053252740603384" lon="118.80395687960532">
        <ele>18.359154240228236</ele>
        <time>2026-08-06T11:12:07Z</time>
      </trkpt>
      <trkpt lat="32.05296947701314" lon="118.80384167837818">
        <ele>19.064636723138392</ele>
        <time>2026-08-06T11:12:19Z</time>
      </trkpt>
      <trkpt lat="32.05269325869067" lon="118.80375152606054">
        <ele>18.422569767571986</ele>
        <time>2026-08-06T11:12:31Z</time>
      </trkpt>
      <trkpt lat="32.052385055956094" lon="118.80367440245742">
        <ele>18.768707768060267</ele>
        <time>2026-08-06T11:12:43Z</time>
      </trkpt>
      <trkpt lat="32.052081951828136" lon="118.80365338889483">
        <ele>14.20549823436886</ele>
        <time>2026-08-06T11:12:55Z</time>
      </trkpt>
      <trkpt lat="32.052004988604196" lon="118.80368445710965">
        <ele>18.464844242669642</ele>
        <time>2026-08-06T11:12:58Z</time>
      </trkpt>
      <trkpt lat="32.05189640165081" lon="118.80393596272846">
        <ele>19.336792484857142</ele>
        <time>2026-08-06T11:13:10Z</time>
      </trkpt>
      <trkpt lat="32.051880593533795" lon="118.80404818567793">
        <ele>18.737000004388392</ele>
        <time>2026-08-06T11:13:16Z</time>
      </trkpt>
      <trkpt lat="32.05189585193759" lon="118.8041944733204">
        <ele>19.273376957513392</ele>
        <time>2026-08-06T11:13:19Z</time>
      </trkpt>
      <trkpt lat="32.051983100459154" lon="118.80432572494617">
        <ele>19.379066959954798</ele>
        <time>2026-08-06T11:13:22Z</time>
      </trkpt>
      <trkpt lat="32.05204620552613" lon="118.80437782228894">
        <ele>19.167686955071986</ele>
        <time>2026-08-06T11:13:25Z</time>
      </trkpt>
      <trkpt lat="32.05219231863629" lon="118.8044239001402">
        <ele>19.13597919140011</ele>
        <time>2026-08-06T11:13:31Z</time>
      </trkpt>
      <trkpt lat="32.052281355999654" lon="118.80443391180647">
        <ele>8.23924304638058</ele>
        <time>2026-08-06T11:13:34Z</time>
      </trkpt>
      <trkpt lat="32.05246052205334" lon="118.80450603829178">
        <ele>19.820328251458704</ele>
        <time>2026-08-06T11:13:43Z</time>
      </trkpt>
      <trkpt lat="32.05274070016606" lon="118.8045721436568">
        <ele>18.570534245111048</ele>
        <time>2026-08-06T11:13:55Z</time>
      </trkpt>
      <trkpt lat="32.053007936829545" lon="118.80467331987272">
        <ele>15.22277118358761</ele>
        <time>2026-08-06T11:14:07Z</time>
      </trkpt>
      <trkpt lat="32.053170917004266" lon="118.80464124127013">
        <ele>19.379066959954798</ele>
        <time>2026-08-06T11:14:13Z</time>
      </trkpt>
      <trkpt lat="32.0533257884461" lon="118.80454804221358">
        <ele>18.39086200390011</ele>
        <time>2026-08-06T11:14:19Z</time>
      </trkpt>
      <trkpt lat="32.05339152810116" lon="118.80439072446642">
        <ele>19.083138004876673</ele>
        <time>2026-08-06T11:14:25Z</time>
      </trkpt>
      <trkpt lat="32.05339123242083" lon="118.80422138940439">
        <ele>18.937813297845423</ele>
        <time>2026-08-06T11:14:31Z</time>
      </trkpt>
      <trkpt lat="32.05333094473464" lon="118.80406408406289">
        <ele>18.842690006829798</ele>
        <time>2026-08-06T11:14:37Z</time>
      </trkpt>
      <trkpt lat="32.053235698438236" lon="118.8039348376791">
        <ele>19.032928959466517</ele>
        <time>2026-08-06T11:14:44Z</time>
      </trkpt>
      <trkpt lat="32.05313559419324" lon="118.80388775398957">
        <ele>19.682930485345423</ele>
        <time>2026-08-06T11:14:47Z</time>
      </trkpt>
      <trkpt lat="32.0528404012093" lon="118.80381463691532">
        <ele>18.78984119091183</ele>
        <time>2026-08-06T11:14:59Z</time>
      </trkpt>
      <trkpt lat="32.05271527230321" lon="118.8037565339063">
        <ele>18.464844242669642</ele>
        <time>2026-08-06T11:15:05Z</time>
      </trkpt>
      <trkpt lat="32.052571214076934" lon="118.80374151753988">
        <ele>18.686790958978236</ele>
        <time>2026-08-06T11:15:11Z</time>
      </trkpt>
      <trkpt lat="32.05224597100774" lon="118.80364335410192">
        <ele>18.496552006341517</ele>
        <time>2026-08-06T11:15:23Z</time>
      </trkpt>
      <trkpt lat="32.05215796878117" lon="118.80365338190904">
        <ele>18.655090824700892</ele>
        <time>2026-08-06T11:15:26Z</time>
      </trkpt>
      <trkpt lat="32.05201707833291" lon="118.80373455464867">
        <ele>19.778053776361048</ele>
        <time>2026-08-06T11:15:32Z</time>
      </trkpt>
      <trkpt lat="32.051935188941634" lon="118.80380870825194">
        <ele>19.157120243646204</ele>
        <time>2026-08-06T11:15:35Z</time>
      </trkpt>
      <trkpt lat="32.05188331155274" lon="118.80388586511528">
        <ele>19.283951298333704</ele>
        <time>2026-08-06T11:15:38Z</time>
      </trkpt>
      <trkpt lat="32.051849535991074" lon="118.80401913116022">
        <ele>18.937813297845423</ele>
        <time>2026-08-06T11:15:44Z</time>
      </trkpt>
      <trkpt lat="32.05191294664624" lon="118.80424657478062">
        <ele>18.895531193353236</ele>
        <time>2026-08-06T11:15:50Z</time>
      </trkpt>
      <trkpt lat="32.051965078945344" lon="118.80431570677224">
        <ele>19.104271427728236</ele>
        <time>2026-08-06T11:15:53Z</time>
      </trkpt>
      <trkpt lat="32.05208722342556" lon="118.8043828284398">
        <ele>19.19939471874386</ele>
        <time>2026-08-06T11:15:59Z</time>
      </trkpt>
      <trkpt lat="32.052388453432535" lon="118.80447598534204">
        <ele>17.22825671825558</ele>
        <time>2026-08-06T11:16:11Z</time>
      </trkpt>
      <trkpt lat="32.05265366148654" lon="118.80456112979782">
        <ele>19.001228825189173</ele>
        <time>2026-08-06T11:16:23Z</time>
      </trkpt>
      <trkpt lat="32.052950903071654" lon="118.80466130125066">
        <ele>34.79673816356808</ele>
        <time>2026-08-06T11:16:35Z</time>
      </trkpt>
      <trkpt lat="32.053097993736216" lon="118.80469435336288">
        <ele>18.665657536126673</ele>
        <time>2026-08-06T11:16:41Z</time>
      </trkpt>
      <trkpt lat="32.05323195164667" lon="118.80465325952078">
        <ele>18.758133427239954</ele>
        <time>2026-08-06T11:16:47Z</time>
      </trkpt>
      <trkpt lat="32.05330488897259" lon="118.80460816336121">
        <ele>19.93394519481808</ele>
        <time>2026-08-06T11:16:50Z</time>
      </trkpt>
      <trkpt lat="32.053355796881604" lon="118.80454904144294">
        <ele>18.800415531732142</ele>
        <time>2026-08-06T11:16:53Z</time>
      </trkpt>
      <trkpt lat="32.05341150104405" lon="118.8043726869193">
        <ele>18.602242008782923</ele>
        <time>2026-08-06T11:16:59Z</time>
      </trkpt>
      <trkpt lat="32.05341533919695" lon="118.80427950213833">
        <ele>18.832115666009486</ele>
        <time>2026-08-06T11:17:02Z</time>
      </trkpt>
      <trkpt lat="32.05337804951665" lon="118.80411818661644">
        <ele>18.05529071483761</ele>
        <time>2026-08-06T11:17:09Z</time>
      </trkpt>
      <trkpt lat="32.05326371863074" lon="118.80394285091862">
        <ele>18.747566715814173</ele>
        <time>2026-08-06T11:17:15Z</time>
      </trkpt>
      <trkpt lat="32.05296549703819" lon="118.80385370244758">
        <ele>18.04472400341183</ele>
        <time>2026-08-06T11:17:27Z</time>
      </trkpt>
      <trkpt lat="32.052632241608876" lon="118.80374952772047">
        <ele>18.86382342968136</ele>
        <time>2026-08-06T11:17:42Z</time>
      </trkpt>
      <trkpt lat="32.05241803198789" lon="118.80365636392601">
        <ele>17.952240482904017</ele>
        <time>2026-08-06T11:17:51Z</time>
      </trkpt>
      <trkpt lat="32.05211096351794" lon="118.80365639214502">
        <ele>18.256104008294642</ele>
        <time>2026-08-06T11:18:03Z</time>
      </trkpt>
      <trkpt lat="32.0520379837819" lon="118.80367744026982">
        <ele>14.311188236810267</ele>
        <time>2026-08-06T11:18:06Z</time>
      </trkpt>
      <trkpt lat="32.05192918063318" lon="118.80380470090563">
        <ele>18.747566715814173</ele>
        <time>2026-08-06T11:18:12Z</time>
      </trkpt>
      <trkpt lat="32.05187144840844" lon="118.80396602433079">
        <ele>14.216064945794642</ele>
        <time>2026-08-06T11:18:18Z</time>
      </trkpt>
      <trkpt lat="32.05185858862494" lon="118.80404818769993">
        <ele>18.884964481927454</ele>
        <time>2026-08-06T11:18:21Z</time>
      </trkpt>
      <trkpt lat="32.05187477734306" lon="118.80415439603209">
        <ele>18.694717899896204</ele>
        <time>2026-08-06T11:18:24Z</time>
      </trkpt>
      <trkpt lat="32.05196509819317" lon="118.80432672858336">
        <ele>9.903877750970423</ele>
        <time>2026-08-06T11:18:30Z</time>
      </trkpt>
      <trkpt lat="32.05200315917376" lon="118.80435678458579">
        <ele>18.747566715814173</ele>
        <time>2026-08-06T11:18:33Z</time>
      </trkpt>
      <trkpt lat="32.05227540720952" lon="118.80446397190435">
        <ele>18.937813297845423</ele>
        <time>2026-08-06T11:18:45Z</time>
      </trkpt>
      <trkpt lat="32.052485555667914" lon="118.80452206776904">
        <ele>18.655090824700892</ele>
        <time>2026-08-06T11:18:54Z</time>
      </trkpt>
      <trkpt lat="32.05269666405966" lon="118.80455711789945">
        <ele>15.317894474603236</ele>
        <time>2026-08-06T11:19:03Z</time>
      </trkpt>
      <trkpt lat="32.05282080217332" lon="118.80462023169204">
        <ele>16.522774235345423</ele>
        <time>2026-08-06T11:19:09Z</time>
      </trkpt>
      <trkpt lat="32.053002933960634" lon="118.80467231834376">
        <ele>18.359154240228236</ele>
        <time>2026-08-06T11:19:15Z</time>
      </trkpt>
      <trkpt lat="32.053190939003656" lon="118.80465125931248">
        <ele>18.002441898919642</ele>
        <time>2026-08-06T11:19:24Z</time>
      </trkpt>
      <trkpt lat="32.05329981947022" lon="118.80456908632276">
        <ele>18.665657536126673</ele>
        <time>2026-08-06T11:19:30Z</time>
      </trkpt>
      <trkpt lat="32.053385556530074" lon="118.80440775874776">
        <ele>18.948380009271204</ele>
        <time>2026-08-06T11:19:36Z</time>
      </trkpt>
      <trkpt lat="32.0533992779169" lon="118.80424643820544">
        <ele>15.642891422845423</ele>
        <time>2026-08-06T11:19:42Z</time>
      </trkpt>
      <trkpt lat="32.05338918127804" lon="118.80419233213874">
        <ele>18.874397770501673</ele>
        <time>2026-08-06T11:19:45Z</time>
      </trkpt>
      <trkpt lat="32.05329185224846" lon="118.8040159926889">
        <ele>18.895531193353236</ele>
        <time>2026-08-06T11:19:51Z</time>
      </trkpt>
      <trkpt lat="32.05319163456957" lon="118.80390378045726">
        <ele>18.18212176952511</ele>
        <time>2026-08-06T11:19:57Z</time>
      </trkpt>
      <trkpt lat="32.05286037430317" lon="118.8037965995369">
        <ele>17.90996600780636</ele>
        <time>2026-08-06T11:20:09Z</time>
      </trkpt>
      <trkpt lat="32.052580188221384" lon="118.8037254851406">
        <ele>18.655090824700892</ele>
        <time>2026-08-06T11:20:21Z</time>
      </trkpt>
      <trkpt lat="32.05240607978561" lon="118.80368542222307">
        <ele>19.66179706249386</ele>
        <time>2026-08-06T11:20:27Z</time>
      </trkpt>
      <trkpt lat="32.05225293255128" lon="118.80362030811274">
        <ele>18.04472400341183</ele>
        <time>2026-08-06T11:20:33Z</time>
      </trkpt>
      <trkpt lat="32.05212692706494" lon="118.80363334532365">
        <ele>18.655090824700892</ele>
        <time>2026-08-06T11:20:39Z</time>
      </trkpt>
      <trkpt lat="32.052013007796354" lon="118.8036944760994">
        <ele>18.842690006829798</ele>
        <time>2026-08-06T11:20:42Z</time>
      </trkpt>
      <trkpt lat="32.0519092162502" lon="118.80382774815979">
        <ele>18.895531193353236</ele>
        <time>2026-08-06T11:20:48Z</time>
      </trkpt>
      <trkpt lat="32.05186136419017" lon="118.80391893234602">
        <ele>18.64451648388058</ele>
        <time>2026-08-06T11:20:51Z</time>
      </trkpt>
      <trkpt lat="32.05184949933865" lon="118.80399808962726">
        <ele>18.676224247552454</ele>
        <time>2026-08-06T11:20:54Z</time>
      </trkpt>
      <trkpt lat="32.05191999892769" lon="118.80427563161122">
        <ele>17.920532719232142</ele>
        <time>2026-08-06T11:21:03Z</time>
      </trkpt>
      <trkpt lat="32.05203721927434" lon="118.80438684097037">
        <ele>17.83598376903683</ele>
        <time>2026-08-06T11:21:09Z</time>
      </trkpt>
      <trkpt lat="32.0521923011245" lon="118.80441388029618">
        <ele>18.676224247552454</ele>
        <time>2026-08-06T11:21:15Z</time>
      </trkpt>
      <trkpt lat="32.05245053734825" lon="118.80451605906957">
        <ele>18.129272953607142</ele>
        <time>2026-08-06T11:21:24Z</time>
      </trkpt>
      <trkpt lat="32.052748752801556" lon="118.80460120054704">
        <ele>18.496552006341517</ele>
        <time>2026-08-06T11:21:36Z</time>
      </trkpt>
      <trkpt lat="32.05290582462566" lon="118.80462222785572">
        <ele>16.921753422357142</ele>
        <time>2026-08-06T11:21:42Z</time>
      </trkpt>
      <trkpt lat="32.05297889176646" lon="118.80465127879552">
        <ele>17.080292240716517</ele>
        <time>2026-08-06T11:21:45Z</time>
      </trkpt>
      <trkpt lat="32.05311791923051" lon="118.80464926204509">
        <ele>17.89939929638058</ele>
        <time>2026-08-06T11:21:51Z</time>
      </trkpt>
      <trkpt lat="32.05322990734417" lon="118.8046282100058">
        <ele>17.90996600780636</ele>
        <time>2026-08-06T11:21:54Z</time>
      </trkpt>
      <trkpt lat="32.053299859799374" lon="118.80459213202377">
        <ele>9.705704228021204</ele>
        <time>2026-08-06T11:21:57Z</time>
      </trkpt>
      <trkpt lat="32.05335876424535" lon="118.80453000342659">
        <ele>18.224396244622767</ele>
        <time>2026-08-06T11:22:00Z</time>
      </trkpt>
      <trkpt lat="32.05342645187551" lon="118.80434262603727">
        <ele>18.224396244622767</ele>
        <time>2026-08-06T11:22:06Z</time>
      </trkpt>
      <trkpt lat="32.05343632113568" lon="118.80426647444112">
        <ele>14.33232928905636</ele>
        <time>2026-08-06T11:22:09Z</time>
      </trkpt>
      <trkpt lat="32.05341107084279" lon="118.80412619942045">
        <ele>18.549393192864954</ele>
        <time>2026-08-06T11:22:12Z</time>
      </trkpt>
      <trkpt lat="32.053365875714206" lon="118.80401999379897">
        <ele>18.340652958489954</ele>
        <time>2026-08-06T11:22:15Z</time>
      </trkpt>
      <trkpt lat="32.05330069896439" lon="118.80392681589237">
        <ele>18.150414005853236</ele>
        <time>2026-08-06T11:22:18Z</time>
      </trkpt>
      <trkpt lat="32.053227609459356" lon="118.80388473960583">
        <ele>18.171547428704798</ele>
        <time>2026-08-06T11:22:21Z</time>
      </trkpt>
      <trkpt lat="32.053012575504596" lon="118.80389277517456">
        <ele>15.579483524896204</ele>
        <time>2026-08-06T11:22:30Z</time>
      </trkpt>
      <trkpt lat="32.05271131844319" lon="118.80378358756815">
        <ele>17.415863529779017</ele>
        <time>2026-08-06T11:22:42Z</time>
      </trkpt>
      <trkpt lat="32.05261423062967" lon="118.80374552148105">
        <ele>15.61119128856808</ele>
        <time>2026-08-06T11:22:48Z</time>
      </trkpt>
      <trkpt lat="32.052537108995466" lon="118.80368541018171">
        <ele>15.33903552684933</ele>
        <time>2026-08-06T11:22:51Z</time>
      </trkpt>
      <trkpt lat="32.05235006729761" lon="118.8036854273705">
        <ele>17.78313495311886</ele>
        <time>2026-08-06T11:22:57Z</time>
      </trkpt>
      <trkpt lat="32.052209982119976" lon="118.80365437910122">
        <ele>18.160980717279017</ele>
        <time>2026-08-06T11:23:03Z</time>
      </trkpt>
      <trkpt lat="32.05207799966755" lon="118.80368144448249">
        <ele>18.002441898919642</ele>
        <time>2026-08-06T11:23:06Z</time>
      </trkpt>
      <trkpt lat="32.05199707561241" lon="118.80373555846025">
        <ele>18.359154240228236</ele>
        <time>2026-08-06T11:23:09Z</time>
      </trkpt>
      <trkpt lat="32.051901380091614" lon="118.80392293657485">
        <ele>18.895531193353236</ele>
        <time>2026-08-06T11:23:15Z</time>
      </trkpt>
      <trkpt lat="32.051888637225034" lon="118.80407223242912">
        <ele>19.11748553905636</ele>
        <time>2026-08-06T11:23:21Z</time>
      </trkpt>
      <trkpt lat="32.05192288942825" lon="118.80421250649565">
        <ele>18.013016239739954</ele>
        <time>2026-08-06T11:23:25Z</time>
      </trkpt>
      <trkpt lat="32.05198105102224" lon="118.80429766961504">
        <ele>19.513824955560267</ele>
        <time>2026-08-06T11:23:28Z</time>
      </trkpt>
      <trkpt lat="32.05205116638147" lon="118.80435477620765">
        <ele>18.256104008294642</ele>
        <time>2026-08-06T11:23:31Z</time>
      </trkpt>
      <trkpt lat="32.05231444393811" lon="118.80448000008418">
        <ele>17.793709293939173</ele>
        <time>2026-08-06T11:23:43Z</time>
      </trkpt>
      <trkpt lat="32.052543526540894" lon="118.80449801477803">
        <ele>18.129272953607142</ele>
        <time>2026-08-06T11:23:52Z</time>
      </trkpt>
      <trkpt lat="32.052714720671844" lon="118.80458717585084">
        <ele>17.553261295892298</ele>
        <time>2026-08-06T11:24:01Z</time>
      </trkpt>
      <trkpt lat="32.05298089572102" lon="118.80465328258798">
        <ele>13.700821415521204</ele>
        <time>2026-08-06T11:24:13Z</time>
      </trkpt>
      <trkpt lat="32.053201981809764" lon="118.80467430403243">
        <ele>18.538826481439173</ele>
        <time>2026-08-06T11:24:22Z</time>
      </trkpt>
      <trkpt lat="32.05337578731293" lon="118.80454102371337">
        <ele>15.915047184564173</ele>
        <time>2026-08-06T11:24:31Z</time>
      </trkpt>
      <trkpt lat="32.05340664001778" lon="118.80445284612513">
        <ele>15.296753422357142</ele>
        <time>2026-08-06T11:24:34Z</time>
      </trkpt>
      <trkpt lat="32.05341609816359" lon="118.80414122865837">
        <ele>16.713013187982142</ele>
        <time>2026-08-06T11:24:43Z</time>
      </trkpt>
      <trkpt lat="32.053301777689775" lon="118.80397190475746">
        <ele>16.787003056146204</ele>
        <time>2026-08-06T11:24:52Z</time>
      </trkpt>
      <trkpt lat="32.0531676135285" lon="118.80389476487927">
        <ele>17.635170475579798</ele>
        <time>2026-08-06T11:24:58Z</time>
      </trkpt>
      <trkpt lat="32.05289745399577" lon="118.80383767709615">
        <ele>15.653465763665736</ele>
        <time>2026-08-06T11:25:10Z</time>
      </trkpt>
      <trkpt lat="32.052585164959844" lon="118.80371145705898">
        <ele>17.185982243157923</ele>
        <time>2026-08-06T11:25:25Z</time>
      </trkpt>
      <trkpt lat="32.05250211163609" lon="118.80369142523388">
        <ele>17.814842716790736</ele>
        <time>2026-08-06T11:25:28Z</time>
      </trkpt>
      <trkpt lat="32.05236897581933" lon="118.80363031716458">
        <ele>15.862205998040736</ele>
        <time>2026-08-06T11:25:34Z</time>
      </trkpt>
      <trkpt lat="32.05220590989074" lon="118.80361329863382">
        <ele>17.688011662103236</ele>
        <time>2026-08-06T11:25:43Z</time>
      </trkpt>
      <trkpt lat="32.05213392862639" lon="118.80363334468021">
        <ele>17.751427189446986</ele>
        <time>2026-08-06T11:25:46Z</time>
      </trkpt>
      <trkpt lat="32.052005075655785" lon="118.80373455575166">
        <ele>17.31017352733761</ele>
        <time>2026-08-06T11:25:49Z</time>
      </trkpt>
      <trkpt lat="32.05190936618006" lon="118.803913918053">
        <ele>17.341873661614954</ele>
        <time>2026-08-06T11:25:55Z</time>
      </trkpt>
      <trkpt lat="32.051881511714505" lon="118.80400109261898">
        <ele>17.71971942577511</ele>
        <time>2026-08-06T11:25:58Z</time>
      </trkpt>
      <trkpt lat="32.05188067910112" lon="118.80409728263946">
        <ele>18.369720951654017</ele>
        <time>2026-08-06T11:26:01Z</time>
      </trkpt>
      <trkpt lat="32.051961034314225" lon="118.80429065757637">
        <ele>16.168709293939173</ele>
        <time>2026-08-06T11:26:07Z</time>
      </trkpt>
      <trkpt lat="32.05201917674614" lon="118.80436479898306">
        <ele>13.637405888177454</ele>
        <time>2026-08-06T11:26:10Z</time>
      </trkpt>
      <trkpt lat="32.05207926015914" lon="118.80440487282296">
        <ele>17.394722477532923</ele>
        <time>2026-08-06T11:26:13Z</time>
      </trkpt>
      <trkpt lat="32.05229135822988" lon="118.80443391088744">
        <ele>18.340652958489954</ele>
        <time>2026-08-06T11:26:22Z</time>
      </trkpt>
      <trkpt lat="32.05247649933653" lon="118.80449100703619">
        <ele>18.298378483392298</ele>
        <time>2026-08-06T11:26:31Z</time>
      </trkpt>
      <trkpt lat="32.05264067436754" lon="118.80457014887327">
        <ele>18.002441898919642</ele>
        <time>2026-08-06T11:26:37Z</time>
      </trkpt>
      <trkpt lat="32.052938886361346" lon="118.8046532864478">
        <ele>17.592896000482142</ele>
        <time>2026-08-06T11:26:49Z</time>
      </trkpt>
      <trkpt lat="32.05317094682913" lon="118.80465827506771">
        <ele>18.002441898919642</ele>
        <time>2026-08-06T11:26:58Z</time>
      </trkpt>
      <trkpt lat="32.0532848354157" lon="118.80458010955725">
        <ele>17.635170475579798</ele>
        <time>2026-08-06T11:27:04Z</time>
      </trkpt>
      <trkpt lat="32.05335963830748" lon="118.80445786036978">
        <ele>17.090858952142298</ele>
        <time>2026-08-06T11:27:10Z</time>
      </trkpt>
      <trkpt lat="32.0533864867232" lon="118.80436767929876">
        <ele>18.340652958489954</ele>
        <time>2026-08-06T11:27:13Z</time>
      </trkpt>
      <trkpt lat="32.05338134736743" lon="118.80428852310362">
        <ele>17.196548954583704</ele>
        <time>2026-08-06T11:27:16Z</time>
      </trkpt>
      <trkpt lat="32.05330790294529" lon="118.80404304462787">
        <ele>14.792084232904017</ele>
        <time>2026-08-06T11:27:25Z</time>
      </trkpt>
      <trkpt lat="32.05320065401385" lon="118.80391379939155">
        <ele>16.617897526361048</ele>
        <time>2026-08-06T11:27:31Z</time>
      </trkpt>
      <trkpt lat="32.05302053892965" lon="118.80387073097368">
        <ele>16.985168949700892</ele>
        <time>2026-08-06T11:27:41Z</time>
      </trkpt>
      <trkpt lat="32.052755274252796" lon="118.80375252233517">
        <ele>17.278465763665736</ele>
        <time>2026-08-06T11:27:53Z</time>
      </trkpt>
      <trkpt lat="32.05246809012934" lon="118.80368341257923">
        <ele>17.03801776561886</ele>
        <time>2026-08-06T11:28:08Z</time>
      </trkpt>
      <trkpt lat="32.05231997881139" lon="118.8036383374414">
        <ele>11.36241199169308</ele>
        <time>2026-08-06T11:28:14Z</time>
      </trkpt>
      <trkpt lat="32.052105969363744" lon="118.80366040049256">
        <ele>16.89269305858761</ele>
        <time>2026-08-06T11:28:20Z</time>
      </trkpt>
      <trkpt lat="32.051967086334216" lon="118.80374558095126">
        <ele>17.278465763665736</ele>
        <time>2026-08-06T11:28:26Z</time>
      </trkpt>
      <trkpt lat="32.051897224029496" lon="118.8038337611118">
        <ele>17.458138004876673</ele>
        <time>2026-08-06T11:28:29Z</time>
      </trkpt>
      <trkpt lat="32.05186751731711" lon="118.80400610379411">
        <ele>16.596756474114954</ele>
        <time>2026-08-06T11:28:35Z</time>
      </trkpt>
      <trkpt lat="32.05188982962378" lon="118.8041824501036">
        <ele>17.740860478021204</ele>
        <time>2026-08-06T11:28:41Z</time>
      </trkpt>
      <trkpt lat="32.0519520445522" lon="118.80429767228027">
        <ele>17.196548954583704</ele>
        <time>2026-08-06T11:28:47Z</time>
      </trkpt>
      <trkpt lat="32.052057239493145" lon="118.80439585698792">
        <ele>17.03801776561886</ele>
        <time>2026-08-06T11:28:50Z</time>
      </trkpt>
      <trkpt lat="32.052388483218216" lon="118.80449301909472">
        <ele>17.37358142528683</ele>
        <time>2026-08-06T11:29:02Z</time>
      </trkpt>
      <trkpt lat="32.05260264310428" lon="118.8045571265382">
        <ele>16.787003056146204</ele>
        <time>2026-08-06T11:29:11Z</time>
      </trkpt>
      <trkpt lat="32.052764694996036" lon="118.80456612953033">
        <ele>17.384155766107142</ele>
        <time>2026-08-06T11:29:17Z</time>
      </trkpt>
      <trkpt lat="32.05291082047797" lon="118.80461922143333">
        <ele>17.57439471874386</ele>
        <time>2026-08-06T11:29:23Z</time>
      </trkpt>
      <trkpt lat="32.05297690711115" lon="118.80466029687298">
        <ele>17.405289188958704</ele>
        <time>2026-08-06T11:29:26Z</time>
      </trkpt>
      <trkpt lat="32.05310195075626" lon="118.80466930328033">
        <ele>17.43699695263058</ele>
        <time>2026-08-06T11:29:33Z</time>
      </trkpt>
      <trkpt lat="32.05326489584698" lon="118.8046171849249">
        <ele>16.617897526361048</ele>
        <time>2026-08-06T11:29:39Z</time>
      </trkpt>
      <trkpt lat="32.053342778209434" lon="118.80454002475983">
        <ele>17.616676823236048</ele>
        <time>2026-08-06T11:29:42Z</time>
      </trkpt>
      <trkpt lat="32.05338263642376" lon="118.80445385031587">
        <ele>16.787003056146204</ele>
        <time>2026-08-06T11:29:45Z</time>
      </trkpt>
      <trkpt lat="32.05340736890322" lon="118.80429753855563">
        <ele>15.727448002435267</ele>
        <time>2026-08-06T11:29:51Z</time>
      </trkpt>
      <trkpt lat="32.05336601016154" lon="118.80409714615182">
        <ele>14.311188236810267</ele>
        <time>2026-08-06T11:30:00Z</time>
      </trkpt>
      <trkpt lat="32.0532907839637" lon="118.8039769156547">
        <ele>16.681305424310267</ele>
        <time>2026-08-06T11:30:06Z</time>
      </trkpt>
      <trkpt lat="32.05323269079284" lon="118.80393083004863">
        <ele>14.866066471673548</ele>
        <time>2026-08-06T11:30:09Z</time>
      </trkpt>
      <trkpt lat="32.052945426352935" lon="118.80381562923858">
        <ele>17.16484119091183</ele>
        <time>2026-08-06T11:30:24Z</time>
      </trkpt>
      <trkpt lat="32.05287042183654" lon="118.80382264995511">
        <ele>17.22825671825558</ele>
        <time>2026-08-06T11:30:27Z</time>
      </trkpt>
      <trkpt lat="32.05255319264954" lon="118.80373149946139">
        <ele>16.22947742138058</ele>
        <time>2026-08-06T11:30:42Z</time>
      </trkpt>
      <trkpt lat="32.0522729578897" lon="118.80363232993192">
        <ele>15.410377995111048</ele>
        <time>2026-08-06T11:30:54Z</time>
      </trkpt>
      <trkpt lat="32.052135901235644" lon="118.80361731295326">
        <ele>16.57561542186886</ele>
        <time>2026-08-06T11:31:00Z</time>
      </trkpt>
      <trkpt lat="32.05205392644045" lon="118.80364236977853">
        <ele>15.706306950189173</ele>
        <time>2026-08-06T11:31:03Z</time>
      </trkpt>
      <trkpt lat="32.05194005592992" lon="118.80373155580651">
        <ele>15.381310001946986</ele>
        <time>2026-08-06T11:31:09Z</time>
      </trkpt>
      <trkpt lat="32.051886245976235" lon="118.80384778977297">
        <ele>17.22825671825558</ele>
        <time>2026-08-06T11:31:12Z</time>
      </trkpt>
      <trkpt lat="32.05185952600423" lon="118.804012116396">
        <ele>16.76586200390011</ele>
        <time>2026-08-06T11:31:18Z</time>
      </trkpt>
      <trkpt lat="32.05186170630318" lon="118.80411532001405">
        <ele>16.839844242669642</ele>
        <time>2026-08-06T11:31:21Z</time>
      </trkpt>
      <trkpt lat="32.05193003964375" lon="118.80429767430216">
        <ele>16.839844242669642</ele>
        <time>2026-08-06T11:31:27Z</time>
      </trkpt>
      <trkpt lat="32.052002186957345" lon="118.80437281641417">
        <ele>15.01403094921261</ele>
        <time>2026-08-06T11:31:30Z</time>
      </trkpt>
      <trkpt lat="32.05228842237185" lon="118.80447098460587">
        <ele>14.290047184564173</ele>
        <time>2026-08-06T11:31:42Z</time>
      </trkpt>
      <trkpt lat="32.05257257506549" lon="118.80452205977357">
        <ele>16.89269305858761</ele>
        <time>2026-08-06T11:31:54Z</time>
      </trkpt>
      <trkpt lat="32.052644655973864" lon="118.80455912665161">
        <ele>17.112000004388392</ele>
        <time>2026-08-06T11:31:57Z</time>
      </trkpt>
      <trkpt lat="32.05290572642236" lon="118.80456611657213">
        <ele>17.426430241204798</ele>
        <time>2026-08-06T11:32:09Z</time>
      </trkpt>
      <trkpt lat="32.05302784479709" lon="118.80461820869327">
        <ele>17.217690006829798</ele>
        <time>2026-08-06T11:32:15Z</time>
      </trkpt>
      <trkpt lat="32.05314588161348" lon="118.80462420977469">
        <ele>15.537201420404017</ele>
        <time>2026-08-06T11:32:22Z</time>
      </trkpt>
      <trkpt lat="32.05325984562797" lon="118.8045891297384">
        <ele>17.143707768060267</ele>
        <time>2026-08-06T11:32:25Z</time>
      </trkpt>
      <trkpt lat="32.053374624132076" lon="118.80444783914149">
        <ele>16.240051762200892</ele>
        <time>2026-08-06T11:32:31Z</time>
      </trkpt>
      <trkpt lat="32.05341137504262" lon="118.80430054413551">
        <ele>12.160377995111048</ele>
        <time>2026-08-06T11:32:37Z</time>
      </trkpt>
      <trkpt lat="32.053396203813946" lon="118.80420435526591">
        <ele>16.89269305858761</ele>
        <time>2026-08-06T11:32:40Z</time>
      </trkpt>
      <trkpt lat="32.05336607829063" lon="118.80413622335443">
        <ele>15.780296818353236</ele>
        <time>2026-08-06T11:32:43Z</time>
      </trkpt>
      <trkpt lat="32.05320375236831" lon="118.80396990981085">
        <ele>5.512413517571986</ele>
        <time>2026-08-06T11:32:52Z</time>
      </trkpt>
      <trkpt lat="32.05290737955122" lon="118.80379358929392">
        <ele>16.586189762689173</ele>
        <time>2026-08-06T11:33:07Z</time>
      </trkpt>
      <trkpt lat="32.052604254525235" lon="118.80376055200385">
        <ele>15.695740238763392</ele>
        <time>2026-08-06T11:33:19Z</time>
      </trkpt>
      <trkpt lat="32.0523400546237" lon="118.8036794164553">
        <ele>16.63903094921261</ele>
        <time>2026-08-06T11:33:31Z</time>
      </trkpt>
      <trkpt lat="32.05226697395133" lon="118.8036423501999">
        <ele>16.29289294872433</ele>
        <time>2026-08-06T11:33:34Z</time>
      </trkpt>
      <trkpt lat="32.052135936032315" lon="118.80363735238281">
        <ele>15.809357182122767</ele>
        <time>2026-08-06T11:33:40Z</time>
      </trkpt>
      <trkpt lat="32.0520359728926" lon="118.8036714286201">
        <ele>14.509361759759486</ele>
        <time>2026-08-06T11:33:43Z</time>
      </trkpt>
      <trkpt lat="32.05198004395901" lon="118.8037195284526">
        <ele>16.82927753124386</ele>
        <time>2026-08-06T11:33:46Z</time>
      </trkpt>
      <trkpt lat="32.05190525370168" lon="118.80384979197689">
        <ele>17.299599186517298</ele>
        <time>2026-08-06T11:33:52Z</time>
      </trkpt>
      <trkpt lat="32.051851341031096" lon="118.80390690955083">
        <ele>14.625618473626673</ele>
        <time>2026-08-06T11:33:55Z</time>
      </trkpt>
      <trkpt lat="32.05183645455715" lon="118.8039740433647">
        <ele>17.405289188958704</ele>
        <time>2026-08-06T11:33:58Z</time>
      </trkpt>
      <trkpt lat="32.05184862480733" lon="118.80407023214791">
        <ele>17.133141056634486</ele>
        <time>2026-08-06T11:34:01Z</time>
      </trkpt>
      <trkpt lat="32.05188583047912" lon="118.80418345245182">
        <ele>16.89269305858761</ele>
        <time>2026-08-06T11:34:04Z</time>
      </trkpt>
      <trkpt lat="32.052004154146005" lon="118.80435377854376">
        <ele>17.698586002923548</ele>
        <time>2026-08-06T11:34:10Z</time>
      </trkpt>
      <trkpt lat="32.05231945206143" lon="118.8044840075663">
        <ele>17.289032475091517</ele>
        <time>2026-08-06T11:34:22Z</time>
      </trkpt>
      <trkpt lat="32.05246057813732" lon="118.80453810184545">
        <ele>16.850410954095423</ele>
        <time>2026-08-06T11:34:28Z</time>
      </trkpt>
      <trkpt lat="32.05276578640628" lon="118.80461823277138">
        <ele>17.238831059075892</ele>
        <time>2026-08-06T11:34:40Z</time>
      </trkpt>
      <trkpt lat="32.052832783801016" lon="118.80460820673895">
        <ele>17.50041247997433</ele>
        <time>2026-08-06T11:34:43Z</time>
      </trkpt>
      <trkpt lat="32.05302498800052" lon="118.80470037200463">
        <ele>17.320740238763392</ele>
        <time>2026-08-06T11:34:52Z</time>
      </trkpt>
      <trkpt lat="32.05316102005845" lon="118.8047013614951">
        <ele>17.006310001946986</ele>
        <time>2026-08-06T11:34:58Z</time>
      </trkpt>
      <trkpt lat="32.05330387121227" lon="118.80459814357954">
        <ele>16.797569767571986</ele>
        <time>2026-08-06T11:35:04Z</time>
      </trkpt>
      <trkpt lat="32.05335476685986" lon="118.80453200776664">
        <ele>17.299599186517298</ele>
        <time>2026-08-06T11:35:07Z</time>
      </trkpt>
      <trkpt lat="32.05340944808909" lon="118.80434262759972">
        <ele>16.868912235833704</ele>
        <time>2026-08-06T11:35:13Z</time>
      </trkpt>
      <trkpt lat="32.05335400923522" lon="118.80409814923402">
        <ele>17.603462711907923</ele>
        <time>2026-08-06T11:35:22Z</time>
      </trkpt>
      <trkpt lat="32.053271743091436" lon="118.80395587588198">
        <ele>16.868912235833704</ele>
        <time>2026-08-06T11:35:28Z</time>
      </trkpt>
      <trkpt lat="32.05319560407383" lon="118.80388574452294">
        <ele>9.140259281732142</ele>
        <time>2026-08-06T11:35:31Z</time>
      </trkpt>
      <trkpt lat="32.052865387613984" lon="118.80380361289781">
        <ele>17.635170475579798</ele>
        <time>2026-08-06T11:35:47Z</time>
      </trkpt>
      <trkpt lat="32.05269028589006" lon="118.80376755791522">
        <ele>17.175415531732142</ele>
        <time>2026-08-06T11:35:56Z</time>
      </trkpt>
      <trkpt lat="32.0525101238647" lon="118.80369743633413">
        <ele>17.426430241204798</ele>
        <time>2026-08-06T11:36:05Z</time>
      </trkpt>
      <trkpt lat="32.05232703083848" lon="118.80366739398326">
        <ele>16.461998478509486</ele>
        <time>2026-08-06T11:36:11Z</time>
      </trkpt>
      <trkpt lat="32.05228197729674" lon="118.80364234882111">
        <ele>12.926636234857142</ele>
        <time>2026-08-06T11:36:14Z</time>
      </trkpt>
      <trkpt lat="32.05211492612808" lon="118.80363434839825">
        <ele>15.117081181146204</ele>
        <time>2026-08-06T11:36:20Z</time>
      </trkpt>
      <trkpt lat="32.052051953837" lon="118.80365840151212">
        <ele>17.532120243646204</ele>
        <time>2026-08-06T11:36:23Z</time>
      </trkpt>
      <trkpt lat="32.05200503386647" lon="118.80371050839831">
        <ele>17.96281482372433</ele>
        <time>2026-08-06T11:36:26Z</time>
      </trkpt>
      <trkpt lat="32.05191531694908" lon="118.80388486019832">
        <ele>10.493103520013392</ele>
        <time>2026-08-06T11:36:32Z</time>
      </trkpt>
      <trkpt lat="32.051883505179894" lon="118.80399708452472">
        <ele>14.982323185540736</ele>
        <time>2026-08-06T11:36:35Z</time>
      </trkpt>
      <trkpt lat="32.05190785811108" lon="118.8041964761791">
        <ele>16.953461186029017</ele>
        <time>2026-08-06T11:36:41Z</time>
      </trkpt>
      <trkpt lat="32.05194904388288" lon="118.80429767255598">
        <ele>16.398582951165736</ele>
        <time>2026-08-06T11:36:44Z</time>
      </trkpt>
      <trkpt lat="32.05201718155127" lon="118.80436780511754">
        <ele>16.670738712884486</ele>
        <time>2026-08-06T11:36:47Z</time>
      </trkpt>
      <trkpt lat="32.052161316975514" lon="118.80442690894267">
        <ele>17.196548954583704</ele>
        <time>2026-08-06T11:36:53Z</time>
      </trkpt>
      <trkpt lat="32.052464517688115" lon="118.80450303196686">
        <ele>17.31017352733761</ele>
        <time>2026-08-06T11:37:05Z</time>
      </trkpt>
      <trkpt lat="32.05271774764514" lon="118.80460220538329">
        <ele>18.013016239739954</ele>
        <time>2026-08-06T11:37:17Z</time>
      </trkpt>
      <trkpt lat="32.05278778604818" lon="118.80461522478689">
        <ele>17.77256824169308</ele>
        <time>2026-08-06T11:37:20Z</time>
      </trkpt>
      <trkpt lat="32.052868786563195" lon="118.80460519746829">
        <ele>16.660172001458704</ele>
        <time>2026-08-06T11:37:23Z</time>
      </trkpt>
      <trkpt lat="32.05298991878104" lon="118.80466530561975">
        <ele>15.505493656732142</ele>
        <time>2026-08-06T11:37:29Z</time>
      </trkpt>
      <trkpt lat="32.053242866392026" lon="118.80460315912221">
        <ele>16.596756474114954</ele>
        <time>2026-08-06T11:37:41Z</time>
      </trkpt>
      <trkpt lat="32.053356755036354" lon="118.8045249936796">
        <ele>17.58232165966183</ele>
        <time>2026-08-06T11:37:47Z</time>
      </trkpt>
      <trkpt lat="32.0534026583959" lon="118.8044638683284">
        <ele>17.196548954583704</ele>
        <time>2026-08-06T11:37:50Z</time>
      </trkpt>
      <trkpt lat="32.053429547069946" lon="118.80439673287808">
        <ele>14.509361759759486</ele>
        <time>2026-08-06T11:37:53Z</time>
      </trkpt>
      <trkpt lat="32.05343438541399" lon="118.80430354796924">
        <ele>17.71971942577511</ele>
        <time>2026-08-06T11:37:56Z</time>
      </trkpt>
      <trkpt lat="32.05337804078223" lon="118.80411317671874">
        <ele>16.797569767571986</ele>
        <time>2026-08-06T11:38:03Z</time>
      </trkpt>
      <trkpt lat="32.05334394064594" lon="118.80406007495334">
        <ele>15.915047184564173</ele>
        <time>2026-08-06T11:38:06Z</time>
      </trkpt>
      <trkpt lat="32.05331778997823" lon="118.80397691317297">
        <ele>17.185982243157923</ele>
        <time>2026-08-06T11:38:09Z</time>
      </trkpt>
      <trkpt lat="32.05324663112858" lon="118.80389475761783">
        <ele>16.617897526361048</ele>
        <time>2026-08-06T11:38:12Z</time>
      </trkpt>
      <trkpt lat="32.05316558692879" lon="118.80387973542611">
        <ele>17.16484119091183</ele>
        <time>2026-08-06T11:38:15Z</time>
      </trkpt>
      <trkpt lat="32.053082596333624" lon="118.80389577466813">
        <ele>16.985168949700892</ele>
        <time>2026-08-06T11:38:18Z</time>
      </trkpt>
      <trkpt lat="32.05272033264451" lon="118.80379060055986">
        <ele>16.57561542186886</ele>
        <time>2026-08-06T11:38:33Z</time>
      </trkpt>
      <trkpt lat="32.05262427988636" lon="118.80377257385108">
        <ele>12.99797870311886</ele>
        <time>2026-08-06T11:38:39Z</time>
      </trkpt>
      <trkpt lat="32.05231100290581" lon="118.80365336784551">
        <ele>16.868912235833704</ele>
        <time>2026-08-06T11:38:51Z</time>
      </trkpt>
      <trkpt lat="32.05219691832136" lon="118.80361931128886">
        <ele>3.279694096185267</ele>
        <time>2026-08-06T11:38:57Z</time>
      </trkpt>
      <trkpt lat="32.052075905249055" lon="118.80362733818232">
        <ele>15.106514469720423</ele>
        <time>2026-08-06T11:39:00Z</time>
      </trkpt>
      <trkpt lat="32.0520189795432" lon="118.80367744201625">
        <ele>14.226639286614954</ele>
        <time>2026-08-06T11:39:03Z</time>
      </trkpt>
      <trkpt lat="32.05186542090014" lon="118.80395099522813">
        <ele>17.090858952142298</ele>
        <time>2026-08-06T11:39:15Z</time>
      </trkpt>
      <trkpt lat="32.05186966267418" lon="118.80408926781732">
        <ele>13.272774235345423</ele>
        <time>2026-08-06T11:39:18Z</time>
      </trkpt>
      <trkpt lat="32.05195801790114" lon="118.80428164001172">
        <ele>17.204475895501673</ele>
        <time>2026-08-06T11:39:24Z</time>
      </trkpt>
      <trkpt lat="32.052062205594275" lon="118.80437581685104">
        <ele>16.440865055657923</ele>
        <time>2026-08-06T11:39:30Z</time>
      </trkpt>
      <trkpt lat="32.05219232038754" lon="118.80442490212468">
        <ele>12.746963993646204</ele>
        <time>2026-08-06T11:39:36Z</time>
      </trkpt>
      <trkpt lat="32.05230638259287" lon="118.80444593332577">
        <ele>12.810379520989954</ele>
        <time>2026-08-06T11:39:39Z</time>
      </trkpt>
      <trkpt lat="32.05240647321482" lon="118.8044850015563">
        <ele>16.858337895013392</ele>
        <time>2026-08-06T11:39:42Z</time>
      </trkpt>
      <trkpt lat="32.052476494080025" lon="118.80448800107959">
        <ele>15.064239994622767</ele>
        <time>2026-08-06T11:39:45Z</time>
      </trkpt>
      <trkpt lat="32.05270373750949" lon="118.80459819872071">
        <ele>17.16484119091183</ele>
        <time>2026-08-06T11:39:54Z</time>
      </trkpt>
      <trkpt lat="32.05278478187167" lon="118.80461322108754">
        <ele>17.352448002435267</ele>
        <time>2026-08-06T11:39:57Z</time>
      </trkpt>
      <trkpt lat="32.05289379564253" lon="118.80460719914555">
        <ele>15.904480473138392</ele>
        <time>2026-08-06T11:40:00Z</time>
      </trkpt>
      <trkpt lat="32.05312291157274" lon="118.80464425164536">
        <ele>12.66240741405636</ele>
        <time>2026-08-06T11:40:09Z</time>
      </trkpt>
      <trkpt lat="32.05321187527021" lon="118.80461217985803">
        <ele>16.522774235345423</ele>
        <time>2026-08-06T11:40:12Z</time>
      </trkpt>
      <trkpt lat="32.0533387317484" lon="118.80451397348756">
        <ele>16.932327763177454</ele>
        <time>2026-08-06T11:40:18Z</time>
      </trkpt>
      <trkpt lat="32.05337162171227" lon="118.80444683743234">
        <ele>15.328461186029017</ele>
        <time>2026-08-06T11:40:21Z</time>
      </trkpt>
      <trkpt lat="32.053387481694635" lon="118.8043646732561">
        <ele>16.388016239739954</ele>
        <time>2026-08-06T11:40:24Z</time>
      </trkpt>
      <trkpt lat="32.053362329141045" lon="118.80428050899175">
        <ele>16.839844242669642</ele>
        <time>2026-08-06T11:40:30Z</time>
      </trkpt>
      <trkpt lat="32.05336618839117" lon="118.80419934811857">
        <ele>16.97460223827511</ele>
        <time>2026-08-06T11:40:33Z</time>
      </trkpt>
      <trkpt lat="32.05332796502119" lon="118.80407610808417">
        <ele>16.377449528314173</ele>
        <time>2026-08-06T11:40:36Z</time>
      </trkpt>
      <trkpt lat="32.053203694797816" lon="118.8039368445736">
        <ele>15.759155766107142</ele>
        <time>2026-08-06T11:40:42Z</time>
      </trkpt>
      <trkpt lat="32.05295852162672" lon="118.8038687327215">
        <ele>15.738014713861048</ele>
        <time>2026-08-06T11:40:52Z</time>
      </trkpt>
      <trkpt lat="32.052833370027734" lon="118.80379760399298">
        <ele>16.041878239251673</ele>
        <time>2026-08-06T11:40:58Z</time>
      </trkpt>
      <trkpt lat="32.052525132431796" lon="118.80370044087337">
        <ele>16.208343998529017</ele>
        <time>2026-08-06T11:41:13Z</time>
      </trkpt>
      <trkpt lat="32.05220098533333" lon="118.80365738584435">
        <ele>16.377449528314173</ele>
        <time>2026-08-06T11:41:25Z</time>
      </trkpt>
      <trkpt lat="32.05201102649999" lon="118.80370549798273">
        <ele>17.22825671825558</ele>
        <time>2026-08-06T11:41:34Z</time>
      </trkpt>
      <trkpt lat="32.051972077000656" lon="118.80373956865135">
        <ele>16.56504871044308</ele>
        <time>2026-08-06T11:41:37Z</time>
      </trkpt>
    </trkseg>
  </trk>
</gpx>