<?xml version="1.0" encoding="UTF-8"?>
<gpx xmlns="http://www.topografix.com/GPX/1/1" xmlns:gpxtpx="http://www.garmin.com/xmlschemas/TrackPointExtension/v1" xmlns:xsi="http://www.w3.org/2001/XMLSchema-instance" xsi:schemaLocation="http://www.topografix.com/GPX/1/1 http://www.topografix.com/GPX/1/1/gpx.xsd" version="1.1" creator="gpx.py -- https://github.com/tkrajina/gpxpy">
  <trk>
    <name>gpx from keep</name>
    <type>Run</type>
    <trkseg>
      <trkpt lat="31.230171307877615" lon="121.40038789550442">
        <ele>16.56050328630954</ele>
        <time>2026-07-10T11:09:16Z</time>
      </trkpt>
      <trkpt lat="31.23030523647426" lon="121.40030787148925">
        <ele>22.73813466448337</ele>
        <time>2026-07-10T11:09:16Z</time>
      </trkpt>
      <trkpt lat="31.23058509614266" lon="121.4002138330166">
        <ele>20.098509115166962</ele>
        <time>2026-07-10T11:09:16Z</time>
      </trkpt>
      <trkpt lat="31.23082098005708" lon="121.4001518034207">
        <ele>21.15805653948337</ele>
        <time>2026-07-10T11:09:16Z</time>
      </trkpt>
      <trkpt lat="31.23097689886322" lon="121.40006677778217">
        <ele>17.535501760430634</ele>
        <time>2026-07-10T11:09:16Z</time>
      </trkpt>
      <trkpt lat="31.231189777311357" lon="121.39983272803447">
        <ele>23.179395955987275</ele>
        <time>2026-07-10T11:09:16Z</time>
      </trkpt>
      <trkpt lat="31.231231746186072" lon="121.39970270829478">
        <ele>24.550741476006806</ele>
        <time>2026-07-10T11:09:16Z</time>
      </trkpt>
      <trkpt lat="31.231180752201787" lon="121.39948868820667">
        <ele>22.39464406389743</ele>
        <time>2026-07-10T11:09:16Z</time>
      </trkpt>
      <trkpt lat="31.23109378293085" lon="121.39936068226514">
        <ele>25.211309713311493</ele>
        <time>2026-07-10T11:09:16Z</time>
      </trkpt>
      <trkpt lat="31.231002820362882" lon="121.39929368346127">
        <ele>18.769441884942353</ele>
        <time>2026-07-10T11:09:16Z</time>
      </trkpt>
      <trkpt lat="31.23083889248285" lon="121.39923669221305">
        <ele>21.99565724749118</ele>
        <time>2026-07-10T11:09:16Z</time>
      </trkpt>
      <trkpt lat="31.23077892068322" lon="121.39924269802027">
        <ele>4.551367086358368</ele>
        <time>2026-07-10T11:09:16Z</time>
      </trkpt>
      <trkpt lat="31.230666976111962" lon="121.39929471285555">
        <ele>21.09464101213962</ele>
        <time>2026-07-10T11:09:16Z</time>
      </trkpt>
      <trkpt lat="31.2303801139584" lon="121.39936274472245">
        <ele>21.271673482842743</ele>
        <time>2026-07-10T11:09:16Z</time>
      </trkpt>
      <trkpt lat="31.23004727600229" lon="121.39946478447615">
        <ele>19.39830617327243</ele>
        <time>2026-07-10T11:09:16Z</time>
      </trkpt>
      <trkpt lat="31.229908343137943" lon="121.39949880028972">
        <ele>20.257040304131806</ele>
        <time>2026-07-10T11:09:16Z</time>
      </trkpt>
      <trkpt lat="31.229797404088384" lon="121.39961582314484">
        <ele>19.628179830498993</ele>
        <time>2026-07-10T11:09:16Z</time>
      </trkpt>
      <trkpt lat="31.229743436733035" lon="121.39970483835772">
        <ele>19.115579885430634</ele>
        <time>2026-07-10T11:09:16Z</time>
      </trkpt>
      <trkpt lat="31.229703479240566" lon="121.39996287464719">
        <ele>20.027166646905243</ele>
        <time>2026-07-10T11:09:16Z</time>
      </trkpt>
      <trkpt lat="31.229705488999805" lon="121.40006888896288">
        <ele>20.14078359026462</ele>
        <time>2026-07-10T11:09:16Z</time>
      </trkpt>
      <trkpt lat="31.229733486430096" lon="121.40016790058813">
        <ele>22.38406972307712</ele>
        <time>2026-07-10T11:09:16Z</time>
      </trkpt>
      <trkpt lat="31.229817461674624" lon="121.40029691236666">
        <ele>20.246473592706025</ele>
        <time>2026-07-10T11:09:16Z</time>
      </trkpt>
      <trkpt lat="31.229931420423757" lon="121.40039791799424">
        <ele>21.09464101213962</ele>
        <time>2026-07-10T11:09:16Z</time>
      </trkpt>
      <trkpt lat="31.23007435405913" lon="121.40039790552667">
        <ele>21.04179982561618</ele>
        <time>2026-07-10T11:09:16Z</time>
      </trkpt>
      <trkpt lat="31.230411181793215" lon="121.40025885486018">
        <ele>19.472288412041962</ele>
        <time>2026-07-10T11:09:16Z</time>
      </trkpt>
      <trkpt lat="31.2306890481565" lon="121.40021582424336">
        <ele>20.645460409112275</ele>
        <time>2026-07-10T11:09:16Z</time>
      </trkpt>
      <trkpt lat="31.23095091643285" lon="121.40011978750998">
        <ele>20.037733358331025</ele>
        <time>2026-07-10T11:09:16Z</time>
      </trkpt>
      <trkpt lat="31.231071853116646" lon="121.40004976713736">
        <ele>19.073305410332978</ele>
        <time>2026-07-10T11:09:16Z</time>
      </trkpt>
      <trkpt lat="31.231164796446375" lon="121.39991274054924">
        <ele>20.95989064592868</ele>
        <time>2026-07-10T11:09:16Z</time>
      </trkpt>
      <trkpt lat="31.23121975820823" lon="121.3997757182601">
        <ele>22.405210775323212</ele>
        <time>2026-07-10T11:09:16Z</time>
      </trkpt>
      <trkpt lat="31.231225749486516" lon="121.39970870954045">
        <ele>16.383470815606415</ele>
        <time>2026-07-10T11:09:16Z</time>
      </trkpt>
      <trkpt lat="31.231208747372246" lon="121.39959069715984">
        <ele>17.72310094255954</ele>
        <time>2026-07-10T11:09:16Z</time>
      </trkpt>
      <trkpt lat="31.231082788312687" lon="121.39936468363395">
        <ele>21.200331014581025</ele>
        <time>2026-07-10T11:09:16Z</time>
      </trkpt>
      <trkpt lat="31.23098982672924" lon="121.39929868508945">
        <ele>21.43021230120212</ele>
        <time>2026-07-10T11:09:16Z</time>
      </trkpt>
      <trkpt lat="31.230773923869947" lon="121.39925569971048">
        <ele>-5.462850290350616</ele>
        <time>2026-07-10T11:09:16Z</time>
      </trkpt>
      <trkpt lat="31.230521045317477" lon="121.39931672777271">
        <ele>18.927980703301728</ele>
        <time>2026-07-10T11:09:16Z</time>
      </trkpt>
      <trkpt lat="31.230399106959318" lon="121.399387745643">
        <ele>22.14098195452243</ele>
        <time>2026-07-10T11:09:16Z</time>
      </trkpt>
      <trkpt lat="31.230117240573865" lon="121.39942577420967">
        <ele>20.33103017229587</ele>
        <time>2026-07-10T11:09:16Z</time>
      </trkpt>
      <trkpt lat="31.22996331605987" lon="121.39947879331379">
        <ele>21.533262533135712</ele>
        <time>2026-07-10T11:09:16Z</time>
      </trkpt>
      <trkpt lat="31.229870363850434" lon="121.39953780791551">
        <ele>19.46172170061618</ele>
        <time>2026-07-10T11:09:16Z</time>
      </trkpt>
      <trkpt lat="31.229787410066677" lon="121.39963182587458">
        <ele>11.767416280694306</ele>
        <time>2026-07-10T11:09:16Z</time>
      </trkpt>
      <trkpt lat="31.229727450094348" lon="121.3997718479351">
        <ele>20.68509511370212</ele>
        <time>2026-07-10T11:09:16Z</time>
      </trkpt>
      <trkpt lat="31.22970248630119" lon="121.40002888368714">
        <ele>2.3027899684384465</ele>
        <time>2026-07-10T11:09:16Z</time>
      </trkpt>
      <trkpt lat="31.229723488504604" lon="121.40014389800263">
        <ele>21.50419453997165</ele>
        <time>2026-07-10T11:09:16Z</time>
      </trkpt>
      <trkpt lat="31.229767477287467" lon="121.40022890654755">
        <ele>20.027166646905243</ele>
        <time>2026-07-10T11:09:16Z</time>
      </trkpt>
      <trkpt lat="31.229873438409417" lon="121.40032091113468">
        <ele>20.75907735247165</ele>
        <time>2026-07-10T11:09:16Z</time>
      </trkpt>
      <trkpt lat="31.230098341512786" lon="121.4003859015566">
        <ele>21.564970296807587</ele>
        <time>2026-07-10T11:09:16Z</time>
      </trkpt>
      <trkpt lat="31.23042317959669" lon="121.40028885832176">
        <ele>19.356024068780243</ele>
        <time>2026-07-10T11:09:16Z</time>
      </trkpt>
      <trkpt lat="31.230664061504253" lon="121.40023182878517">
        <ele>5.291204732842743</ele>
        <time>2026-07-10T11:09:16Z</time>
      </trkpt>
      <trkpt lat="31.231008884247363" lon="121.40006877527098">
        <ele>18.455011648125947</ele>
        <time>2026-07-10T11:09:16Z</time>
      </trkpt>
      <trkpt lat="31.231091837893786" lon="121.39999075731436">
        <ele>20.645460409112275</ele>
        <time>2026-07-10T11:09:16Z</time>
      </trkpt>
      <trkpt lat="31.23116079647749" lon="121.399893738413">
        <ele>19.12615041155368</ele>
        <time>2026-07-10T11:09:16Z</time>
      </trkpt>
      <trkpt lat="31.231212756029514" lon="121.39971471139832">
        <ele>20.257040304131806</ele>
        <time>2026-07-10T11:09:16Z</time>
      </trkpt>
      <trkpt lat="31.231202745786305" lon="121.39953669158264">
        <ele>-7.967725473456085</ele>
        <time>2026-07-10T11:09:16Z</time>
      </trkpt>
      <trkpt lat="31.231173751548198" lon="121.39943768332438">
        <ele>22.561102193780243</ele>
        <time>2026-07-10T11:09:16Z</time>
      </trkpt>
      <trkpt lat="31.231086784815673" lon="121.39934168094076">
        <ele>14.552374166436493</ele>
        <time>2026-07-10T11:09:16Z</time>
      </trkpt>
      <trkpt lat="31.23099182525151" lon="121.39929068412415">
        <ele>21.797491353936493</ele>
        <time>2026-07-10T11:09:16Z</time>
      </trkpt>
      <trkpt lat="31.230898866627534" lon="121.39926568978272">
        <ele>12.750341695733368</ele>
        <time>2026-07-10T11:09:16Z</time>
      </trkpt>
      <trkpt lat="31.23063499101292" lon="121.39929571574446">
        <ele>22.92838124651462</ele>
        <time>2026-07-10T11:09:16Z</time>
      </trkpt>
      <trkpt lat="31.230479068990743" lon="121.39937573742691">
        <ele>22.1119215907529</ele>
        <time>2026-07-10T11:09:16Z</time>
      </trkpt>
      <trkpt lat="31.230193206213407" lon="121.39943776885606">
        <ele>21.734075826592743</ele>
        <time>2026-07-10T11:09:16Z</time>
      </trkpt>
      <trkpt lat="31.229902348916617" lon="121.399536805014">
        <ele>23.40927724260837</ele>
        <time>2026-07-10T11:09:16Z</time>
      </trkpt>
      <trkpt lat="31.22983538405491" lon="121.39958681649864">
        <ele>20.999525350518525</ele>
        <time>2026-07-10T11:09:16Z</time>
      </trkpt>
      <trkpt lat="31.229734442398303" lon="121.39972184119623">
        <ele>13.00136021990329</ele>
        <time>2026-07-10T11:09:16Z</time>
      </trkpt>
      <trkpt lat="31.22968448845782" lon="121.39996687683978">
        <ele>21.020658773370087</ele>
        <time>2026-07-10T11:09:16Z</time>
      </trkpt>
      <trkpt lat="31.229734485643263" lon="121.40016490006711">
        <ele>21.472486776299775</ele>
        <time>2026-07-10T11:09:16Z</time>
      </trkpt>
      <trkpt lat="31.229827455112613" lon="121.40027990892742">
        <ele>24.63529042620212</ele>
        <time>2026-07-10T11:09:16Z</time>
      </trkpt>
      <trkpt lat="31.229937413311752" lon="121.40036091170617">
        <ele>22.069639486260712</ele>
        <time>2026-07-10T11:09:16Z</time>
      </trkpt>
      <trkpt lat="31.23009634314501" lon="121.40039190266884">
        <ele>22.151556295342743</ele>
        <time>2026-07-10T11:09:16Z</time>
      </trkpt>
      <trkpt lat="31.23023527341451" lon="121.40034688356221">
        <ele>21.797491353936493</ele>
        <time>2026-07-10T11:09:16Z</time>
      </trkpt>
      <trkpt lat="31.230498141676406" lon="121.40026084757395">
        <ele>13.566805166192353</ele>
        <time>2026-07-10T11:09:16Z</time>
      </trkpt>
      <trkpt lat="31.230785997775136" lon="121.40016580849128">
        <ele>17.041395467706025</ele>
        <time>2026-07-10T11:09:16Z</time>
      </trkpt>
      <trkpt lat="31.230989895745488" lon="121.40009478057193">
        <ele>10.113352102227509</ele>
        <time>2026-07-10T11:09:16Z</time>
      </trkpt>
      <trkpt lat="31.231151804983764" lon="121.39993874511396">
        <ele>22.613951009698212</ele>
        <time>2026-07-10T11:09:16Z</time>
      </trkpt>
      <trkpt lat="31.23119577799429" lon="121.39986973224951">
        <ele>21.10521535295993</ele>
        <time>2026-07-10T11:09:16Z</time>
      </trkpt>
      <trkpt lat="31.23121176454647" lon="121.39980472257844">
        <ele>22.907240194268525</ele>
        <time>2026-07-10T11:09:16Z</time>
      </trkpt>
      <trkpt lat="31.23121574786647" lon="121.39963570175">
        <ele>20.55033711809665</ele>
        <time>2026-07-10T11:09:16Z</time>
      </trkpt>
      <trkpt lat="31.231157760622725" lon="121.39945968707205">
        <ele>20.529196065850556</ele>
        <time>2026-07-10T11:09:16Z</time>
      </trkpt>
      <trkpt lat="31.231062795788564" lon="121.39933968283077">
        <ele>-24.759378152899444</ele>
        <time>2026-07-10T11:09:16Z</time>
      </trkpt>
      <trkpt lat="31.230928852392037" lon="121.39926068668099">
        <ele>19.274114889092743</ele>
        <time>2026-07-10T11:09:16Z</time>
      </trkpt>
      <trkpt lat="31.230801910292445" lon="121.39924669639991">
        <ele>24.352567953057587</ele>
        <time>2026-07-10T11:09:16Z</time>
      </trkpt>
      <trkpt lat="31.230583015047987" lon="121.39929472017934">
        <ele>22.05907277483493</ele>
        <time>2026-07-10T11:09:16Z</time>
      </trkpt>
      <trkpt lat="31.230533043231837" lon="121.39936573169028">
        <ele>23.839964193291962</ele>
        <time>2026-07-10T11:09:16Z</time>
      </trkpt>
      <trkpt lat="31.230376116897233" lon="121.39937774661352">
        <ele>24.90744618792087</ele>
        <time>2026-07-10T11:09:16Z</time>
      </trkpt>
      <trkpt lat="31.230245181415665" lon="121.39942876336721">
        <ele>21.50419453997165</ele>
        <time>2026-07-10T11:09:16Z</time>
      </trkpt>
      <trkpt lat="31.230169216447926" lon="121.39942576967597">
        <ele>-32.440469461493194</ele>
        <time>2026-07-10T11:09:16Z</time>
      </trkpt>
      <trkpt lat="31.229889355190075" lon="121.3995398064823">
        <ele>3.819456380791962</ele>
        <time>2026-07-10T11:09:16Z</time>
      </trkpt>
      <trkpt lat="31.229762428434206" lon="121.39971083742435">
        <ele>21.85033254045993</ele>
        <time>2026-07-10T11:09:16Z</time>
      </trkpt>
      <trkpt lat="31.229702470454882" lon="121.39986686212065">
        <ele>20.68509511370212</ele>
        <time>2026-07-10T11:09:16Z</time>
      </trkpt>
      <trkpt lat="31.229693483097765" lon="121.3999548744494">
        <ele>20.518629354424775</ele>
        <time>2026-07-10T11:09:16Z</time>
      </trkpt>
      <trkpt lat="31.22970948652411" lon="121.40006288777819">
        <ele>19.9426100673154</ele>
        <time>2026-07-10T11:09:16Z</time>
      </trkpt>
      <trkpt lat="31.229762476429727" lon="121.40019990271665">
        <ele>10.636522573418915</ele>
        <time>2026-07-10T11:09:16Z</time>
      </trkpt>
      <trkpt lat="31.22990542781675" lon="121.40035791403186">
        <ele>15.242006582207978</ele>
        <time>2026-07-10T11:09:16Z</time>
      </trkpt>
      <trkpt lat="31.22999439000844" lon="121.40038791093635">
        <ele>16.026762288995087</ele>
        <time>2026-07-10T11:09:16Z</time>
      </trkpt>
      <trkpt lat="31.230294244894438" lon="121.40033687687982">
        <ele>23.40927724260837</ele>
        <time>2026-07-10T11:09:16Z</time>
      </trkpt>
      <trkpt lat="31.23059109358061" lon="121.40021583278778">
        <ele>23.02086476702243</ele>
        <time>2026-07-10T11:09:16Z</time>
      </trkpt>
      <trkpt lat="31.23086096131028" lon="121.40014979964556">
        <ele>22.33122853655368</ele>
        <time>2026-07-10T11:09:16Z</time>
      </trkpt>
      <trkpt lat="31.23104686387766" lon="121.40004176821087">
        <ele>22.006231588311493</ele>
        <time>2026-07-10T11:09:16Z</time>
      </trkpt>
      <trkpt lat="31.231132813587077" lon="121.39993674650536">
        <ele>16.42574529070407</ele>
        <time>2026-07-10T11:09:16Z</time>
      </trkpt>
      <trkpt lat="31.231195770133702" lon="121.39978472147165">
        <ele>20.854193014092743</ele>
        <time>2026-07-10T11:09:16Z</time>
      </trkpt>
      <trkpt lat="31.231195756038176" lon="121.39962270198053">
        <ele>19.303182882256806</ele>
        <time>2026-07-10T11:09:16Z</time>
      </trkpt>
      <trkpt lat="31.231151765474863" lon="121.39948669051722">
        <ele>21.533262533135712</ele>
        <time>2026-07-10T11:09:16Z</time>
      </trkpt>
      <trkpt lat="31.231049801172922" lon="121.39933068305534">
        <ele>22.33122853655368</ele>
        <time>2026-07-10T11:09:16Z</time>
      </trkpt>
      <trkpt lat="31.23092985206371" lon="121.39926268678806">
        <ele>23.232244771905243</ele>
        <time>2026-07-10T11:09:16Z</time>
      </trkpt>
      <trkpt lat="31.230738939352655" lon="121.39924470170021">
        <ele>13.326357168145478</ele>
        <time>2026-07-10T11:09:16Z</time>
      </trkpt>
      <trkpt lat="31.23050205510919" lon="121.39933073083466">
        <ele>22.635092061944306</ele>
        <time>2026-07-10T11:09:16Z</time>
      </trkpt>
      <trkpt lat="31.23040710383517" lon="121.39939574577711">
        <ele>10.145059865899384</ele>
        <time>2026-07-10T11:09:16Z</time>
      </trkpt>
      <trkpt lat="31.230147228157808" lon="121.39944577371921">
        <ele>22.645658773370087</ele>
        <time>2026-07-10T11:09:16Z</time>
      </trkpt>
      <trkpt lat="31.230075263929724" lon="121.39947678333203">
        <ele>22.73813466448337</ele>
        <time>2026-07-10T11:09:16Z</time>
      </trkpt>
      <trkpt lat="31.23000329795879" lon="121.39948479047835">
        <ele>10.73164586443454</ele>
        <time>2026-07-10T11:09:16Z</time>
      </trkpt>
      <trkpt lat="31.2299253369725" lon="121.39952080123058">
        <ele>22.86496571917087</ele>
        <time>2026-07-10T11:09:16Z</time>
      </trkpt>
      <trkpt lat="31.229777419645767" lon="121.39968983359381">
        <ele>12.029001516290009</ele>
        <time>2026-07-10T11:09:16Z</time>
      </trkpt>
      <trkpt lat="31.229681482957872" lon="121.3998958677109">
        <ele>9.833273214288056</ele>
        <time>2026-07-10T11:09:16Z</time>
      </trkpt>
      <trkpt lat="31.229752473552406" lon="121.40012989347146">
        <ele>20.43407277483493</ele>
        <time>2026-07-10T11:09:16Z</time>
      </trkpt>
      <trkpt lat="31.22989342844017" lon="121.40031490847554">
        <ele>19.67046193499118</ele>
        <time>2026-07-10T11:09:16Z</time>
      </trkpt>
      <trkpt lat="31.22994540763084" lon="121.40034390838409">
        <ele>22.027365011163056</ele>
        <time>2026-07-10T11:09:16Z</time>
      </trkpt>
      <trkpt lat="31.23008334613705" lon="121.4003658997519">
        <ele>19.81578664202243</ele>
        <time>2026-07-10T11:09:16Z</time>
      </trkpt>
      <trkpt lat="31.230301240155622" lon="121.40032387427749">
        <ele>19.974317830987275</ele>
        <time>2026-07-10T11:09:16Z</time>
      </trkpt>
      <trkpt lat="31.230602088920687" lon="121.40021983241797">
        <ele>18.832857412286103</ele>
        <time>2026-07-10T11:09:16Z</time>
      </trkpt>
      <trkpt lat="31.230848968799094" lon="121.40016780328769">
        <ele>20.07736806292087</ele>
        <time>2026-07-10T11:09:16Z</time>
      </trkpt>
      <trkpt lat="31.231040867781" lon="121.40005277025591">
        <ele>21.387937826104462</ele>
        <time>2026-07-10T11:09:16Z</time>
      </trkpt>
      <trkpt lat="31.231193777135466" lon="121.3998507299818">
        <ele>20.21476582903415</ele>
        <time>2026-07-10T11:09:16Z</time>
      </trkpt>
      <trkpt lat="31.231199758755587" lon="121.39967670797577">
        <ele>19.115579885430634</ele>
        <time>2026-07-10T11:09:16Z</time>
      </trkpt>
      <trkpt lat="31.231167760487104" lon="121.39951769252423">
        <ele>18.415376943536103</ele>
        <time>2026-07-10T11:09:16Z</time>
      </trkpt>
      <trkpt lat="31.23113576967163" lon="121.39944468738341">
        <ele>18.518427175469697</ele>
        <time>2026-07-10T11:09:16Z</time>
      </trkpt>
      <trkpt lat="31.231051801024922" lon="121.3993416839924">
        <ele>18.476148885674775</ele>
        <time>2026-07-10T11:09:16Z</time>
      </trkpt>
      <trkpt lat="31.23094384652771" lon="121.39927668693318">
        <ele>18.40481023211032</ele>
        <time>2026-07-10T11:09:16Z</time>
      </trkpt>
      <trkpt lat="31.230822900562007" lon="121.39924669456896">
        <ele>18.49728993792087</ele>
        <time>2026-07-10T11:09:16Z</time>
      </trkpt>
      <trkpt lat="31.230753933070737" lon="121.39925470135746">
        <ele>17.23163823504001</ele>
        <time>2026-07-10T11:09:16Z</time>
      </trkpt>
      <trkpt lat="31.230549034453134" lon="121.39934672835558">
        <ele>24.624723714776337</ele>
        <time>2026-07-10T11:09:16Z</time>
      </trkpt>
      <trkpt lat="31.23046507475924" lon="121.39936573761904">
        <ele>7.981039327569306</ele>
        <time>2026-07-10T11:09:16Z</time>
      </trkpt>
      <trkpt lat="31.230390112676286" lon="121.39940874861779">
        <ele>23.903379720635712</ele>
        <time>2026-07-10T11:09:16Z</time>
      </trkpt>
      <trkpt lat="31.230256175715844" lon="121.39942076156272">
        <ele>21.052366537041962</ele>
        <time>2026-07-10T11:09:16Z</time>
      </trkpt>
      <trkpt lat="31.22998930726827" lon="121.39952079565069">
        <ele>10.102785390801728</ele>
        <time>2026-07-10T11:09:16Z</time>
      </trkpt>
      <trkpt lat="31.229774420521096" lon="121.39968383313884">
        <ele>21.76578359026462</ele>
        <time>2026-07-10T11:09:16Z</time>
      </trkpt>
      <trkpt lat="31.22971046346918" lon="121.3998318569448">
        <ele>20.130216878838837</ele>
        <time>2026-07-10T11:09:16Z</time>
      </trkpt>
      <trkpt lat="31.229688482689433" lon="121.39992687116809">
        <ele>20.843626302666962</ele>
        <time>2026-07-10T11:09:16Z</time>
      </trkpt>
      <trkpt lat="31.229703491066168" lon="121.40007989067475">
        <ele>20.539762777276337</ele>
        <time>2026-07-10T11:09:16Z</time>
      </trkpt>
      <trkpt lat="31.22976947602825" lon="121.40022590592973">
        <ele>-5.534192758612335</ele>
        <time>2026-07-10T11:09:16Z</time>
      </trkpt>
      <trkpt lat="31.22984845116058" lon="121.40033091484428">
        <ele>12.45704869646579</ele>
        <time>2026-07-10T11:09:16Z</time>
      </trkpt>
      <trkpt lat="31.22995240879811" lon="121.40038191366155">
        <ele>18.29911641497165</ele>
        <time>2026-07-10T11:09:16Z</time>
      </trkpt>
      <trkpt lat="31.230145317835582" lon="121.40036989496718">
        <ele>3.880228322930634</ele>
        <time>2026-07-10T11:09:16Z</time>
      </trkpt>
      <trkpt lat="31.23043716828975" lon="121.40024585065464">
        <ele>17.797086996026337</ele>
        <time>2026-07-10T11:09:16Z</time>
      </trkpt>
      <trkpt lat="31.23057910002233" lon="121.4002238350134">
        <ele>22.635092061944306</ele>
        <time>2026-07-10T11:09:16Z</time>
      </trkpt>
      <trkpt lat="31.230842969543282" lon="121.40014880107124">
        <ele>22.299520772881806</ele>
        <time>2026-07-10T11:09:16Z</time>
      </trkpt>
      <trkpt lat="31.231046866337962" lon="121.40006577153959">
        <ele>19.282041830010712</ele>
        <time>2026-07-10T11:09:16Z</time>
      </trkpt>
      <trkpt lat="31.231167793522708" lon="121.39989673819379">
        <ele>20.465780538506806</ele>
        <time>2026-07-10T11:09:16Z</time>
      </trkpt>
      <trkpt lat="31.23120876026002" lon="121.39974171503032">
        <ele>22.970655721612275</ele>
        <time>2026-07-10T11:09:16Z</time>
      </trkpt>
      <trkpt lat="31.231195751274004" lon="121.39956469533702">
        <ele>21.670660299248993</ele>
        <time>2026-07-10T11:09:16Z</time>
      </trkpt>
      <trkpt lat="31.231170756599752" lon="121.39948568875171">
        <ele>16.43631581682712</ele>
        <time>2026-07-10T11:09:16Z</time>
      </trkpt>
      <trkpt lat="31.231038806479233" lon="121.39933368431691">
        <ele>13.807253164239228</ele>
        <time>2026-07-10T11:09:16Z</time>
      </trkpt>
      <trkpt lat="31.230820901689288" lon="121.39924969503262">
        <ele>14.697698873467743</ele>
        <time>2026-07-10T11:09:16Z</time>
      </trkpt>
      <trkpt lat="31.230752933265897" lon="121.39925070105798">
        <ele>18.885702413506806</ele>
        <time>2026-07-10T11:09:16Z</time>
      </trkpt>
      <trkpt lat="31.230466073219688" lon="121.39935073599895">
        <ele>14.311926168389618</ele>
        <time>2026-07-10T11:09:16Z</time>
      </trkpt>
      <trkpt lat="31.230241183121546" lon="121.3994267635043">
        <ele>14.906439107842743</ele>
        <time>2026-07-10T11:09:16Z</time>
      </trkpt>
      <trkpt lat="31.22992833558003" lon="121.39952080096903">
        <ele>21.147489828057587</ele>
        <time>2026-07-10T11:09:16Z</time>
      </trkpt>
      <trkpt lat="31.229865367050465" lon="121.39954880958227">
        <ele>23.861105245538056</ele>
        <time>2026-07-10T11:09:16Z</time>
      </trkpt>
      <trkpt lat="31.229765422815735" lon="121.39966183131236">
        <ele>18.927980703301728</ele>
        <time>2026-07-10T11:09:16Z</time>
      </trkpt>
      <trkpt lat="31.229678483208048" lon="121.3998838664115">
        <ele>21.052366537041962</ele>
        <time>2026-07-10T11:09:16Z</time>
      </trkpt>
      <trkpt lat="31.22967648923304" lon="121.39993687353717">
        <ele>7.907053274102509</ele>
        <time>2026-07-10T11:09:16Z</time>
      </trkpt>
      <trkpt lat="31.229788461755184" lon="121.40017589695212">
        <ele>7.5397780360654</ele>
        <time>2026-07-10T11:09:16Z</time>
      </trkpt>
      <trkpt lat="31.22995240507492" lon="121.40034990869839">
        <ele>19.554197591729462</ele>
        <time>2026-07-10T11:09:16Z</time>
      </trkpt>
      <trkpt lat="31.230129325142546" lon="121.40036889620687">
        <ele>21.564970296807587</ele>
        <time>2026-07-10T11:09:16Z</time>
      </trkpt>
      <trkpt lat="31.230460164593854" lon="121.40030785797526">
        <ele>20.26761464495212</ele>
        <time>2026-07-10T11:09:16Z</time>
      </trkpt>
      <trkpt lat="31.23055211375219" lon="121.4002348389946">
        <ele>19.482855123467743</ele>
        <time>2026-07-10T11:09:16Z</time>
      </trkpt>
      <trkpt lat="31.230854963663447" lon="121.40014579959414">
        <ele>17.691393178887665</ele>
        <time>2026-07-10T11:09:16Z</time>
      </trkpt>
      <trkpt lat="31.230994894056302" lon="121.40010078098203">
        <ele>18.172289174981415</ele>
        <time>2026-07-10T11:09:16Z</time>
      </trkpt>
      <trkpt lat="31.23105985939158" lon="121.4000567691543">
        <ele>20.748503011651337</ele>
        <time>2026-07-10T11:09:16Z</time>
      </trkpt>
      <trkpt lat="31.231183784875824" lon="121.39988373510735">
        <ele>18.20399693865329</ele>
        <time>2026-07-10T11:09:16Z</time>
      </trkpt>
      <trkpt lat="31.23120576209302" lon="121.39974671590409">
        <ele>20.299322408623993</ele>
        <time>2026-07-10T11:09:16Z</time>
      </trkpt>
      <trkpt lat="31.23120574983108" lon="121.39960369891287">
        <ele>10.607458394952118</ele>
        <time>2026-07-10T11:09:16Z</time>
      </trkpt>
      <trkpt lat="31.231170757687167" lon="121.39949969028115">
        <ele>16.21436528582126</ele>
        <time>2026-07-10T11:09:16Z</time>
      </trkpt>
      <trkpt lat="31.23111377672512" lon="121.39940268486524">
        <ele>19.649320882745087</ele>
        <time>2026-07-10T11:09:16Z</time>
      </trkpt>
      <trkpt lat="31.230990826196972" lon="121.39929768490322">
        <ele>20.257040304131806</ele>
        <time>2026-07-10T11:09:16Z</time>
      </trkpt>
      <trkpt lat="31.230715951964697" lon="121.3992737065187">
        <ele>18.49728993792087</ele>
        <time>2026-07-10T11:09:16Z</time>
      </trkpt>
      <trkpt lat="31.23057202153443" lon="121.3993147231262">
        <ele>19.60704640764743</ele>
        <time>2026-07-10T11:09:16Z</time>
      </trkpt>
      <trkpt lat="31.230496059524434" lon="121.39935373368895">
        <ele>20.246473592706025</ele>
        <time>2026-07-10T11:09:16Z</time>
      </trkpt>
      <trkpt lat="31.230145229767864" lon="121.39945477485674">
        <ele>18.906839651055634</ele>
        <time>2026-07-10T11:09:16Z</time>
      </trkpt>
      <trkpt lat="31.22997631267176" lon="121.39951279590007">
        <ele>14.843023580498993</ele>
        <time>2026-07-10T11:09:16Z</time>
      </trkpt>
      <trkpt lat="31.229779415635797" lon="121.39965382914855">
        <ele>13.170465749688447</ele>
        <time>2026-07-10T11:09:16Z</time>
      </trkpt>
      <trkpt lat="31.229722452776485" lon="121.39977584886698">
        <ele>-1.9195611057803035</ele>
        <time>2026-07-10T11:09:16Z</time>
      </trkpt>
      <trkpt lat="31.229725475013527" lon="121.40002288085854">
        <ele>15.054407400079072</ele>
        <time>2026-07-10T11:09:16Z</time>
      </trkpt>
      <trkpt lat="31.229769467465605" lon="121.40014689442263">
        <ele>10.073721212334931</ele>
        <time>2026-07-10T11:09:16Z</time>
      </trkpt>
      <trkpt lat="31.229853442705103" lon="121.4002769062091">
        <ele>19.72330312151462</ele>
        <time>2026-07-10T11:09:16Z</time>
      </trkpt>
      <trkpt lat="31.22992641748983" lon="121.40035291142823">
        <ele>8.242624563165009</ele>
        <time>2026-07-10T11:09:16Z</time>
      </trkpt>
      <trkpt lat="31.229987392553976" lon="121.40038191061005">
        <ele>19.807859701104462</ele>
        <time>2026-07-10T11:09:16Z</time>
      </trkpt>
      <trkpt lat="31.230167308328653" lon="121.40037589398189">
        <ele>13.566805166192353</ele>
        <time>2026-07-10T11:09:16Z</time>
      </trkpt>
      <trkpt lat="31.230431176452274" lon="121.40029385838017">
        <ele>15.231436056084931</ele>
        <time>2026-07-10T11:09:16Z</time>
      </trkpt>
      <trkpt lat="31.230519129383" lon="121.40023784231664">
        <ele>16.193224233575165</ele>
        <time>2026-07-10T11:09:16Z</time>
      </trkpt>
      <trkpt lat="31.23079599573363" lon="121.40018981110453">
        <ele>16.330625814385712</ele>
        <time>2026-07-10T11:09:16Z</time>
      </trkpt>
      <trkpt lat="31.231107833192887" lon="121.4000177595939">
        <ele>16.01619176287204</ele>
        <time>2026-07-10T11:09:16Z</time>
      </trkpt>
      <trkpt lat="31.231196775839987" lon="121.3998517298483">
        <ele>17.524931234307587</ele>
        <time>2026-07-10T11:09:16Z</time>
      </trkpt>
      <trkpt lat="31.231214760342862" lon="121.39977371844797">
        <ele>15.744039815850556</ele>
        <time>2026-07-10T11:09:16Z</time>
      </trkpt>
      <trkpt lat="31.23120675153021" lon="121.39962970183517">
        <ele>16.01619176287204</ele>
        <time>2026-07-10T11:09:16Z</time>
      </trkpt>
      <trkpt lat="31.231122773742165" lon="121.39941868575966">
        <ele>18.927980703301728</ele>
        <time>2026-07-10T11:09:16Z</time>
      </trkpt>
      <trkpt lat="31.231078789733854" lon="121.39935868336845">
        <ele>10.900751394219697</ele>
        <time>2026-07-10T11:09:16Z</time>
      </trkpt>
      <trkpt lat="31.230965837157406" lon="121.39928868619387">
        <ele>14.687128347344697</ele>
        <time>2026-07-10T11:09:16Z</time>
      </trkpt>
      <trkpt lat="31.230893868943923" lon="121.39926569021867">
        <ele>9.267824453301728</ele>
        <time>2026-07-10T11:09:16Z</time>
      </trkpt>
      <trkpt lat="31.230681966304196" lon="121.39925270744158">
        <ele>18.602979940362275</ele>
        <time>2026-07-10T11:09:16Z</time>
      </trkpt>
      <trkpt lat="31.230554027736243" lon="121.39928372162343">
        <ele>17.56456593889743</ele>
        <time>2026-07-10T11:09:16Z</time>
      </trkpt>
      <trkpt lat="31.230410103846275" lon="121.39941474750404">
        <ele>18.465582174248993</ele>
        <time>2026-07-10T11:09:16Z</time>
      </trkpt>
      <trkpt lat="31.23035212985599" lon="121.3994027513028">
        <ele>13.7861159266904</ele>
        <time>2026-07-10T11:09:16Z</time>
      </trkpt>
      <trkpt lat="31.230102252250767" lon="121.39948778217364">
        <ele>16.182657522149384</ele>
        <time>2026-07-10T11:09:16Z</time>
      </trkpt>
      <trkpt lat="31.23005027653485" lon="121.3994897869254">
        <ele>18.373102468438447</ele>
        <time>2026-07-10T11:09:16Z</time>
      </trkpt>
      <trkpt lat="31.229889356955344" lon="121.39956180895261">
        <ele>17.366396230645478</ele>
        <time>2026-07-10T11:09:16Z</time>
      </trkpt>
      <trkpt lat="31.229769424748046" lon="121.3997058362113">
        <ele>-35.95205088239163</ele>
        <time>2026-07-10T11:09:16Z</time>
      </trkpt>
      <trkpt lat="31.22973145104894" lon="121.39980285145201">
        <ele>20.172491353936493</ele>
        <time>2026-07-10T11:09:16Z</time>
      </trkpt>
      <trkpt lat="31.229720476628337" lon="121.40001588033628">
        <ele>18.737734121270478</ele>
        <time>2026-07-10T11:09:16Z</time>
      </trkpt>
      <trkpt lat="31.229779466906855" lon="121.40018489904489">
        <ele>17.92127446550876</ele>
        <time>2026-07-10T11:09:16Z</time>
      </trkpt>
      <trkpt lat="31.229914423407298" lon="121.40035591293793">
        <ele>14.602575582452118</ele>
        <time>2026-07-10T11:09:16Z</time>
      </trkpt>
      <trkpt lat="31.229975399413608" lon="121.40039291337482">
        <ele>8.755224508233368</ele>
        <time>2026-07-10T11:09:16Z</time>
      </trkpt>
      <trkpt lat="31.230109339235288" lon="121.40040990436034">
        <ele>20.582044881768525</ele>
        <time>2026-07-10T11:09:16Z</time>
      </trkpt>
      <trkpt lat="31.230249271341584" lon="121.40038488823535">
        <ele>18.455011648125947</ele>
        <time>2026-07-10T11:09:16Z</time>
      </trkpt>
      <trkpt lat="31.2305251271552" lon="121.40024284253602">
        <ele>19.776151937432587</ele>
        <time>2026-07-10T11:09:16Z</time>
      </trkpt>
      <trkpt lat="31.23080798779606" lon="121.40016780686241">
        <ele>9.936319631524384</ele>
        <time>2026-07-10T11:09:16Z</time>
      </trkpt>
      <trkpt lat="31.230972905294873" lon="121.40011078431448">
        <ele>20.716795247979462</ele>
        <time>2026-07-10T11:09:16Z</time>
      </trkpt>
      <trkpt lat="31.23107585136653" lon="121.40005076692711">
        <ele>19.408872884698212</ele>
        <time>2026-07-10T11:09:16Z</time>
      </trkpt>
      <trkpt lat="31.231192782234043" lon="121.39989973640562">
        <ele>18.3625319423154</ele>
        <time>2026-07-10T11:09:16Z</time>
      </trkpt>
      <trkpt lat="31.231211751662126" lon="121.39965870479782">
        <ele>18.151151937432587</ele>
        <time>2026-07-10T11:09:16Z</time>
      </trkpt>
      <trkpt lat="31.23114776624769" lon="121.39947268934608">
        <ele>19.408872884698212</ele>
        <time>2026-07-10T11:09:16Z</time>
      </trkpt>
      <trkpt lat="31.231051801737085" lon="121.39935168500831">
        <ele>13.619650167413056</ele>
        <time>2026-07-10T11:09:16Z</time>
      </trkpt>
      <trkpt lat="31.230951843642508" lon="121.39928868741453">
        <ele>20.656027120538056</ele>
        <time>2026-07-10T11:09:16Z</time>
      </trkpt>
      <trkpt lat="31.230815905285663" lon="121.39926869731167">
        <ele>18.906839651055634</ele>
        <time>2026-07-10T11:09:16Z</time>
      </trkpt>
      <trkpt lat="31.23050105327008" lon="121.39929772762557">
        <ele>19.889768880791962</ele>
        <time>2026-07-10T11:09:16Z</time>
      </trkpt>
      <trkpt lat="31.23046107447211" lon="121.39933573491378">
        <ele>23.451551717706025</ele>
        <time>2026-07-10T11:09:16Z</time>
      </trkpt>
      <trkpt lat="31.230135232596407" lon="121.39943077316964">
        <ele>20.4869215907529</ele>
        <time>2026-07-10T11:09:16Z</time>
      </trkpt>
      <trkpt lat="31.229979309872544" lon="121.3994947936617">
        <ele>4.760107320733368</ele>
        <time>2026-07-10T11:09:16Z</time>
      </trkpt>
      <trkpt lat="31.22982839027924" lon="121.39962282125326">
        <ele>12.834894460625947</ele>
        <time>2026-07-10T11:09:16Z</time>
      </trkpt>
      <trkpt lat="31.229720454518745" lon="121.39978485016033">
        <ele>12.113554281182587</ele>
        <time>2026-07-10T11:09:16Z</time>
      </trkpt>
      <trkpt lat="31.229703475433496" lon="121.39992386946447">
        <ele>10.417215627618134</ele>
        <time>2026-07-10T11:09:16Z</time>
      </trkpt>
      <trkpt lat="31.229761469373614" lon="121.40012989268679">
        <ele>16.771883291192353</ele>
        <time>2026-07-10T11:09:16Z</time>
      </trkpt>
      <trkpt lat="31.229862438527128" lon="121.40027690542443">
        <ele>17.638548177666962</ele>
        <time>2026-07-10T11:09:16Z</time>
      </trkpt>
      <trkpt lat="31.22995840321667" lon="121.40035790941101">
        <ele>20.55033711809665</ele>
        <time>2026-07-10T11:09:16Z</time>
      </trkpt>
      <trkpt lat="31.230071355215756" lon="121.40039590547477">
        <ele>3.859091085381806</ele>
        <time>2026-07-10T11:09:16Z</time>
      </trkpt>
      <trkpt lat="31.230197294761453" lon="121.4003788918334">
        <ele>-0.5402962742373347</ele>
        <time>2026-07-10T11:09:16Z</time>
      </trkpt>
      <trkpt lat="31.23048115112644" lon="121.40027485115536">
        <ele>13.43205098528415</ele>
        <time>2026-07-10T11:09:16Z</time>
      </trkpt>
      <trkpt lat="31.230720032040008" lon="121.40019981919188">
        <ele>19.073305410332978</ele>
        <time>2026-07-10T11:09:16Z</time>
      </trkpt>
      <trkpt lat="31.23078499813106" lon="121.40016480843391">
        <ele>18.528997701592743</ele>
        <time>2026-07-10T11:09:16Z</time>
      </trkpt>
      <trkpt lat="31.23095991205303" lon="121.40011778644106">
        <ele>14.750543874688447</ele>
        <time>2026-07-10T11:09:16Z</time>
      </trkpt>
      <trkpt lat="31.23114281537639" lon="121.40000175436012">
        <ele>17.638548177666962</ele>
        <time>2026-07-10T11:09:16Z</time>
      </trkpt>
      <trkpt lat="31.23121875723373" lon="121.3997597163685">
        <ele>18.20399693865329</ele>
        <time>2026-07-10T11:09:16Z</time>
      </trkpt>
      <trkpt lat="31.231219743349197" lon="121.39960369769221">
        <ele>18.49728993792087</ele>
        <time>2026-07-10T11:09:16Z</time>
      </trkpt>
      <trkpt lat="31.231195748233354" lon="121.39952669108006">
        <ele>18.28854970354587</ele>
        <time>2026-07-10T11:09:16Z</time>
      </trkpt>
      <trkpt lat="31.231116775115005" lon="121.39939968429032">
        <ele>18.48671941179782</ele>
        <time>2026-07-10T11:09:16Z</time>
      </trkpt>
      <trkpt lat="31.23097083484134" lon="121.39928868575792">
        <ele>16.058470052666962</ele>
        <time>2026-07-10T11:09:16Z</time>
      </trkpt>
      <trkpt lat="31.230867880315373" lon="121.39925569151474">
        <ele>20.518629354424775</ele>
        <time>2026-07-10T11:09:16Z</time>
      </trkpt>
      <trkpt lat="31.230566024525483" lon="121.39931772394931">
        <ele>13.891805929131806</ele>
        <time>2026-07-10T11:09:16Z</time>
      </trkpt>
      <trkpt lat="31.23052504550843" lon="121.39934573034654">
        <ele>16.465379995293915</ele>
        <time>2026-07-10T11:09:16Z</time>
      </trkpt>
      <trkpt lat="31.230427092163342" lon="121.39936274062464">
        <ele>20.465780538506806</ele>
        <time>2026-07-10T11:09:16Z</time>
      </trkpt>
      <trkpt lat="31.230265174175358" lon="121.39945576450161">
        <ele>23.97472218889743</ele>
        <time>2026-07-10T11:09:16Z</time>
      </trkpt>
      <trkpt lat="31.230115244908575" lon="121.39947077919508">
        <ele>18.34139470476657</ele>
        <time>2026-07-10T11:09:16Z</time>
      </trkpt>
      <trkpt lat="31.229867370514707" lon="121.39960281554222">
        <ele>13.838960927911103</ele>
        <time>2026-07-10T11:09:16Z</time>
      </trkpt>
      <trkpt lat="31.229808402511324" lon="121.39965782709136">
        <ele>18.801149648614228</ele>
        <time>2026-07-10T11:09:16Z</time>
      </trkpt>
      <trkpt lat="31.229747438482214" lon="121.39974584298815">
        <ele>5.806448263116181</ele>
        <time>2026-07-10T11:09:16Z</time>
      </trkpt>
      <trkpt lat="31.229725456782234" lon="121.39983485601837">
        <ele>12.155832570977509</ele>
        <time>2026-07-10T11:09:16Z</time>
      </trkpt>
      <trkpt lat="31.229719486346852" lon="121.40010589293917">
        <ele>18.182859701104462</ele>
        <time>2026-07-10T11:09:16Z</time>
      </trkpt>
      <trkpt lat="31.22976447703127" lon="121.40021390459661">
        <ele>14.425543111748993</ele>
        <time>2026-07-10T11:09:16Z</time>
      </trkpt>
      <trkpt lat="31.229917422362714" lon="121.40035891314032">
        <ele>20.257040304131806</ele>
        <time>2026-07-10T11:09:16Z</time>
      </trkpt>
      <trkpt lat="31.229978397903746" lon="121.40039191295676">
        <ele>17.05196599382907</ele>
        <time>2026-07-10T11:09:16Z</time>
      </trkpt>
      <trkpt lat="31.23009834327633" lon="121.4004009039048">
        <ele>19.472288412041962</ele>
        <time>2026-07-10T11:09:16Z</time>
      </trkpt>
      <trkpt lat="31.23017030728742" lon="121.40037889418743">
        <ele>15.294851583428681</ele>
        <time>2026-07-10T11:09:16Z</time>
      </trkpt>
      <trkpt lat="31.230231272739626" lon="121.40032488053349">
        <ele>15.535299581475556</ele>
        <time>2026-07-10T11:09:16Z</time>
      </trkpt>
      <trkpt lat="31.230285247233574" lon="121.40032087521405">
        <ele>16.771883291192353</ele>
        <time>2026-07-10T11:09:16Z</time>
      </trkpt>
      <trkpt lat="31.230327223102215" lon="121.4002798653344">
        <ele>15.775747579522431</ele>
        <time>2026-07-10T11:09:16Z</time>
      </trkpt>
      <trkpt lat="31.230607087373166" lon="121.40022683301527">
        <ele>18.811720174737275</ele>
        <time>2026-07-10T11:09:16Z</time>
      </trkpt>
      <trkpt lat="31.23087395582171" lon="121.40015479923146">
        <ele>18.164362234063447</ele>
        <time>2026-07-10T11:09:16Z</time>
      </trkpt>
      <trkpt lat="31.23100888642386" lon="121.40008977821174">
        <ele>17.157655996270478</ele>
        <time>2026-07-10T11:09:16Z</time>
      </trkpt>
      <trkpt lat="31.231134814027886" lon="121.39995074819181">
        <ele>15.839159292168915</ele>
        <time>2026-07-10T11:09:16Z</time>
      </trkpt>
      <trkpt lat="31.23118678703135" lon="121.39992073968305">
        <ele>18.29911641497165</ele>
        <time>2026-07-10T11:09:16Z</time>
      </trkpt>
      <trkpt lat="31.23120976611391" lon="121.39981172363343">
        <ele>16.4468825282529</ele>
        <time>2026-07-10T11:09:16Z</time>
      </trkpt>
      <trkpt lat="31.231171768996646" lon="121.39964470663921">
        <ele>18.309686941094697</ele>
        <time>2026-07-10T11:09:16Z</time>
      </trkpt>
      <trkpt lat="31.23109779321705" lon="121.39952169907016">
        <ele>4.371691030450165</ele>
        <time>2026-07-10T11:09:16Z</time>
      </trkpt>
      <trkpt lat="31.23101982211488" lon="121.39942769569058">
        <ele>16.42574529070407</ele>
        <time>2026-07-10T11:09:16Z</time>
      </trkpt>
      <trkpt lat="31.230815904879844" lon="121.39926269672759">
        <ele>22.60338429827243</ele>
        <time>2026-07-10T11:09:16Z</time>
      </trkpt>
      <trkpt lat="31.23058201809178" lon="121.39933172396042">
        <ele>19.221273702569306</ele>
        <time>2026-07-10T11:09:16Z</time>
      </trkpt>
      <trkpt lat="31.23039810489409" lon="121.3993527421314">
        <ele>21.126348775811493</ele>
        <time>2026-07-10T11:09:16Z</time>
      </trkpt>
      <trkpt lat="31.230080261917845" lon="121.39948078333015">
        <ele>21.09464101213962</ele>
        <time>2026-07-10T11:09:16Z</time>
      </trkpt>
      <trkpt lat="31.229857374087565" lon="121.39958981492332">
        <ele>22.225538534112275</ele>
        <time>2026-07-10T11:09:16Z</time>
      </trkpt>
      <trkpt lat="31.229809399768882" lon="121.39963082383997">
        <ele>3.0452712001278996</ele>
        <time>2026-07-10T11:09:16Z</time>
      </trkpt>
      <trkpt lat="31.229689473035503" lon="121.39982985852173">
        <ele>13.128187459893525</ele>
        <time>2026-07-10T11:09:16Z</time>
      </trkpt>
      <trkpt lat="31.229669495917403" lon="121.39997187881883">
        <ele>19.009889882989228</ele>
        <time>2026-07-10T11:09:16Z</time>
      </trkpt>
      <trkpt lat="31.22971448856379" lon="121.40010489323369">
        <ele>15.294851583428681</ele>
        <time>2026-07-10T11:09:16Z</time>
      </trkpt>
      <trkpt lat="31.229844451186427" lon="121.40031491274762">
        <ele>19.910902303643525</ele>
        <time>2026-07-10T11:09:16Z</time>
      </trkpt>
      <trkpt lat="31.229858450679785" lon="121.40036691952379">
        <ele>12.573309225030243</ele>
        <time>2026-07-10T11:09:16Z</time>
      </trkpt>
      <trkpt lat="31.22984446305411" lon="121.40041692856772">
        <ele>16.475950521416962</ele>
        <time>2026-07-10T11:09:16Z</time>
      </trkpt>
      <trkpt lat="31.23012832642298" lon="121.40037589738215">
        <ele>18.35196523088962</ele>
        <time>2026-07-10T11:09:16Z</time>
      </trkpt>
      <trkpt lat="31.23049214546528" lon="121.4002698494454">
        <ele>2.6172240199521184</ele>
        <time>2026-07-10T11:09:16Z</time>
      </trkpt>
      <trkpt lat="31.230760013285295" lon="121.40019781541173">
        <ele>10.084287923760712</ele>
        <time>2026-07-10T11:09:16Z</time>
      </trkpt>
      <trkpt lat="31.230995894956607" lon="121.40011378273444">
        <ele>11.474123281426728</ele>
        <time>2026-07-10T11:09:16Z</time>
      </trkpt>
      <trkpt lat="31.2311198270312" lon="121.40001175772774">
        <ele>17.733671468682587</ele>
        <time>2026-07-10T11:09:16Z</time>
      </trkpt>
      <trkpt lat="31.23114880911794" lon="121.39996674911043">
        <ele>17.221071523614228</ele>
        <time>2026-07-10T11:09:16Z</time>
      </trkpt>
      <trkpt lat="31.231196764051052" lon="121.3997217136409">
        <ele>-19.773404794745147</ele>
        <time>2026-07-10T11:09:16Z</time>
      </trkpt>
      <trkpt lat="31.231174754515752" lon="121.39948268807655">
        <ele>13.619653982110322</ele>
        <time>2026-07-10T11:09:16Z</time>
      </trkpt>
      <trkpt lat="31.23113176883276" lon="121.39940868392392">
        <ele>13.84953145403415</ele>
        <time>2026-07-10T11:09:16Z</time>
      </trkpt>
      <trkpt lat="31.231012816838746" lon="121.3993096841771">
        <ele>17.292413991875947</ele>
        <time>2026-07-10T11:09:16Z</time>
      </trkpt>
      <trkpt lat="31.230879875294754" lon="121.39926369124473">
        <ele>17.25278310198337</ele>
        <time>2026-07-10T11:09:16Z</time>
      </trkpt>
      <trkpt lat="31.2308049097071" lon="121.39925869729832">
        <ele>19.49343327898532</ele>
        <time>2026-07-10T11:09:16Z</time>
      </trkpt>
      <trkpt lat="31.230585015787632" lon="121.39931872239282">
        <ele>7.238561910577118</ele>
        <time>2026-07-10T11:09:16Z</time>
      </trkpt>
      <trkpt lat="31.230489059596017" lon="121.39930872976424">
        <ele>17.33469228167087</ele>
        <time>2026-07-10T11:09:16Z</time>
      </trkpt>
      <trkpt lat="31.230340134393945" lon="121.39938875089081">
        <ele>-5.272603708319366</ele>
        <time>2026-07-10T11:09:16Z</time>
      </trkpt>
      <trkpt lat="31.230107249004543" lon="121.39947578043369">
        <ele>6.535719198174775</ele>
        <time>2026-07-10T11:09:16Z</time>
      </trkpt>
      <trkpt lat="31.23004428166526" lon="121.39951979074476">
        <ele>21.575540822930634</ele>
        <time>2026-07-10T11:09:16Z</time>
      </trkpt>
      <trkpt lat="31.22988636029809" lon="121.39958581193802">
        <ele>23.158266347832978</ele>
        <time>2026-07-10T11:09:16Z</time>
      </trkpt>
      <trkpt lat="31.229801405506468" lon="121.3996548273482">
        <ele>20.352167409844697</ele>
        <time>2026-07-10T11:09:16Z</time>
      </trkpt>
      <trkpt lat="31.229727457718635" lon="121.39985485839833">
        <ele>6.046896261163056</ele>
        <time>2026-07-10T11:09:16Z</time>
      </trkpt>
      <trkpt lat="31.22971546986126" lon="121.39992386841826">
        <ele>19.649324697442353</ele>
        <time>2026-07-10T11:09:16Z</time>
      </trkpt>
      <trkpt lat="31.229718482653908" lon="121.40006588741127">
        <ele>15.524732870049775</ele>
        <time>2026-07-10T11:09:16Z</time>
      </trkpt>
      <trkpt lat="31.229735482613275" lon="121.40014089652637">
        <ele>19.03103093523532</ele>
        <time>2026-07-10T11:09:16Z</time>
      </trkpt>
      <trkpt lat="31.22980546297282" lon="121.40025890769499">
        <ele>13.117624563165009</ele>
        <time>2026-07-10T11:09:16Z</time>
      </trkpt>
      <trkpt lat="31.229860442961318" lon="121.40030791028704">
        <ele>17.7442458095029</ele>
        <time>2026-07-10T11:09:16Z</time>
      </trkpt>
      <trkpt lat="31.230000385352344" lon="121.40037190791986">
        <ele>18.97818593401462</ele>
        <time>2026-07-10T11:09:16Z</time>
      </trkpt>
      <trkpt lat="31.23033522518881" lon="121.40033087238467">
        <ele>5.972914022393525</ele>
        <time>2026-07-10T11:09:16Z</time>
      </trkpt>
      <trkpt lat="31.23061608619244" lon="121.40025383624005">
        <ele>11.046079915948212</ele>
        <time>2026-07-10T11:09:16Z</time>
      </trkpt>
      <trkpt lat="31.230865962649492" lon="121.40018380412721">
        <ele>14.018636983819306</ele>
        <time>2026-07-10T11:09:16Z</time>
      </trkpt>
      <trkpt lat="31.230970905906375" lon="121.40010778406402">
        <ele>16.518228811211884</ele>
        <time>2026-07-10T11:09:16Z</time>
      </trkpt>
      <trkpt lat="31.231017882776406" lon="121.40009477813064">
        <ele>17.974123281426728</ele>
        <time>2026-07-10T11:09:16Z</time>
      </trkpt>
      <trkpt lat="31.231179789500946" lon="121.39991273924139">
        <ele>17.575140279717743</ele>
        <time>2026-07-10T11:09:16Z</time>
      </trkpt>
      <trkpt lat="31.231249738462516" lon="121.39970970756848">
        <ele>11.54811314959079</ele>
        <time>2026-07-10T11:09:16Z</time>
      </trkpt>
      <trkpt lat="31.231224739964443" lon="121.3995906957648">
        <ele>16.52879933733493</ele>
        <time>2026-07-10T11:09:16Z</time>
      </trkpt>
      <trkpt lat="31.23111677460117" lon="121.39939268356102">
        <ele>18.362535757012665</ele>
        <time>2026-07-10T11:09:16Z</time>
      </trkpt>
      <trkpt lat="31.231057797115845" lon="121.3993256818547">
        <ele>16.85379628557712</ele>
        <time>2026-07-10T11:09:16Z</time>
      </trkpt>
      <trkpt lat="31.230833894865892" lon="121.39923769274486">
        <ele>17.575140279717743</ele>
        <time>2026-07-10T11:09:16Z</time>
      </trkpt>
      <trkpt lat="31.230702955769914" lon="121.39924070445443">
        <ele>17.419245046563447</ele>
        <time>2026-07-10T11:09:16Z</time>
      </trkpt>
      <trkpt lat="31.230441082479754" lon="121.39931773484776">
        <ele>13.075346273370087</ele>
        <time>2026-07-10T11:09:16Z</time>
      </trkpt>
      <trkpt lat="31.230301151029497" lon="121.39936875222575">
        <ele>17.083677572198212</ele>
        <time>2026-07-10T11:09:16Z</time>
      </trkpt>
      <trkpt lat="31.23022518972399" lon="121.39941576373882">
        <ele>19.56476811785251</ele>
        <time>2026-07-10T11:09:16Z</time>
      </trkpt>
      <trkpt lat="31.229965317306487" lon="121.39950679619828">
        <ele>17.25278310198337</ele>
        <time>2026-07-10T11:09:16Z</time>
      </trkpt>
      <trkpt lat="31.229802403522214" lon="121.39963682515013">
        <ele>16.874937337823212</ele>
        <time>2026-07-10T11:09:16Z</time>
      </trkpt>
      <trkpt lat="31.22974243912328" lon="121.39972684110568">
        <ele>12.029005330987275</ele>
        <time>2026-07-10T11:09:16Z</time>
      </trkpt>
      <trkpt lat="31.229707464306966" lon="121.3998258564451">
        <ele>-11.394754129461944</ele>
        <time>2026-07-10T11:09:16Z</time>
      </trkpt>
      <trkpt lat="31.229691482559588" lon="121.39993987262727">
        <ele>22.048509878106415</ele>
        <time>2026-07-10T11:09:16Z</time>
      </trkpt>
      <trkpt lat="31.22969849256006" lon="121.40007188999186">
        <ele>17.670259756036103</ele>
        <time>2026-07-10T11:09:16Z</time>
      </trkpt>
      <trkpt lat="31.229754480798913" lon="121.4002059042933">
        <ele>16.394041341729462</ele>
        <time>2026-07-10T11:09:16Z</time>
      </trkpt>
      <trkpt lat="31.229893431306213" lon="121.40033991230239">
        <ele>19.231844228692353</ele>
        <time>2026-07-10T11:09:16Z</time>
      </trkpt>
      <trkpt lat="31.23000338361043" lon="121.40036890719229">
        <ele>18.373106283135712</ele>
        <time>2026-07-10T11:09:16Z</time>
      </trkpt>
      <trkpt lat="31.230157312501277" lon="121.40037189423167">
        <ele>10.972097677178681</ele>
        <time>2026-07-10T11:09:16Z</time>
      </trkpt>
      <trkpt lat="31.23048914685622" lon="121.40026984970696">
        <ele>18.9068434657529</ele>
        <time>2026-07-10T11:09:16Z</time>
      </trkpt>
      <trkpt lat="31.230761013694487" lon="121.40020581649635">
        <ele>18.550138753838837</ele>
        <time>2026-07-10T11:09:16Z</time>
      </trkpt>
      <trkpt lat="31.230989898473048" lon="121.4001207842518">
        <ele>16.330629629082978</ele>
        <time>2026-07-10T11:09:16Z</time>
      </trkpt>
      <trkpt lat="31.231117824759206" lon="121.39997975356137">
        <ele>14.362135213799775</ele>
        <time>2026-07-10T11:09:16Z</time>
      </trkpt>
      <trkpt lat="31.231192776572456" lon="121.39983972866379">
        <ele>18.23570851702243</ele>
        <time>2026-07-10T11:09:16Z</time>
      </trkpt>
      <trkpt lat="31.23120975741849" lon="121.3997147116599">
        <ele>-13.762229639105499</ele>
        <time>2026-07-10T11:09:16Z</time>
      </trkpt>
      <trkpt lat="31.231193751957647" lon="121.39956169517257">
        <ele>13.48225621599704</ele>
        <time>2026-07-10T11:09:16Z</time>
      </trkpt>
      <trkpt lat="31.231134769156288" lon="121.39943168608755">
        <ele>17.461519521661103</ele>
        <time>2026-07-10T11:09:16Z</time>
      </trkpt>
      <trkpt lat="31.231047800906936" lon="121.3993136815245">
        <ele>15.326563161797822</ele>
        <time>2026-07-10T11:09:16Z</time>
      </trkpt>
      <trkpt lat="31.23088387377988" lon="121.39926869138283">
        <ele>14.457254690118134</ele>
        <time>2026-07-10T11:09:16Z</time>
      </trkpt>
      <trkpt lat="31.230709955359064" lon="121.39928270792383">
        <ele>17.210504812188447</ele>
        <time>2026-07-10T11:09:16Z</time>
      </trkpt>
      <trkpt lat="31.23064198605809" lon="121.39927071267756">
        <ele>0.8706839503720403</ele>
        <time>2026-07-10T11:09:16Z</time>
      </trkpt>
      <trkpt lat="31.23033913478467" lon="121.39938775087424">
        <ele>9.130430501885712</ele>
        <time>2026-07-10T11:09:16Z</time>
      </trkpt>
      <trkpt lat="31.230120241747628" lon="121.39945977757331">
        <ele>17.38753728289157</ele>
        <time>2026-07-10T11:09:16Z</time>
      </trkpt>
      <trkpt lat="31.23001929303039" lon="121.39951679259266">
        <ele>18.433878225274384</ele>
        <time>2026-07-10T11:09:16Z</time>
      </trkpt>
      <trkpt lat="31.229938332445847" lon="121.39953980221019">
        <ele>19.525133413262665</ele>
        <time>2026-07-10T11:09:16Z</time>
      </trkpt>
      <trkpt lat="31.229801408675904" lon="121.39969183174063">
        <ele>20.822496694512665</ele>
        <time>2026-07-10T11:09:16Z</time>
      </trkpt>
      <trkpt lat="31.22977042860475" lon="121.39975484208769">
        <ele>18.581846517510712</ele>
        <time>2026-07-10T11:09:16Z</time>
      </trkpt>
      <trkpt lat="31.229718478567538" lon="121.40002588188028">
        <ele>8.472505849786103</ele>
        <time>2026-07-10T11:09:16Z</time>
      </trkpt>
      <trkpt lat="31.22976347282346" lon="121.40017089840687">
        <ele>16.19322804827243</ele>
        <time>2026-07-10T11:09:16Z</time>
      </trkpt>
      <trkpt lat="31.229892427765705" lon="121.40030490704119">
        <ele>6.390394491143525</ele>
        <time>2026-07-10T11:09:16Z</time>
      </trkpt>
      <trkpt lat="31.229999383608742" lon="121.40035290506367">
        <ele>16.518228811211884</ele>
        <time>2026-07-10T11:09:16Z</time>
      </trkpt>
      <trkpt lat="31.23019529463874" lon="121.40036989060786">
        <ele>14.570871633477509</ele>
        <time>2026-07-10T11:09:16Z</time>
      </trkpt>
      <trkpt lat="31.23034221580799" lon="121.4002768635751">
        <ele>18.404814046807587</ele>
        <time>2026-07-10T11:09:16Z</time>
      </trkpt>
      <trkpt lat="31.230565112407294" lon="121.40027684413234">
        <ele>18.46558598894626</ele>
        <time>2026-07-10T11:09:16Z</time>
      </trkpt>
      <trkpt lat="31.23086895835229" lon="121.40015679995552">
        <ele>15.440180105157197</ele>
        <time>2026-07-10T11:09:16Z</time>
      </trkpt>
      <trkpt lat="31.231052865836826" lon="121.40008777409435">
        <ele>18.507860464043915</ele>
        <time>2026-07-10T11:09:16Z</time>
      </trkpt>
      <trkpt lat="31.231139815865482" lon="121.39999275340014">
        <ele>15.691198629327118</ele>
        <time>2026-07-10T11:09:16Z</time>
      </trkpt>
      <trkpt lat="31.231173790267302" lon="121.39989173701906">
        <ele>18.225137990899384</ele>
        <time>2026-07-10T11:09:16Z</time>
      </trkpt>
      <trkpt lat="31.231168785005675" lon="121.39981072708224">
        <ele>-0.32098169904202223</ele>
        <time>2026-07-10T11:09:16Z</time>
      </trkpt>
      <trkpt lat="31.231189770392447" lon="121.39975671852748">
        <ele>18.708673757500947</ele>
        <time>2026-07-10T11:09:16Z</time>
      </trkpt>
      <trkpt lat="31.23116476733542" lon="121.39958570042492">
        <ele>18.61355046648532</ele>
        <time>2026-07-10T11:09:16Z</time>
      </trkpt>
      <trkpt lat="31.231085788081216" lon="121.39938068501965">
        <ele>17.38753728289157</ele>
        <time>2026-07-10T11:09:16Z</time>
      </trkpt>
      <trkpt lat="31.23101081741774" lon="121.39930468385387">
        <ele>17.355829519219697</ele>
        <time>2026-07-10T11:09:16Z</time>
      </trkpt>
      <trkpt lat="31.230884871836377" lon="121.39924668916325">
        <ele>14.079408925957978</ele>
        <time>2026-07-10T11:09:16Z</time>
      </trkpt>
      <trkpt lat="31.230717949084692" lon="121.39924470353117">
        <ele>15.146890920586884</ele>
        <time>2026-07-10T11:09:16Z</time>
      </trkpt>
      <trkpt lat="31.23060700316733" lon="121.39928371700248">
        <ele>14.853597921319306</ele>
        <time>2026-07-10T11:09:16Z</time>
      </trkpt>
      <trkpt lat="31.230461078063904" lon="121.39938574003001">
        <ele>18.383672994561493</ele>
        <time>2026-07-10T11:09:16Z</time>
      </trkpt>
      <trkpt lat="31.230168219935653" lon="121.3994657740344">
        <ele>16.38347463030368</ele>
        <time>2026-07-10T11:09:16Z</time>
      </trkpt>
      <trkpt lat="31.229942330748866" lon="121.39954180208498">
        <ele>-9.682557779364288</ele>
        <time>2026-07-10T11:09:16Z</time>
      </trkpt>
      <trkpt lat="31.229858373541404" lon="121.39958881472182">
        <ele>16.885504049248993</ele>
        <time>2026-07-10T11:09:16Z</time>
      </trkpt>
      <trkpt lat="31.229745439499744" lon="121.39974684328507">
        <ele>16.581644338555634</ele>
        <time>2026-07-10T11:09:16Z</time>
      </trkpt>
      <trkpt lat="31.22973846112543" lon="121.39994386906083">
        <ele>15.326563161797822</ele>
        <time>2026-07-10T11:09:16Z</time>
      </trkpt>
      <trkpt lat="31.229766464314128" lon="121.4001038885587">
        <ele>13.786119741387665</ele>
        <time>2026-07-10T11:09:16Z</time>
      </trkpt>
      <trkpt lat="31.22983344587475" lon="121.40022189975934">
        <ele>16.362333578057587</ele>
        <time>2026-07-10T11:09:16Z</time>
      </trkpt>
      <trkpt lat="31.229946405670592" lon="121.40033090630011">
        <ele>17.482660573907197</ele>
        <time>2026-07-10T11:09:16Z</time>
      </trkpt>
      <trkpt lat="31.2300123792008" lon="121.40036690609722">
        <ele>16.224935811944306</ele>
        <time>2026-07-10T11:09:16Z</time>
      </trkpt>
      <trkpt lat="31.23013832108332" lon="121.40036989557748">
        <ele>13.421484273858368</ele>
        <time>2026-07-10T11:09:16Z</time>
      </trkpt>
      <trkpt lat="31.230288246414396" lon="121.40032587571682">
        <ele>17.765383047051728</ele>
        <time>2026-07-10T11:09:16Z</time>
      </trkpt>
      <trkpt lat="31.230606090493875" lon="121.40025083666455">
        <ele>15.807459157891572</ele>
        <time>2026-07-10T11:09:16Z</time>
      </trkpt>
      <trkpt lat="31.230778003099353" lon="121.40018081136344">
        <ele>15.273718160577118</ele>
        <time>2026-07-10T11:09:16Z</time>
      </trkpt>
      <trkpt lat="31.23102788097783" lon="121.40012178108087">
        <ele>16.800951284356415</ele>
        <time>2026-07-10T11:09:16Z</time>
      </trkpt>
      <trkpt lat="31.23106885553158" lon="121.4000597687864">
        <ele>17.24221257586032</ele>
        <time>2026-07-10T11:09:16Z</time>
      </trkpt>
      <trkpt lat="31.231152809845806" lon="121.39999275226668">
        <ele>14.969858449883759</ele>
        <time>2026-07-10T11:09:16Z</time>
      </trkpt>
      <trkpt lat="31.23121977069221" lon="121.39990973536017">
        <ele>15.210302633233368</ele>
        <time>2026-07-10T11:09:16Z</time>
      </trkpt>
      <trkpt lat="31.231231757032933" lon="121.39982372323085">
        <ele>11.014372152276337</ele>
        <time>2026-07-10T11:09:16Z</time>
      </trkpt>
      <trkpt lat="31.231198750289828" lon="121.39956969564122">
        <ele>15.419042867608368</ele>
        <time>2026-07-10T11:09:16Z</time>
      </trkpt>
      <trkpt lat="31.23108478920059" lon="121.39938968603933">
        <ele>14.436117452569306</ele>
        <time>2026-07-10T11:09:16Z</time>
      </trkpt>
      <trkpt lat="31.230929852131233" lon="121.39926368688528">
        <ele>15.450750631280243</ele>
        <time>2026-07-10T11:09:16Z</time>
      </trkpt>
      <trkpt lat="31.230832895395647" lon="121.39923869292795">
        <ele>15.754610341973603</ele>
        <time>2026-07-10T11:09:16Z</time>
      </trkpt>
      <trkpt lat="31.23070295623672" lon="121.39924770512795">
        <ele>15.231439870782197</ele>
        <time>2026-07-10T11:09:16Z</time>
      </trkpt>
      <trkpt lat="31.23053103853597" lon="121.39928572382543">
        <ele>2.688566488213837</ele>
        <time>2026-07-10T11:09:16Z</time>
      </trkpt>
      <trkpt lat="31.230256172917187" lon="121.3993827575927">
        <ele>14.499532979913056</ele>
        <time>2026-07-10T11:09:16Z</time>
      </trkpt>
      <trkpt lat="31.230003296650743" lon="121.39946778863589">
        <ele>15.482458394952118</ele>
        <time>2026-07-10T11:09:16Z</time>
      </trkpt>
      <trkpt lat="31.22984537859645" lon="121.39957681448765">
        <ele>16.100748342461884</ele>
        <time>2026-07-10T11:09:16Z</time>
      </trkpt>
      <trkpt lat="31.229727445385414" lon="121.39971884144296">
        <ele>15.627783101983368</ele>
        <time>2026-07-10T11:09:16Z</time>
      </trkpt>
      <trkpt lat="31.229693477959277" lon="121.39990186744801">
        <ele>14.927580160088837</ele>
        <time>2026-07-10T11:09:16Z</time>
      </trkpt>
      <trkpt lat="31.229702488747694" lon="121.40005288699942">
        <ele>0.6830809535458684</ele>
        <time>2026-07-10T11:09:16Z</time>
      </trkpt>
      <trkpt lat="31.229739484722018" lon="121.40017790151452">
        <ele>10.303602498956025</ele>
        <time>2026-07-10T11:09:16Z</time>
      </trkpt>
      <trkpt lat="31.229871443483294" lon="121.40035691684149">
        <ele>15.8285963954404</ele>
        <time>2026-07-10T11:09:16Z</time>
      </trkpt>
      <trkpt lat="31.229929420176585" lon="121.4003879166034">
        <ele>17.638551992364228</ele>
        <time>2026-07-10T11:09:16Z</time>
      </trkpt>
      <trkpt lat="31.23008934721667" lon="121.40039890437569">
        <ele>8.200350088067353</ele>
        <time>2026-07-10T11:09:16Z</time>
      </trkpt>
      <trkpt lat="31.230376204799917" lon="121.4003188669747">
        <ele>14.708273214288056</ele>
        <time>2026-07-10T11:09:16Z</time>
      </trkpt>
      <trkpt lat="31.230595094704334" lon="121.40024283643288">
        <ele>15.146890920586884</ele>
        <time>2026-07-10T11:09:16Z</time>
      </trkpt>
      <trkpt lat="31.23078999410091" lon="121.40014880569223">
        <ele>16.25664357561618</ele>
        <time>2026-07-10T11:09:16Z</time>
      </trkpt>
      <trkpt lat="31.230874954184202" lon="121.40014379756342">
        <ele>17.18936757463962</ele>
        <time>2026-07-10T11:09:16Z</time>
      </trkpt>
      <trkpt lat="31.231189784870775" lon="121.3999127383695">
        <ele>15.76518086809665</ele>
        <time>2026-07-10T11:09:16Z</time>
      </trkpt>
      <trkpt lat="31.231218765560524" lon="121.39985072780205">
        <ele>15.889368337579072</ele>
        <time>2026-07-10T11:09:16Z</time>
      </trkpt>
      <trkpt lat="31.231215744624148" lon="121.39959669723677">
        <ele>18.999323171563447</ele>
        <time>2026-07-10T11:09:16Z</time>
      </trkpt>
      <trkpt lat="31.23114876267351" lon="121.3994316848669">
        <ele>16.079611104913056</ele>
        <time>2026-07-10T11:09:16Z</time>
      </trkpt>
      <trkpt lat="31.230895867141832" lon="121.39925268878322">
        <ele>12.113558095879853</ele>
        <time>2026-07-10T11:09:16Z</time>
      </trkpt>
      <trkpt lat="31.23077192499851" lon="121.39925870017555">
        <ele>17.98468999285251</ele>
        <time>2026-07-10T11:09:16Z</time>
      </trkpt>
      <trkpt lat="31.23049405945468" lon="121.39933973244106">
        <ele>18.864568990655243</ele>
        <time>2026-07-10T11:09:16Z</time>
      </trkpt>
      <trkpt lat="31.230370118883958" lon="121.39936674600445">
        <ele>-12.364465433172882</ele>
        <time>2026-07-10T11:09:16Z</time>
      </trkpt>
      <trkpt lat="31.230194207720704" lon="121.39946377155199">
        <ele>12.91945104021579</ele>
        <time>2026-07-10T11:09:16Z</time>
      </trkpt>
      <trkpt lat="31.23005427375137" lon="121.39947778527137">
        <ele>18.68753651995212</ele>
        <time>2026-07-10T11:09:16Z</time>
      </trkpt>
      <trkpt lat="31.229855373304495" lon="121.39956881270825">
        <ele>19.073309225030243</ele>
        <time>2026-07-10T11:09:16Z</time>
      </trkpt>
      <trkpt lat="31.22976242887136" lon="121.39971583802841">
        <ele>-11.487233835272491</ele>
        <time>2026-07-10T11:09:16Z</time>
      </trkpt>
      <trkpt lat="31.229727454650757" lon="121.39982185419494">
        <ele>17.733675283379853</ele>
        <time>2026-07-10T11:09:16Z</time>
      </trkpt>
      <trkpt lat="31.229724477611576" lon="121.4000438838357">
        <ele>18.100950521416962</ele>
        <time>2026-07-10T11:09:16Z</time>
      </trkpt>
      <trkpt lat="31.229766475336504" lon="121.4002069033938">
        <ele>14.216806692071259</ele>
        <time>2026-07-10T11:09:16Z</time>
      </trkpt>
      <trkpt lat="31.22989842829491" lon="121.40033391094501">
        <ele>15.952783864922822</ele>
        <time>2026-07-10T11:09:16Z</time>
      </trkpt>
      <trkpt lat="31.229911429353887" lon="121.40039491926782">
        <ele>14.248514455743134</ele>
        <time>2026-07-10T11:09:16Z</time>
      </trkpt>
      <trkpt lat="31.2298934449675" lon="121.40045593048914">
        <ele>14.906442922540009</ele>
        <time>2026-07-10T11:09:16Z</time>
      </trkpt>
      <trkpt lat="31.229992372842627" lon="121.40022888693083">
        <ele>14.132257741875947</ele>
        <time>2026-07-10T11:09:16Z</time>
      </trkpt>
      <trkpt lat="31.23009231299978" lon="121.40010386013618">
        <ele>13.934084218926728</ele>
        <time>2026-07-10T11:09:16Z</time>
      </trkpt>
      <trkpt lat="31.22998736120242" lon="121.40009886858478">
        <ele>14.77168492693454</ele>
        <time>2026-07-10T11:09:16Z</time>
      </trkpt>
      <trkpt lat="31.229824874592605" lon="121.39990671933978">
        <ele>14.729410451836884</ele>
        <time>2026-07-10T11:09:16Z</time>
      </trkpt>
      <trkpt lat="31.22977443236731" lon="121.39981684946534">
        <ele>14.927580160088837</ele>
        <time>2026-07-10T11:09:16Z</time>
      </trkpt>
      <trkpt lat="31.22979341792614" lon="121.39975484008244">
        <ele>15.04384068865329</ele>
        <time>2026-07-10T11:09:16Z</time>
      </trkpt>
      <trkpt lat="31.229614493618293" lon="121.39966984542386">
        <ele>14.216806692071259</ele>
        <time>2026-07-10T11:09:16Z</time>
      </trkpt>
      <trkpt lat="31.229577507000194" lon="121.39962484336894">
        <ele>14.531240743584931</ele>
        <time>2026-07-10T11:09:16Z</time>
      </trkpt>
      <trkpt lat="31.22951553588272" lon="121.39962584889057">
        <ele>14.581442159600556</ele>
        <time>2026-07-10T11:09:16Z</time>
      </trkpt>
      <trkpt lat="31.229489551594682" lon="121.39966885620342">
        <ele>15.146890920586884</ele>
        <time>2026-07-10T11:09:16Z</time>
      </trkpt>
      <trkpt lat="31.22947755162529" lon="121.39960284954435">
        <ele>14.174532216973603</ele>
        <time>2026-07-10T11:09:16Z</time>
      </trkpt>
      <trkpt lat="31.2297074359881" lon="121.39949281715758">
        <ele>24.497896474786103</ele>
        <time>2026-07-10T11:09:16Z</time>
      </trkpt>
      <trkpt lat="31.229789396215953" lon="121.39947080761767">
        <ele>17.221075338311493</ele>
        <time>2026-07-10T11:09:16Z</time>
      </trkpt>
      <trkpt lat="31.22983537220258" lon="121.39943579985606">
        <ele>13.746485036797822</ele>
        <time>2026-07-10T11:09:16Z</time>
      </trkpt>
      <trkpt lat="31.230054938138547" lon="121.39948625068952">
        <ele>14.089979452081025</ele>
        <time>2026-07-10T11:09:16Z</time>
      </trkpt>
      <trkpt lat="31.230160717095657" lon="121.3993348585838">
        <ele>14.237947744317353</ele>
        <time>2026-07-10T11:09:16Z</time>
      </trkpt>
      <trkpt lat="31.23051104719344" lon="121.39927672468576">
        <ele>13.535101217217743</ele>
        <time>2026-07-10T11:09:16Z</time>
      </trkpt>
      <trkpt lat="31.23079504378255" lon="121.39907210445722">
        <ele>13.764978689141572</ele>
        <time>2026-07-10T11:09:16Z</time>
      </trkpt>
      <trkpt lat="31.230906211485284" lon="121.39907230370687">
        <ele>14.216806692071259</ele>
        <time>2026-07-10T11:09:16Z</time>
      </trkpt>
      <trkpt lat="31.231056581779633" lon="121.39914650637357">
        <ele>14.602579397149384</ele>
        <time>2026-07-10T11:09:16Z</time>
      </trkpt>
      <trkpt lat="31.231148447166444" lon="121.39906789293056">
        <ele>14.520670217461884</ele>
        <time>2026-07-10T11:09:16Z</time>
      </trkpt>
      <trkpt lat="31.231272679038142" lon="121.39903563616984">
        <ele>14.237947744317353</ele>
        <time>2026-07-10T11:09:16Z</time>
      </trkpt>
      <trkpt lat="31.231387622218445" lon="121.398971620791">
        <ele>14.592012685723603</ele>
        <time>2026-07-10T11:09:16Z</time>
      </trkpt>
      <trkpt lat="31.231521557687316" lon="121.39892460531367">
        <ele>14.100549978204072</ele>
        <time>2026-07-10T11:09:16Z</time>
      </trkpt>
      <trkpt lat="31.231671486784848" lon="121.3988955899518">
        <ele>14.592012685723603</ele>
        <time>2026-07-10T11:09:16Z</time>
      </trkpt>
      <trkpt lat="31.231805422298482" lon="121.39884557443494">
        <ele>9.592829030938447</ele>
        <time>2026-07-10T11:09:16Z</time>
      </trkpt>
      <trkpt lat="31.231895375416144" lon="121.39873255840646">
        <ele>22.83326177019626</ele>
        <time>2026-07-10T11:09:16Z</time>
      </trkpt>
      <trkpt lat="31.231783412118137" lon="121.39829454276814">
        <ele>14.174532216973603</ele>
        <time>2026-07-10T11:09:16Z</time>
      </trkpt>
      <trkpt lat="31.231828389191527" lon="121.39820153474008">
        <ele>13.944654745049775</ele>
        <time>2026-07-10T11:09:16Z</time>
      </trkpt>
      <trkpt lat="31.23176423868211" lon="121.39769674710283">
        <ele>15.627783101983368</ele>
        <time>2026-07-10T11:09:16Z</time>
      </trkpt>
      <trkpt lat="31.231661131199054" lon="121.39768043766723">
        <ele>14.697702688165009</ele>
        <time>2026-07-10T11:09:16Z</time>
      </trkpt>
      <trkpt lat="31.231593448674417" lon="121.39759899487296">
        <ele>15.086115163750947</ele>
        <time>2026-07-10T11:09:16Z</time>
      </trkpt>
      <trkpt lat="31.231662024636154" lon="121.39755622617955">
        <ele>10.961527151055634</ele>
        <time>2026-07-10T11:09:16Z</time>
      </trkpt>
      <trkpt lat="31.231585497023996" lon="121.39761154039519">
        <ele>17.868429464288056</ele>
        <time>2026-07-10T11:09:16Z</time>
      </trkpt>
      <trkpt lat="31.23166846080863" lon="121.39739353200605">
        <ele>11.056650442071259</ele>
        <time>2026-07-10T11:09:16Z</time>
      </trkpt>
      <trkpt lat="31.231944333684286" lon="121.39736050798237">
        <ele>10.699941915459931</ele>
        <time>2026-07-10T11:09:16Z</time>
      </trkpt>
      <trkpt lat="31.23229817088983" lon="121.3973134772726">
        <ele>17.638551992364228</ele>
        <time>2026-07-10T11:09:16Z</time>
      </trkpt>
      <trkpt lat="31.232546056507566" lon="121.3973044556918">
        <ele>16.005628866143525</ele>
        <time>2026-07-10T11:09:16Z</time>
      </trkpt>
      <trkpt lat="31.232650008034064" lon="121.39732944651462">
        <ele>16.95949010271579</ele>
        <time>2026-07-10T11:09:16Z</time>
      </trkpt>
      <trkpt lat="31.232709979697756" lon="121.39736744117943">
        <ele>15.115183156915009</ele>
        <time>2026-07-10T11:09:16Z</time>
      </trkpt>
      <trkpt lat="31.232819928956154" lon="121.39736543159167">
        <ele>15.012132924981415</ele>
        <time>2026-07-10T11:09:16Z</time>
      </trkpt>
      <trkpt lat="31.23281592996049" lon="121.39742243191995">
        <ele>14.362135213799775</ele>
        <time>2026-07-10T11:09:16Z</time>
      </trkpt>
      <trkpt lat="31.232785944382652" lon="121.39738243453247">
        <ele>15.952783864922822</ele>
        <time>2026-07-10T11:09:16Z</time>
      </trkpt>
      <trkpt lat="31.232837921744956" lon="121.39730243024137">
        <ele>15.012132924981415</ele>
        <time>2026-07-10T11:09:16Z</time>
      </trkpt>
      <trkpt lat="31.232815933386167" lon="121.39722943267166">
        <ele>14.008070272393525</ele>
        <time>2026-07-10T11:09:16Z</time>
      </trkpt>
      <trkpt lat="31.232833920326318" lon="121.39715277364138">
        <ele>20.959894460625947</ele>
        <time>2026-07-10T11:09:16Z</time>
      </trkpt>
      <trkpt lat="31.2328369224931" lon="121.39728743041115">
        <ele>10.731649679131806</ele>
        <time>2026-07-10T11:09:16Z</time>
      </trkpt>
      <trkpt lat="31.232803936276994" lon="121.39736943297983">
        <ele>17.828798574395478</ele>
        <time>2026-07-10T11:09:16Z</time>
      </trkpt>
      <trkpt lat="31.232618022171366" lon="121.39736744920124">
        <ele>14.216806692071259</ele>
        <time>2026-07-10T11:09:16Z</time>
      </trkpt>
      <trkpt lat="31.232574042985192" lon="121.39733745311328">
        <ele>14.761118215508759</ele>
        <time>2026-07-10T11:09:16Z</time>
      </trkpt>
      <trkpt lat="31.2324815590816" lon="121.39733143861945">
        <ele>13.556238454766572</ele>
        <time>2026-07-10T11:09:16Z</time>
      </trkpt>
      <trkpt lat="31.2322202056499" lon="121.39739048387781">
        <ele>18.391599935479462</ele>
        <time>2026-07-10T11:09:16Z</time>
      </trkpt>
      <trkpt lat="31.232054281637488" lon="121.39744349839607">
        <ele>12.626158040948212</ele>
        <time>2026-07-10T11:09:16Z</time>
      </trkpt>
      <trkpt lat="31.231888358147934" lon="121.39746251292135">
        <ele>16.73753957170993</ele>
        <time>2026-07-10T11:09:16Z</time>
      </trkpt>
      <trkpt lat="31.23182138931053" lon="121.39744751872095">
        <ele>12.354006093926728</ele>
        <time>2026-07-10T11:09:16Z</time>
      </trkpt>
      <trkpt lat="31.23169244866431" lon="121.39747353004917">
        <ele>16.676763814873993</ele>
        <time>2026-07-10T11:09:16Z</time>
      </trkpt>
      <trkpt lat="31.23157250373285" lon="121.39751654072252">
        <ele>15.284288686700165</ele>
        <time>2026-07-10T11:09:16Z</time>
      </trkpt>
      <trkpt lat="31.231517529276807" lon="121.39750654546044">
        <ele>12.721281331963837</ele>
        <time>2026-07-10T11:09:16Z</time>
      </trkpt>
      <trkpt lat="31.231302628375214" lon="121.397552564514">
        <ele>10.052583974786103</ele>
        <time>2026-07-10T11:09:16Z</time>
      </trkpt>
      <trkpt lat="31.231109717702452" lon="121.39755658137346">
        <ele>15.55644063372165</ele>
        <time>2026-07-10T11:09:16Z</time>
      </trkpt>
      <trkpt lat="31.230983776211144" lon="121.3975375922148">
        <ele>13.881239217706025</ele>
        <time>2026-07-10T11:09:16Z</time>
      </trkpt>
      <trkpt lat="31.230867829802758" lon="121.39755560246499">
        <ele>15.294855398125947</ele>
        <time>2026-07-10T11:09:16Z</time>
      </trkpt>
      <trkpt lat="31.23055697473362" lon="121.39747162908816">
        <ele>20.476358694024384</ele>
        <time>2026-07-10T11:09:16Z</time>
      </trkpt>
      <trkpt lat="31.230391052049114" lon="121.39744264347647">
        <ele>14.824529928155243</ele>
        <time>2026-07-10T11:09:16Z</time>
      </trkpt>
      <trkpt lat="31.230225128506504" lon="121.39748865810401">
        <ele>12.248316091485322</ele>
        <time>2026-07-10T11:09:16Z</time>
      </trkpt>
      <trkpt lat="31.23012217573316" lon="121.39754866745129">
        <ele>14.248514455743134</ele>
        <time>2026-07-10T11:09:16Z</time>
      </trkpt>
      <trkpt lat="31.23002821951074" lon="121.39752967551019">
        <ele>-6.0467888889834285</ele>
        <time>2026-07-10T11:09:16Z</time>
      </trkpt>
      <trkpt lat="31.22983131033246" lon="121.39761969349867">
        <ele>11.400144857354462</ele>
        <time>2026-07-10T11:09:16Z</time>
      </trkpt>
      <trkpt lat="31.22975134744159" lon="121.39762670055434">
        <ele>15.012132924981415</ele>
        <time>2026-07-10T11:09:16Z</time>
      </trkpt>
      <trkpt lat="31.22964639625736" lon="121.39761470957154">
        <ele>13.672498983331025</ele>
        <time>2026-07-10T11:09:16Z</time>
      </trkpt>
      <trkpt lat="31.229331542319365" lon="121.39769773813633">
        <ele>10.250753683038056</ele>
        <time>2026-07-10T11:09:16Z</time>
      </trkpt>
      <trkpt lat="31.22927456883703" lon="121.39768174286543">
        <ele>14.665994924493134</ele>
        <time>2026-07-10T11:09:16Z</time>
      </trkpt>
      <trkpt lat="31.229205600866507" lon="121.39770674926243">
        <ele>13.294653219170868</ele>
        <time>2026-07-10T11:09:16Z</time>
      </trkpt>
      <trkpt lat="31.22906166782059" lon="121.39769676166026">
        <ele>13.807256978936493</ele>
        <time>2026-07-10T11:09:16Z</time>
      </trkpt>
      <trkpt lat="31.229002695304317" lon="121.39767176643562">
        <ele>0.315805715508759</ele>
        <time>2026-07-10T11:09:16Z</time>
      </trkpt>
      <trkpt lat="31.228696837618333" lon="121.39767779319862">
        <ele>20.938753408379853</ele>
        <time>2026-07-10T11:09:16Z</time>
      </trkpt>
      <trkpt lat="31.228398976275564" lon="121.39769381941545">
        <ele>2.041208547540009</ele>
        <time>2026-07-10T11:09:16Z</time>
      </trkpt>
      <trkpt lat="31.22806013416121" lon="121.39768384881961">
        <ele>12.668436330743134</ele>
        <time>2026-07-10T11:09:16Z</time>
      </trkpt>
      <trkpt lat="31.227781264246367" lon="121.39765387272458">
        <ele>18.069242757745087</ele>
        <time>2026-07-10T11:09:16Z</time>
      </trkpt>
      <trkpt lat="31.227463412392698" lon="121.39770490118528">
        <ele>12.961729330010712</ele>
        <time>2026-07-10T11:09:16Z</time>
      </trkpt>
      <trkpt lat="31.227196536943463" lon="121.39775392529833">
        <ele>12.438558858819306</ele>
        <time>2026-07-10T11:09:16Z</time>
      </trkpt>
      <trkpt lat="31.226902674361906" lon="121.39782795242893">
        <ele>11.862543386407197</ele>
        <time>2026-07-10T11:09:16Z</time>
      </trkpt>
      <trkpt lat="31.226791726221666" lon="121.39783496226211">
        <ele>13.902376455254853</ele>
        <time>2026-07-10T11:09:16Z</time>
      </trkpt>
      <trkpt lat="31.22666878394341" lon="121.39788397415334">
        <ele>10.742220205254853</ele>
        <time>2026-07-10T11:09:16Z</time>
      </trkpt>
      <trkpt lat="31.22635093337053" lon="121.39798000452718">
        <ele>17.712538045831025</ele>
        <time>2026-07-10T11:09:16Z</time>
      </trkpt>
      <trkpt lat="31.22609805257454" lon="121.39805402895455">
        <ele>14.227377218194306</ele>
        <time>2026-07-10T11:09:16Z</time>
      </trkpt>
      <trkpt lat="31.225890150378074" lon="121.39808904830804">
        <ele>12.898313802666962</ele>
        <time>2026-07-10T11:09:16Z</time>
      </trkpt>
      <trkpt lat="31.225847170934642" lon="121.39811605304249">
        <ele>14.142824453301728</ele>
        <time>2026-07-10T11:09:16Z</time>
      </trkpt>
      <trkpt lat="31.225805191447265" lon="121.39816405855056">
        <ele>14.592012685723603</ele>
        <time>2026-07-10T11:09:16Z</time>
      </trkpt>
      <trkpt lat="31.225907150414447" lon="121.39843206218029">
        <ele>14.280222219415009</ele>
        <time>2026-07-10T11:09:16Z</time>
      </trkpt>
      <trkpt lat="31.225907152144114" lon="121.39848606515717">
        <ele>14.488962453790009</ele>
        <time>2026-07-10T11:09:16Z</time>
      </trkpt>
      <trkpt lat="31.22596013607348" lon="121.3987140747858">
        <ele>13.556238454766572</ele>
        <time>2026-07-10T11:09:16Z</time>
      </trkpt>
      <trkpt lat="31.225964139325566" lon="121.39882608243188">
        <ele>14.351564687676728</ele>
        <time>2026-07-10T11:09:16Z</time>
      </trkpt>
      <trkpt lat="31.226057116626773" lon="121.39919510530837">
        <ele>14.132257741875947</ele>
        <time>2026-07-10T11:09:16Z</time>
      </trkpt>
      <trkpt lat="31.22617308042406" lon="121.39945212098868">
        <ele>13.786119741387665</ele>
        <time>2026-07-10T11:09:16Z</time>
      </trkpt>
      <trkpt lat="31.226205074399402" lon="121.39956613074872">
        <ele>14.079408925957978</ele>
        <time>2026-07-10T11:09:16Z</time>
      </trkpt>
      <trkpt lat="31.22621210624329" lon="121.39995817849547">
        <ele>14.531240743584931</ele>
        <time>2026-07-10T11:09:16Z</time>
      </trkpt>
      <trkpt lat="31.226148185344904" lon="121.40041225016806">
        <ele>13.807256978936493</ele>
        <time>2026-07-10T11:09:16Z</time>
      </trkpt>
      <trkpt lat="31.226132222003105" lon="121.4006482902022">
        <ele>14.0397780360654</ele>
        <time>2026-07-10T11:09:16Z</time>
      </trkpt>
      <trkpt lat="31.226106245672874" lon="121.40073630762706">
        <ele>14.153394979424775</ele>
        <time>2026-07-10T11:09:16Z</time>
      </trkpt>
      <trkpt lat="31.226058272792855" lon="121.4007713179536">
        <ele>13.714777273125947</ele>
        <time>2026-07-10T11:09:16Z</time>
      </trkpt>
      <trkpt lat="31.225999296374813" lon="121.40074131782805">
        <ele>14.340994161553681</ele>
        <time>2026-07-10T11:09:16Z</time>
      </trkpt>
      <trkpt lat="31.22587735704664" lon="121.40076833320278">
        <ele>14.372701925225556</ele>
        <time>2026-07-10T11:09:16Z</time>
      </trkpt>
      <trkpt lat="31.225762410044762" lon="121.40076234217095">
        <ele>13.97636250872165</ele>
        <time>2026-07-10T11:09:16Z</time>
      </trkpt>
      <trkpt lat="31.225692439864073" lon="121.40074034441501">
        <ele>13.474329275079072</ele>
        <time>2026-07-10T11:09:16Z</time>
      </trkpt>
      <trkpt lat="31.225634461200194" lon="121.40069634183156">
        <ele>14.079408925957978</ele>
        <time>2026-07-10T11:09:16Z</time>
      </trkpt>
      <trkpt lat="31.225614463165574" lon="121.40063933383004">
        <ele>14.655424398370087</ele>
        <time>2026-07-10T11:09:16Z</time>
      </trkpt>
      <trkpt lat="31.22561145530952" lon="121.40056632186102">
        <ele>13.138761800713837</ele>
        <time>2026-07-10T11:09:16Z</time>
      </trkpt>
      <trkpt lat="31.22568938256301" lon="121.40026026684535">
        <ele>14.592012685723603</ele>
        <time>2026-07-10T11:09:16Z</time>
      </trkpt>
      <trkpt lat="31.22567937036471" lon="121.40010424503137">
        <ele>14.676565450616181</ele>
        <time>2026-07-10T11:09:16Z</time>
      </trkpt>
      <trkpt lat="31.225585397388272" lon="121.39993623022508">
        <ele>15.786318105645478</ele>
        <time>2026-07-10T11:09:16Z</time>
      </trkpt>
      <trkpt lat="31.22562838118965" lon="121.39997623181851">
        <ele>15.379408163018525</ele>
        <time>2026-07-10T11:09:16Z</time>
      </trkpt>
      <trkpt lat="31.22569036605635" lon="121.40011224520475">
        <ele>17.24221257586032</ele>
        <time>2026-07-10T11:09:16Z</time>
      </trkpt>
      <trkpt lat="31.225789319102642" lon="121.40010623572522">
        <ele>18.04810552019626</ele>
        <time>2026-07-10T11:09:16Z</time>
      </trkpt>
      <trkpt lat="31.225841296985408" lon="121.4001272341738">
        <ele>21.18976811785251</ele>
        <time>2026-07-10T11:09:16Z</time>
      </trkpt>
      <trkpt lat="31.225862295435654" lon="121.40020424347381">
        <ele>20.069444936700165</ele>
        <time>2026-07-10T11:09:16Z</time>
      </trkpt>
      <trkpt lat="31.22586128868877" lon="121.40013723385827">
        <ele>22.748712820000947</ele>
        <time>2026-07-10T11:09:16Z</time>
      </trkpt>
      <trkpt lat="31.22583329210323" lon="121.40004422322221">
        <ele>15.55644063372165</ele>
        <time>2026-07-10T11:09:16Z</time>
      </trkpt>
      <trkpt lat="31.225877274188246" lon="121.40007022299676">
        <ele>26.218019765801728</ele>
        <time>2026-07-10T11:09:16Z</time>
      </trkpt>
      <trkpt lat="31.225908277765377" lon="121.40023924462629">
        <ele>25.21131352800876</ele>
        <time>2026-07-10T11:09:16Z</time>
      </trkpt>
      <trkpt lat="31.2258909692334" lon="121.40027774588508">
        <ele>24.497896474786103</ele>
        <time>2026-07-10T11:09:16Z</time>
      </trkpt>
      <trkpt lat="31.225763326184605" lon="121.40005723112489">
        <ele>24.55074529070407</ele>
        <time>2026-07-10T11:09:16Z</time>
      </trkpt>
      <trkpt lat="31.22575633770762" lon="121.40013624286833">
        <ele>24.582445424981415</ele>
        <time>2026-07-10T11:09:16Z</time>
      </trkpt>
      <trkpt lat="31.225781335853746" lon="121.40022725391995">
        <ele>19.995462697930634</ele>
        <time>2026-07-10T11:09:16Z</time>
      </trkpt>
      <trkpt lat="31.225601404991288" lon="121.40008624929551">
        <ele>25.21131352800876</ele>
        <time>2026-07-10T11:09:16Z</time>
      </trkpt>
      <trkpt lat="31.225465023376085" lon="121.40003266084554">
        <ele>29.140375417657197</ele>
        <time>2026-07-10T11:09:16Z</time>
      </trkpt>
      <trkpt lat="31.225250582011473" lon="121.40020529696928">
        <ele>24.81232671160251</ele>
        <time>2026-07-10T11:09:16Z</time>
      </trkpt>
      <trkpt lat="31.225182041940773" lon="121.40018704707192">
        <ele>24.60358647722751</ele>
        <time>2026-07-10T11:09:16Z</time>
      </trkpt>
      <trkpt lat="31.225425492420584" lon="121.4001342714362">
        <ele>25.35927800554782</ele>
        <time>2026-07-10T11:09:16Z</time>
      </trkpt>
      <trkpt lat="31.225491457836274" lon="121.40009926071369">
        <ele>24.508463186211884</ele>
        <time>2026-07-10T11:09:16Z</time>
      </trkpt>
      <trkpt lat="31.225511502776662" lon="121.400140377732">
        <ele>27.40175847429782</ele>
        <time>2026-07-10T11:09:16Z</time>
      </trkpt>
      <trkpt lat="31.22547836643486" lon="121.40008959000421">
        <ele>23.765985769219697</ele>
        <time>2026-07-10T11:09:16Z</time>
      </trkpt>
      <trkpt lat="31.22538151249246" lon="121.40012927455788">
        <ele>23.73427800554782</ele>
        <time>2026-07-10T11:09:16Z</time>
      </trkpt>
      <trkpt lat="31.225853286346442" lon="121.40007922634683">
        <ele>22.048509878106415</ele>
        <time>2026-07-10T11:09:16Z</time>
      </trkpt>
      <trkpt lat="31.226165133889584" lon="121.40001519029603">
        <ele>21.504198354668915</ele>
        <time>2026-07-10T11:09:16Z</time>
      </trkpt>
      <trkpt lat="31.22646698804552" lon="121.39996815760523">
        <ele>21.303385061211884</ele>
        <time>2026-07-10T11:09:16Z</time>
      </trkpt>
      <trkpt lat="31.22668888423522" lon="121.39996713811828">
        <ele>21.440782827325165</ele>
        <time>2026-07-10T11:09:16Z</time>
      </trkpt>
      <trkpt lat="31.226861808131492" lon="121.40001412939874">
        <ele>21.430216115899384</ele>
        <time>2026-07-10T11:09:16Z</time>
      </trkpt>
      <trkpt lat="31.226982751439902" lon="121.4000121185774">
        <ele>21.52533940691501</ele>
        <time>2026-07-10T11:09:16Z</time>
      </trkpt>
      <trkpt lat="31.22702772872977" lon="121.39999511234177">
        <ele>21.52533940691501</ele>
        <time>2026-07-10T11:09:16Z</time>
      </trkpt>
      <trkpt lat="31.226418016640974" lon="121.40002516961012">
        <ele>21.921678823418915</ele>
        <time>2026-07-10T11:09:16Z</time>
      </trkpt>
      <trkpt lat="31.225726349525722" lon="121.400115242492">
        <ele>21.596681875176728</ele>
        <time>2026-07-10T11:09:16Z</time>
      </trkpt>
      <trkpt lat="31.225881277323005" lon="121.40011822940626">
        <ele>21.67066411394626</ele>
        <time>2026-07-10T11:09:16Z</time>
      </trkpt>
      <trkpt lat="31.22540750095441" lon="121.4001352731482">
        <ele>21.221475881524384</ele>
        <time>2026-07-10T11:09:16Z</time>
      </trkpt>
      <trkpt lat="31.22490874887379" lon="121.40026533567377">
        <ele>21.564974111504853</ele>
        <time>2026-07-10T11:09:16Z</time>
      </trkpt>
      <trkpt lat="31.22475082812636" lon="121.40031135639217">
        <ele>21.313959402032197</ele>
        <time>2026-07-10T11:09:16Z</time>
      </trkpt>
      <trkpt lat="31.224628404912824" lon="121.40033406901274">
        <ele>21.292818349786103</ele>
        <time>2026-07-10T11:09:16Z</time>
      </trkpt>
      <trkpt lat="31.224633287136363" lon="121.4003201160552">
        <ele>21.377367299981415</ele>
        <time>2026-07-10T11:09:16Z</time>
      </trkpt>
      <trkpt lat="31.224774139149154" lon="121.40014291196782">
        <ele>21.765787404961884</ele>
        <time>2026-07-10T11:09:16Z</time>
      </trkpt>
      <trkpt lat="31.22589228602591" lon="121.40024624706128">
        <ele>21.18976811785251</ele>
        <time>2026-07-10T11:09:16Z</time>
      </trkpt>
      <trkpt lat="31.225917281984213" lon="121.40031425512096">
        <ele>20.907045644707978</ele>
        <time>2026-07-10T11:09:16Z</time>
      </trkpt>
      <trkpt lat="31.225979257003562" lon="121.40034925508114">
        <ele>20.38387517351657</ele>
        <time>2026-07-10T11:09:16Z</time>
      </trkpt>
      <trkpt lat="31.226096233403315" lon="121.40027952682524">
        <ele>20.66395787615329</ele>
        <time>2026-07-10T11:09:16Z</time>
      </trkpt>
      <trkpt lat="31.22607584102708" lon="121.40012946028705">
        <ele>20.885904592461884</ele>
        <time>2026-07-10T11:09:16Z</time>
      </trkpt>
      <trkpt lat="31.22600163243211" lon="121.40017569432025">
        <ele>17.461519521661103</ele>
        <time>2026-07-10T11:09:16Z</time>
      </trkpt>
      <trkpt lat="31.225960208415252" lon="121.40010960122429">
        <ele>10.554617208428681</ele>
        <time>2026-07-10T11:09:16Z</time>
      </trkpt>
      <trkpt lat="31.22584838629469" lon="121.40009119087713">
        <ele>21.67066411394626</ele>
        <time>2026-07-10T11:09:16Z</time>
      </trkpt>
      <trkpt lat="31.225864550667623" lon="121.40023142246905">
        <ele>19.35602788347751</ele>
        <time>2026-07-10T11:09:16Z</time>
      </trkpt>
      <trkpt lat="31.225858576640412" lon="121.40035766002694">
        <ele>22.122492116875947</ele>
        <time>2026-07-10T11:09:16Z</time>
      </trkpt>
      <trkpt lat="31.22578245679835" lon="121.40046836900514">
        <ele>20.423509878106415</ele>
        <time>2026-07-10T11:09:16Z</time>
      </trkpt>
      <trkpt lat="31.225852326634396" lon="121.40043627976671">
        <ele>20.811922353692353</ele>
        <time>2026-07-10T11:09:16Z</time>
      </trkpt>
      <trkpt lat="31.225385510831288" lon="121.40013127449457">
        <ele>20.896478933282197</ele>
        <time>2026-07-10T11:09:16Z</time>
      </trkpt>
      <trkpt lat="31.225743331270515" lon="121.40001522708293">
        <ele>19.97432164568454</ele>
        <time>2026-07-10T11:09:16Z</time>
      </trkpt>
      <trkpt lat="31.225270573629246" lon="121.40021429654767">
        <ele>19.97432164568454</ele>
        <time>2026-07-10T11:09:16Z</time>
      </trkpt>
      <trkpt lat="31.22549445570135" lon="121.40009225946604">
        <ele>19.282045644707978</ele>
        <time>2026-07-10T11:09:16Z</time>
      </trkpt>
      <trkpt lat="31.22539551410928" lon="121.40020528432954">
        <ele>18.182863515801728</ele>
        <time>2026-07-10T11:09:16Z</time>
      </trkpt>
      <trkpt lat="31.22549445570135" lon="121.40009225946604">
        <ele>18.19343022722751</ele>
        <time>2026-07-10T11:09:16Z</time>
      </trkpt>
      <trkpt lat="31.225374615492846" lon="121.40093540721924">
        <ele>18.455015462823212</ele>
        <time>2026-07-10T11:09:16Z</time>
      </trkpt>
      <trkpt lat="31.225452481268768" lon="121.4001482710883">
        <ele>21.221475881524384</ele>
        <time>2026-07-10T11:09:16Z</time>
      </trkpt>
      <trkpt lat="31.22544747501055" lon="121.40006625992291">
        <ele>20.716799062676728</ele>
        <time>2026-07-10T11:09:16Z</time>
      </trkpt>
      <trkpt lat="31.225708361231792" lon="121.40014624848524">
        <ele>20.94668034929782</ele>
        <time>2026-07-10T11:09:16Z</time>
      </trkpt>
      <trkpt lat="31.225767339663353" lon="121.40020225146212">
        <ele>21.483064931817353</ele>
        <time>2026-07-10T11:09:16Z</time>
      </trkpt>
      <trkpt lat="31.22581632258106" lon="121.40025525502756">
        <ele>21.25318364519626</ele>
        <time>2026-07-10T11:09:16Z</time>
      </trkpt>
      <trkpt lat="31.225788330056012" lon="121.40020424992456">
        <ele>24.489969533868134</ele>
        <time>2026-07-10T11:09:16Z</time>
      </trkpt>
      <trkpt lat="31.22572236247045" lon="121.40021825773515">
        <ele>22.23610906023532</ele>
        <time>2026-07-10T11:09:16Z</time>
      </trkpt>
      <trkpt lat="31.225685252430203" lon="121.4001642589135">
        <ele>21.06293706316501</ele>
        <time>2026-07-10T11:09:16Z</time>
      </trkpt>
      <trkpt lat="31.22538305387313" lon="121.40034775885816">
        <ele>21.850336355157197</ele>
        <time>2026-07-10T11:09:16Z</time>
      </trkpt>
      <trkpt lat="31.225219338883594" lon="121.40018172798224">
        <ele>22.037943166680634</ele>
        <time>2026-07-10T11:09:16Z</time>
      </trkpt>
      <trkpt lat="31.225172618327587" lon="121.40020330347541">
        <ele>21.90053777117282</ele>
        <time>2026-07-10T11:09:16Z</time>
      </trkpt>
      <trkpt lat="31.225166629784717" lon="121.40028131558728">
        <ele>22.09078435320407</ele>
        <time>2026-07-10T11:09:16Z</time>
      </trkpt>
      <trkpt lat="31.225232595846666" lon="121.40025430578632">
        <ele>22.09078435320407</ele>
        <time>2026-07-10T11:09:16Z</time>
      </trkpt>
      <trkpt lat="31.225280554967274" lon="121.40008327685652">
        <ele>21.377367299981415</ele>
        <time>2026-07-10T11:09:16Z</time>
      </trkpt>
      <trkpt lat="31.225238580095578" lon="121.40013528788003">
        <ele>21.292818349786103</ele>
        <time>2026-07-10T11:09:16Z</time>
      </trkpt>
      <trkpt lat="31.22557542050934" lon="121.40011825608089">
        <ele>21.07351140398532</ele>
        <time>2026-07-10T11:09:16Z</time>
      </trkpt>
      <trkpt lat="31.225685353821714" lon="121.39996922590882">
        <ele>21.020662588067353</ele>
        <time>2026-07-10T11:09:16Z</time>
      </trkpt>
      <trkpt lat="31.22583228219501" lon="121.399940209224">
        <ele>21.06293706316501</ele>
        <time>2026-07-10T11:09:16Z</time>
      </trkpt>
      <trkpt lat="31.225920244368318" lon="121.39997420609514">
        <ele>20.896478933282197</ele>
        <time>2026-07-10T11:09:16Z</time>
      </trkpt>
      <trkpt lat="31.22595721160976" lon="121.39981218177145">
        <ele>20.885904592461884</ele>
        <time>2026-07-10T11:09:16Z</time>
      </trkpt>
      <trkpt lat="31.22594520870172" lon="121.399717171086">
        <ele>20.988954824395478</ele>
        <time>2026-07-10T11:09:16Z</time>
      </trkpt>
      <trkpt lat="31.22535052838799" lon="121.40014227911887">
        <ele>20.80135564226657</ele>
        <time>2026-07-10T11:09:16Z</time>
      </trkpt>
      <trkpt lat="31.225747338859016" lon="121.4001072395279">
        <ele>20.394441884942353</ele>
        <time>2026-07-10T11:09:16Z</time>
      </trkpt>
      <trkpt lat="31.224796812197514" lon="121.4003603599035">
        <ele>20.161928457207978</ele>
        <time>2026-07-10T11:09:16Z</time>
      </trkpt>
      <trkpt lat="31.224184128474054" lon="121.40059745149784">
        <ele>20.140787404961884</ele>
        <time>2026-07-10T11:09:16Z</time>
      </trkpt>
      <trkpt lat="31.224868761534943" lon="121.40021033100192">
        <ele>19.596475881524384</ele>
        <time>2026-07-10T11:09:16Z</time>
      </trkpt>
      <trkpt lat="31.225018685288756" lon="121.40015530992693">
        <ele>19.670465749688447</ele>
        <time>2026-07-10T11:09:16Z</time>
      </trkpt>
      <trkpt lat="31.225498459626973" lon="121.40014726693482">
        <ele>19.525133413262665</ele>
        <time>2026-07-10T11:09:16Z</time>
      </trkpt>
      <trkpt lat="31.22530854562006" lon="121.40011927949762">
        <ele>19.377168935723603</ele>
        <time>2026-07-10T11:09:16Z</time>
      </trkpt>
      <trkpt lat="31.22471683093302" lon="121.40019334176202">
        <ele>19.49343327898532</ele>
        <time>2026-07-10T11:09:16Z</time>
      </trkpt>
      <trkpt lat="31.225387523928866" lon="121.40026029317107">
        <ele>19.70216588396579</ele>
        <time>2026-07-10T11:09:16Z</time>
      </trkpt>
      <trkpt lat="31.22613613826687" lon="121.39992218034328">
        <ele>20.069444936700165</ele>
        <time>2026-07-10T11:09:16Z</time>
      </trkpt>
      <trkpt lat="31.225341536354243" lon="121.40017728495174">
        <ele>19.313753408379853</ele>
        <time>2026-07-10T11:09:16Z</time>
      </trkpt>
      <trkpt lat="31.22568538848306" lon="121.4002962726109">
        <ele>19.440584463067353</ele>
        <time>2026-07-10T11:09:16Z</time>
      </trkpt>
      <trkpt lat="31.225640392947682" lon="121.40014525426942">
        <ele>19.543634695000947</ele>
        <time>2026-07-10T11:09:16Z</time>
      </trkpt>
      <trkpt lat="31.22518760536657" lon="121.40014829418851">
        <ele>19.953188222832978</ele>
        <time>2026-07-10T11:09:16Z</time>
      </trkpt>
      <trkpt lat="31.225641393440437" lon="121.40015425547566">
        <ele>19.723306936211884</ele>
        <time>2026-07-10T11:09:16Z</time>
      </trkpt>
      <trkpt lat="31.22559741607367" lon="121.40017326205573">
        <ele>20.204202932305634</ele>
        <time>2026-07-10T11:09:16Z</time>
      </trkpt>
      <trkpt lat="31.225886279448037" lon="121.40016023498315">
        <ele>20.11964635271579</ele>
        <time>2026-07-10T11:09:16Z</time>
      </trkpt>
      <trkpt lat="31.22601721088306" lon="121.4000912137344">
        <ele>20.267618459649384</ele>
        <time>2026-07-10T11:09:16Z</time>
      </trkpt>
      <trkpt lat="31.225346535528814" lon="121.40019128655325">
        <ele>20.069444936700165</ele>
        <time>2026-07-10T11:09:16Z</time>
      </trkpt>
      <trkpt lat="31.225533442284846" lon="121.40013826259371">
        <ele>34.67593602556735</ele>
        <time>2026-07-10T11:09:16Z</time>
      </trkpt>
      <trkpt lat="31.225439480721963" lon="121.4000852632769">
        <ele>35.8200400294736</ele>
        <time>2026-07-10T11:09:16Z</time>
      </trkpt>
      <trkpt lat="31.225439480721963" lon="121.4000852632769">
        <ele>35.78833226580173</ele>
        <time>2026-07-10T11:09:16Z</time>
      </trkpt>
      <trkpt lat="31.226472020808963" lon="121.40029920446023">
        <ele>37.918009084649384</ele>
        <time>2026-07-10T11:09:16Z</time>
      </trkpt>
      <trkpt lat="31.226588963886396" lon="121.40027919123986">
        <ele>37.865160268731415</ele>
        <time>2026-07-10T11:09:16Z</time>
      </trkpt>
      <trkpt lat="31.225345531368646" lon="121.40014828041558">
        <ele>38.819017690606415</ele>
        <time>2026-07-10T11:09:16Z</time>
      </trkpt>
      <trkpt lat="31.225368541784356" lon="121.40033930680362">
        <ele>40.00540379900485</ele>
        <time>2026-07-10T11:09:16Z</time>
      </trkpt>
      <trkpt lat="31.224646843103613" lon="121.39999531998632">
        <ele>39.9631293239072</ele>
        <time>2026-07-10T11:09:16Z</time>
      </trkpt>
      <trkpt lat="31.224595866220515" lon="121.39998732334885">
        <ele>40.079386037774384</ele>
        <time>2026-07-10T11:09:16Z</time>
      </trkpt>
      <trkpt lat="31.22519059341227" lon="121.40004727968808">
        <ele>39.82837132830173</ele>
        <time>2026-07-10T11:09:16Z</time>
      </trkpt>
      <trkpt lat="31.22541949853909" lon="121.4001652764143">
        <ele>39.79401616472751</ele>
        <time>2026-07-10T11:09:16Z</time>
      </trkpt>
      <trkpt lat="31.226460039038226" lon="121.40040822234022">
        <ele>39.71210698504001</ele>
        <time>2026-07-10T11:09:16Z</time>
      </trkpt>
      <trkpt lat="31.226846853460074" lon="121.40036718219822">
        <ele>39.743814748711884</ele>
        <time>2026-07-10T11:09:16Z</time>
      </trkpt>
      <trkpt lat="31.2258602968083" lon="121.40020824423489">
        <ele>40.351541799493134</ele>
        <time>2026-07-10T11:09:16Z</time>
      </trkpt>
      <trkpt lat="31.22541149331264" lon="121.40008026501674">
        <ele>39.281420034356415</ele>
        <time>2026-07-10T11:09:16Z</time>
      </trkpt>
      <trkpt lat="31.224994719748924" lon="121.4003633431086">
        <ele>39.8151572169736</ele>
        <time>2026-07-10T11:09:16Z</time>
      </trkpt>
      <trkpt lat="31.225417497442173" lon="121.40014627385212">
        <ele>39.86800603289157</ele>
        <time>2026-07-10T11:09:16Z</time>
      </trkpt>
      <trkpt lat="31.224926754065116" lon="121.40038435230142">
        <ele>40.38324956316501</ele>
        <time>2026-07-10T11:09:16Z</time>
      </trkpt>
      <trkpt lat="31.225335537442046" lon="121.40016128315897">
        <ele>39.79401616472751</ele>
        <time>2026-07-10T11:09:16Z</time>
      </trkpt>
      <trkpt lat="31.225417497442173" lon="121.40014627385212">
        <ele>39.270853322930634</ele>
        <time>2026-07-10T11:09:16Z</time>
      </trkpt>
      <trkpt lat="31.224943737095327" lon="121.40030633880819">
        <ele>40.20356969255954</ele>
        <time>2026-07-10T11:09:16Z</time>
      </trkpt>
      <trkpt lat="31.224803813713123" lon="121.40040136568352">
        <ele>40.00540379900485</ele>
        <time>2026-07-10T11:09:16Z</time>
      </trkpt>
      <trkpt lat="31.224636894136967" lon="121.40041938307405">
        <ele>40.414957326836884</ele>
        <time>2026-07-10T11:09:16Z</time>
      </trkpt>
      <trkpt lat="31.224598917946704" lon="121.40046939434642">
        <ele>40.288126272149384</ele>
        <time>2026-07-10T11:09:16Z</time>
      </trkpt>
      <trkpt lat="31.22485079003632" lon="121.40038735939463">
        <ele>40.089952749200165</ele>
        <time>2026-07-10T11:09:16Z</time>
      </trkpt>
      <trkpt lat="31.224803813006478" lon="121.40039536474285">
        <ele>39.952554983086884</ele>
        <time>2026-07-10T11:09:16Z</time>
      </trkpt>
      <trkpt lat="31.224949737139738" lon="121.40033134210013">
        <ele>40.33040074724704</ele>
        <time>2026-07-10T11:09:16Z</time>
      </trkpt>
      <trkpt lat="31.225036691251688" lon="121.40028632767316">
        <ele>40.46779851336032</ele>
        <time>2026-07-10T11:09:16Z</time>
      </trkpt>
      <trkpt lat="31.225082669925197" lon="121.40028832396523">
        <ele>40.6871054591611</ele>
        <time>2026-07-10T11:09:16Z</time>
      </trkpt>
      <trkpt lat="31.22498772013737" lon="121.40033833986176">
        <ele>40.560282033868134</ele>
        <time>2026-07-10T11:09:16Z</time>
      </trkpt>
      <trkpt lat="31.224866776153412" lon="121.40033234948845">
        <ele>40.84564427752048</ele>
        <time>2026-07-10T11:09:16Z</time>
      </trkpt>
      <trkpt lat="31.22477782215071" lon="121.40036936295486">
        <ele>40.623697561211884</ele>
        <time>2026-07-10T11:09:16Z</time>
      </trkpt>
      <trkpt lat="31.224812801349568" lon="121.4003313540423">
        <ele>40.44666509050876</ele>
        <time>2026-07-10T11:09:16Z</time>
      </trkpt>
      <trkpt lat="31.22469686707457" lon="121.40042837926704">
        <ele>40.52857427019626</ele>
        <time>2026-07-10T11:09:16Z</time>
      </trkpt>
      <trkpt lat="31.22475583786939" lon="121.4004153720699">
        <ele>40.4783652247861</ele>
        <time>2026-07-10T11:09:16Z</time>
      </trkpt>
      <trkpt lat="31.224818804098692" lon="121.4003793609361">
        <ele>40.34096745867282</ele>
        <time>2026-07-10T11:09:16Z</time>
      </trkpt>
      <trkpt lat="31.225204607738863" lon="121.400243306589">
        <ele>40.51799992937595</ele>
        <time>2026-07-10T11:09:16Z</time>
      </trkpt>
      <trkpt lat="31.225071669047217" lon="121.40023431684709">
        <ele>41.34767369646579</ele>
        <time>2026-07-10T11:09:16Z</time>
      </trkpt>
      <trkpt lat="31.225211597453484" lon="121.40017929657432">
        <ele>40.4783652247861</ele>
        <time>2026-07-10T11:09:16Z</time>
      </trkpt>
      <trkpt lat="31.22514662963537" lon="121.40019530457131">
        <ele>40.24585179705173</ele>
        <time>2026-07-10T11:09:16Z</time>
      </trkpt>
      <trkpt lat="31.225105652015447" lon="121.4002243124044">
        <ele>40.697679799981415</ele>
        <time>2026-07-10T11:09:16Z</time>
      </trkpt>
      <trkpt lat="31.22528356083025" lon="121.40015228639511">
        <ele>40.45723180193454</ele>
        <time>2026-07-10T11:09:16Z</time>
      </trkpt>
      <trkpt lat="31.225391509722463" lon="121.40014727626212">
        <ele>40.72938756365329</ele>
        <time>2026-07-10T11:09:16Z</time>
      </trkpt>
      <trkpt lat="31.22543848686494" lon="121.40013927101812">
        <ele>40.38324956316501</ele>
        <time>2026-07-10T11:09:16Z</time>
      </trkpt>
      <trkpt lat="31.22518560876888" lon="121.40017129768032">
        <ele>40.824503225274384</ele>
        <time>2026-07-10T11:09:16Z</time>
      </trkpt>
      <trkpt lat="31.22526356987656" lon="121.40014928770722">
        <ele>40.351541799493134</ele>
        <time>2026-07-10T11:09:16Z</time>
      </trkpt>
      <trkpt lat="31.22532254278002" lon="121.40015428328324">
        <ele>39.84686498064548</ele>
        <time>2026-07-10T11:09:16Z</time>
      </trkpt>
      <trkpt lat="31.22537051817291" lon="121.4001342762306">
        <ele>39.85743169207126</ele>
        <time>2026-07-10T11:09:16Z</time>
      </trkpt>
      <trkpt lat="31.225411501533774" lon="121.40015827610127">
        <ele>39.75174168962985</ele>
        <time>2026-07-10T11:09:16Z</time>
      </trkpt>
      <trkpt lat="31.22501668665422" lon="121.40015931067771">
        <ele>39.98426274675876</ele>
        <time>2026-07-10T11:09:16Z</time>
      </trkpt>
      <trkpt lat="31.224952719662365" lon="121.40018732031508">
        <ele>39.86800603289157</ele>
        <time>2026-07-10T11:09:16Z</time>
      </trkpt>
      <trkpt lat="31.225221597787275" lon="121.40022530244033">
        <ele>39.9631293239072</ele>
        <time>2026-07-10T11:09:16Z</time>
      </trkpt>
      <trkpt lat="31.22528356952112" lon="121.40023229807082">
        <ele>39.86800603289157</ele>
        <time>2026-07-10T11:09:16Z</time>
      </trkpt>
      <trkpt lat="31.225245584134928" lon="121.40020329711199">
        <ele>39.889139455743134</ele>
        <time>2026-07-10T11:09:16Z</time>
      </trkpt>
      <trkpt lat="31.225358531215928" lon="121.4002032872617">
        <ele>40.12166051287204</ele>
        <time>2026-07-10T11:09:16Z</time>
      </trkpt>
      <trkpt lat="31.225345531582107" lon="121.40015028070296">
        <ele>39.92084721941501</ele>
        <time>2026-07-10T11:09:16Z</time>
      </trkpt>
      <trkpt lat="31.22528356492303" lon="121.40019029189914">
        <ele>40.015970510430634</ele>
        <time>2026-07-10T11:09:16Z</time>
      </trkpt>
      <trkpt lat="31.225176617109433" lon="121.40020930400682">
        <ele>39.84686498064548</ele>
        <time>2026-07-10T11:09:16Z</time>
      </trkpt>
      <trkpt lat="31.22534253277346" lon="121.40014828067709">
        <ele>40.05824498552829</ele>
        <time>2026-07-10T11:09:16Z</time>
      </trkpt>
      <trkpt lat="31.225249577717406" lon="121.40016129065563">
        <ele>40.0688193263486</ele>
        <time>2026-07-10T11:09:16Z</time>
      </trkpt>
      <trkpt lat="31.22531054979369" lon="121.40016728620509">
        <ele>40.05824498552829</ele>
        <time>2026-07-10T11:09:16Z</time>
      </trkpt>
      <trkpt lat="31.22534753691301" lon="121.40020828895388">
        <ele>40.46779851336032</ele>
        <time>2026-07-10T11:09:16Z</time>
      </trkpt>
      <trkpt lat="31.22540250703645" lon="121.4001702786195">
        <ele>40.13222722429782</ele>
        <time>2026-07-10T11:09:16Z</time>
      </trkpt>
      <trkpt lat="31.22535153145569" lon="121.40017528378982">
        <ele>40.03711156267673</ele>
        <time>2026-07-10T11:09:16Z</time>
      </trkpt>
      <trkpt lat="31.225311553116" lon="121.40020229121224">
        <ele>39.86800603289157</ele>
        <time>2026-07-10T11:09:16Z</time>
      </trkpt>
      <trkpt lat="31.225579424067828" lon="121.40016926304544">
        <ele>39.84686498064548</ele>
        <time>2026-07-10T11:09:16Z</time>
      </trkpt>
      <trkpt lat="31.225895274916528" lon="121.40015723376604">
        <ele>39.9419882716611</ele>
        <time>2026-07-10T11:09:16Z</time>
      </trkpt>
      <trkpt lat="31.225944253392203" lon="121.40017023137241">
        <ele>39.86800603289157</ele>
        <time>2026-07-10T11:09:16Z</time>
      </trkpt>
      <trkpt lat="31.225681377949343" lon="121.40018425633093">
        <ele>40.11109380144626</ele>
        <time>2026-07-10T11:09:16Z</time>
      </trkpt>
      <trkpt lat="31.225516450561653" lon="121.4001412645052">
        <ele>45.64137486834079</ele>
        <time>2026-07-10T11:09:16Z</time>
      </trkpt>
      <trkpt lat="31.225427482526616" lon="121.400048259167">
        <ele>45.56738500017673</ele>
        <time>2026-07-10T11:09:16Z</time>
      </trkpt>
      <trkpt lat="31.22538752594578" lon="121.40027829587098">
        <ele>46.15661839861423</ele>
        <time>2026-07-10T11:09:16Z</time>
      </trkpt>
      <trkpt lat="31.225344540183098" lon="121.40022529171837">
        <ele>46.51332311052829</ele>
        <time>2026-07-10T11:09:16Z</time>
      </trkpt>
      <trkpt lat="31.225338532945283" lon="121.40013227873436">
        <ele>46.09320287127048</ele>
        <time>2026-07-10T11:09:16Z</time>
      </trkpt>
      <trkpt lat="31.225293552539345" lon="121.40011828066311">
        <ele>45.89238957781345</ele>
        <time>2026-07-10T11:09:16Z</time>
      </trkpt>
      <trkpt lat="31.22524658041281" lon="121.40017329265272">
        <ele>46.471048635430634</ele>
        <time>2026-07-10T11:09:16Z</time>
      </trkpt>
      <trkpt lat="31.225245587649592" lon="121.40023530182769">
        <ele>46.962511342950165</ele>
        <time>2026-07-10T11:09:16Z</time>
      </trkpt>
      <trkpt lat="31.225291561176444" lon="121.40019029120177">
        <ele>46.90173558611423</ele>
        <time>2026-07-10T11:09:16Z</time>
      </trkpt>
      <trkpt lat="31.22530754242655" lon="121.40008427464316">
        <ele>47.7816107692197</ele>
        <time>2026-07-10T11:09:16Z</time>
      </trkpt>
      <trkpt lat="31.225206589314833" lon="121.4000802828867">
        <ele>46.626940053887665</ele>
        <time>2026-07-10T11:09:16Z</time>
      </trkpt>
      <trkpt lat="31.22509163836256" lon="121.40003328638652">
        <ele>46.36535863298923</ele>
        <time>2026-07-10T11:09:16Z</time>
      </trkpt>
      <trkpt lat="31.224761417502492" lon="121.40000198230922">
        <ele>45.37978581804782</ele>
        <time>2026-07-10T11:09:16Z</time>
      </trkpt>
      <trkpt lat="31.224713819410425" lon="121.40007132460286">
        <ele>43.62531499285251</ele>
        <time>2026-07-10T11:09:16Z</time>
      </trkpt>
      <trkpt lat="31.224482763087043" lon="121.39999305529214">
        <ele>46.85946111101657</ele>
        <time>2026-07-10T11:09:16Z</time>
      </trkpt>
      <trkpt lat="31.224512849337465" lon="121.39999756560077">
        <ele>47.85560063738376</ele>
        <time>2026-07-10T11:09:16Z</time>
      </trkpt>
      <trkpt lat="31.225034675130843" lon="121.40013030494862">
        <ele>48.51880864519626</ele>
        <time>2026-07-10T11:09:16Z</time>
      </trkpt>
      <trkpt lat="31.225067775202618" lon="121.40012040994185">
        <ele>47.279581350274384</ele>
        <time>2026-07-10T11:09:16Z</time>
      </trkpt>
      <trkpt lat="31.225139619355307" lon="121.40006728691078">
        <ele>47.424906057305634</ele>
        <time>2026-07-10T11:09:16Z</time>
      </trkpt>
      <trkpt lat="31.22515460602194" lon="121.40000527706287">
        <ele>47.025926870293915</ele>
        <time>2026-07-10T11:09:16Z</time>
      </trkpt>
      <trkpt lat="31.225206584288195" lon="121.40003127608686">
        <ele>47.66799382586032</ele>
        <time>2026-07-10T11:09:16Z</time>
      </trkpt>
      <trkpt lat="31.225269551455778" lon="121.39999826608675">
        <ele>47.089334768243134</ele>
        <time>2026-07-10T11:09:16Z</time>
      </trkpt>
      <trkpt lat="31.22541149403942" lon="121.40008726599844">
        <ele>42.82734898943454</ele>
        <time>2026-07-10T11:09:16Z</time>
      </trkpt>
      <trkpt lat="31.225673371606543" lon="121.40008924344052">
        <ele>42.50235204119235</ele>
        <time>2026-07-10T11:09:16Z</time>
      </trkpt>
      <trkpt lat="31.225648376939198" lon="121.40002723700778">
        <ele>40.71881322283298</ele>
        <time>2026-07-10T11:09:16Z</time>
      </trkpt>
      <trkpt lat="31.22557101590353" lon="121.39995561138791">
        <ele>37.0037787379697</ele>
        <time>2026-07-10T11:09:16Z</time>
      </trkpt>
      <trkpt lat="31.225609621805244" lon="121.39993296175356">
        <ele>21.210909170098603</ele>
        <time>2026-07-10T11:09:16Z</time>
      </trkpt>
      <trkpt lat="31.225588448162082" lon="121.39991613317744">
        <ele>35.60866002459079</ele>
        <time>2026-07-10T11:09:16Z</time>
      </trkpt>
      <trkpt lat="31.225641842137307" lon="121.3999459066334">
        <ele>38.12674168962985</ele>
        <time>2026-07-10T11:09:16Z</time>
      </trkpt>
      <trkpt lat="31.225613471407137" lon="121.39996312922827">
        <ele>39.82837132830173</ele>
        <time>2026-07-10T11:09:16Z</time>
      </trkpt>
      <trkpt lat="31.225612434311426" lon="121.40039729453558">
        <ele>33.796060842461884</ele>
        <time>2026-07-10T11:09:16Z</time>
      </trkpt>
      <trkpt lat="31.22566844319787" lon="121.40068033611504">
        <ele>37.40276555437595</ele>
        <time>2026-07-10T11:09:16Z</time>
      </trkpt>
      <trkpt lat="31.225574495355797" lon="121.4007423550509">
        <ele>35.98650578875095</ele>
        <time>2026-07-10T11:09:16Z</time>
      </trkpt>
      <trkpt lat="31.22543956458512" lon="121.4007873747422">
        <ele>34.34036473650485</ele>
        <time>2026-07-10T11:09:16Z</time>
      </trkpt>
      <trkpt lat="31.225244659697402" lon="121.40081539672423">
        <ele>35.27308873552829</ele>
        <time>2026-07-10T11:09:16Z</time>
      </trkpt>
      <trkpt lat="31.225125727604443" lon="121.40090342302977">
        <ele>35.60866002459079</ele>
        <time>2026-07-10T11:09:16Z</time>
      </trkpt>
      <trkpt lat="31.225133787936315" lon="121.40133150564229">
        <ele>36.7950385035947</ele>
        <time>2026-07-10T11:09:16Z</time>
      </trkpt>
      <trkpt lat="31.22514480237712" lon="121.40145252998794">
        <ele>31.048090261407197</ele>
        <time>2026-07-10T11:09:16Z</time>
      </trkpt>
      <trkpt lat="31.225178796073486" lon="121.4015105394276">
        <ele>30.680818838067353</ele>
        <time>2026-07-10T11:09:16Z</time>
      </trkpt>
      <trkpt lat="31.225288753816386" lon="121.40156554176491">
        <ele>39.31312779802829</ele>
        <time>2026-07-10T11:09:16Z</time>
      </trkpt>
      <trkpt lat="31.225370731040194" lon="121.40165655469976">
        <ele>37.854593557305634</ele>
        <time>2026-07-10T11:09:16Z</time>
      </trkpt>
      <trkpt lat="31.225464699651347" lon="121.40172856270537">
        <ele>33.870043081231415</ele>
        <time>2026-07-10T11:09:16Z</time>
      </trkpt>
      <trkpt lat="31.22571563858452" lon="121.4020356129728">
        <ele>36.229593557305634</ele>
        <time>2026-07-10T11:09:16Z</time>
      </trkpt>
      <trkpt lat="31.225711682467598" lon="121.40225066681461">
        <ele>25.935289663262665</ele>
        <time>2026-07-10T11:09:16Z</time>
      </trkpt>
      <trkpt lat="31.225825737704014" lon="121.40276379439574">
        <ele>37.04605321306735</ele>
        <time>2026-07-10T11:09:16Z</time>
      </trkpt>
      <trkpt lat="31.225883735154717" lon="121.40287282035442">
        <ele>30.33468083757907</ele>
        <time>2026-07-10T11:09:16Z</time>
      </trkpt>
      <trkpt lat="31.22625154497195" lon="121.40279276545151">
        <ele>33.1354926051572</ele>
        <time>2026-07-10T11:09:16Z</time>
      </trkpt>
      <trkpt lat="31.22648840760136" lon="121.40267271119102">
        <ele>36.1556113185361</ele>
        <time>2026-07-10T11:09:16Z</time>
      </trkpt>
      <trkpt lat="31.226614344799152" lon="121.402654695233">
        <ele>37.056627553887665</ele>
        <time>2026-07-10T11:09:16Z</time>
      </trkpt>
      <trkpt lat="31.22681525441965" lon="121.4026706821322">
        <ele>31.362520498223603</ele>
        <time>2026-07-10T11:09:16Z</time>
      </trkpt>
      <trkpt lat="31.22715107033852" lon="121.402544618395">
        <ele>36.07105473894626</ele>
        <time>2026-07-10T11:09:16Z</time>
      </trkpt>
      <trkpt lat="31.227220037927903" lon="121.40254361210997">
        <ele>34.60195378679782</ele>
        <time>2026-07-10T11:09:16Z</time>
      </trkpt>
      <trkpt lat="31.227316014689823" lon="121.40264363100606">
        <ele>34.18447331804782</ele>
        <time>2026-07-10T11:09:16Z</time>
      </trkpt>
      <trkpt lat="31.227340035536457" lon="121.4027886693886">
        <ele>35.45276097673923</ele>
        <time>2026-07-10T11:09:16Z</time>
      </trkpt>
      <trkpt lat="31.227323105872927" lon="121.40305974950304">
        <ele>32.5911810817197</ele>
        <time>2026-07-10T11:09:16Z</time>
      </trkpt>
      <trkpt lat="31.227352111394897" lon="121.40313977093177">
        <ele>35.022074026055634</ele>
        <time>2026-07-10T11:09:16Z</time>
      </trkpt>
      <trkpt lat="31.22735714975249" lon="121.40330682159932">
        <ele>32.55947331804782</ele>
        <time>2026-07-10T11:09:16Z</time>
      </trkpt>
      <trkpt lat="31.227536191516265" lon="121.40379196279878">
        <ele>36.1556113185361</ele>
        <time>2026-07-10T11:09:16Z</time>
      </trkpt>
      <trkpt lat="31.22762123124291" lon="121.40408005441168">
        <ele>35.975931447930634</ele>
        <time>2026-07-10T11:09:16Z</time>
      </trkpt>
      <trkpt lat="31.227694294793206" lon="121.40441716951459">
        <ele>30.807649892754853</ele>
        <time>2026-07-10T11:09:16Z</time>
      </trkpt>
      <trkpt lat="31.22782934832787" lon="121.40479830234554">
        <ele>37.48731450457126</ele>
        <time>2026-07-10T11:09:16Z</time>
      </trkpt>
      <trkpt lat="31.22786136920798" lon="121.40491134392744">
        <ele>37.36048344988376</ele>
        <time>2026-07-10T11:09:16Z</time>
      </trkpt>
      <trkpt lat="31.22792838638533" lon="121.40506139803696">
        <ele>35.72491673845798</ele>
        <time>2026-07-10T11:09:16Z</time>
      </trkpt>
      <trkpt lat="31.228003499933067" lon="121.40550357511835">
        <ele>33.1354926051572</ele>
        <time>2026-07-10T11:09:16Z</time>
      </trkpt>
      <trkpt lat="31.228026555038724" lon="121.4056916543687">
        <ele>36.240160268731415</ele>
        <time>2026-07-10T11:09:16Z</time>
      </trkpt>
      <trkpt lat="31.228009662468665" lon="121.40596777855286">
        <ele>33.38650731462985</ele>
        <time>2026-07-10T11:09:16Z</time>
      </trkpt>
      <trkpt lat="31.228050662130563" lon="121.4060187980968">
        <ele>58.70741490740329</ele>
        <time>2026-07-10T11:09:16Z</time>
      </trkpt>
      <trkpt lat="31.22820058525871" lon="121.40599977639296">
        <ele>12.605020803399384</ele>
        <time>2026-07-10T11:09:16Z</time>
      </trkpt>
      <trkpt lat="31.22847543046174" lon="121.40592671944817">
        <ele>54.00152806658298</ele>
        <time>2026-07-10T11:09:16Z</time>
      </trkpt>
      <trkpt lat="31.228763264505425" lon="121.40583865497206">
        <ele>32.62024907488376</ele>
        <time>2026-07-10T11:09:16Z</time>
      </trkpt>
      <trkpt lat="31.229053090555333" lon="121.40572958149802">
        <ele>14.3304274501279</ele>
        <time>2026-07-10T11:09:16Z</time>
      </trkpt>
      <trkpt lat="31.229470851779354" lon="121.40560349013782">
        <ele>31.373094839043915</ele>
        <time>2026-07-10T11:09:16Z</time>
      </trkpt>
      <trkpt lat="31.229672734231706" lon="121.40553544323963">
        <ele>20.91761235613376</ele>
        <time>2026-07-10T11:09:16Z</time>
      </trkpt>
      <trkpt lat="31.22973671530105" lon="121.40556645098232">
        <ele>26.299928945489228</ele>
        <time>2026-07-10T11:09:16Z</time>
      </trkpt>
      <trkpt lat="31.229812752803713" lon="121.40577253418374">
        <ele>47.38263158220798</ele>
        <time>2026-07-10T11:09:16Z</time>
      </trkpt>
      <trkpt lat="31.22990575145884" lon="121.40588857765407">
        <ele>-0.06996698956936598</ele>
        <time>2026-07-10T11:09:16Z</time>
      </trkpt>
      <trkpt lat="31.23002770939906" lon="121.40592858497054">
        <ele>49.33791570086032</ele>
        <time>2026-07-10T11:09:16Z</time>
      </trkpt>
      <trkpt lat="31.23017162112571" lon="121.40586954596856">
        <ele>53.06616429705173</ele>
        <time>2026-07-10T11:09:16Z</time>
      </trkpt>
      <trkpt lat="31.23034652621328" lon="121.4058315137763">
        <ele>61.87285832781345</ele>
        <time>2026-07-10T11:09:16Z</time>
      </trkpt>
      <trkpt lat="31.23055942780854" lon="121.40583249565259">
        <ele>55.10335759539157</ele>
        <time>2026-07-10T11:09:16Z</time>
      </trkpt>
      <trkpt lat="31.23093029472832" lon="121.40593951120283">
        <ele>55.1773398341611</ele>
        <time>2026-07-10T11:09:16Z</time>
      </trkpt>
      <trkpt lat="31.23110720836379" lon="121.40592749037093">
        <ele>47.60457829851657</ele>
        <time>2026-07-10T11:09:16Z</time>
      </trkpt>
      <trkpt lat="31.231229163574355" lon="121.40595949415645">
        <ele>22.97858647722751</ele>
        <time>2026-07-10T11:09:16Z</time>
      </trkpt>
      <trkpt lat="31.231675963680683" lon="121.40597846377614">
        <ele>27.475740713067353</ele>
        <time>2026-07-10T11:09:16Z</time>
      </trkpt>
      <trkpt lat="31.232067792351742" lon="121.40600544183947">
        <ele>37.466173452325165</ele>
        <time>2026-07-10T11:09:16Z</time>
      </trkpt>
      <trkpt lat="31.232134764333992" lon="121.40601343963185">
        <ele>51.21657018084079</ele>
        <time>2026-07-10T11:09:16Z</time>
      </trkpt>
      <trkpt lat="31.23227475471757" lon="121.40616149526164">
        <ele>34.34036473650485</ele>
        <time>2026-07-10T11:09:16Z</time>
      </trkpt>
      <trkpt lat="31.232348738604067" lon="121.40620951106175">
        <ele>32.171060842461884</ele>
        <time>2026-07-10T11:09:16Z</time>
      </trkpt>
      <trkpt lat="31.232440703290123" lon="121.40622851188296">
        <ele>41.096658986993134</ele>
        <time>2026-07-10T11:09:16Z</time>
      </trkpt>
      <trkpt lat="31.232553683054814" lon="121.40631254135249">
        <ele>36.76333073992282</ele>
        <time>2026-07-10T11:09:16Z</time>
      </trkpt>
      <trkpt lat="31.232625716224565" lon="121.4064846167644">
        <ele>39.46901921648532</ele>
        <time>2026-07-10T11:09:16Z</time>
      </trkpt>
      <trkpt lat="31.2326626773719" lon="121.40642858676904">
        <ele>41.778368276543915</ele>
        <time>2026-07-10T11:09:16Z</time>
      </trkpt>
      <trkpt lat="31.233370108995235" lon="121.40820245395449">
        <ele>31.87776402849704</ele>
        <time>2026-07-10T11:09:16Z</time>
      </trkpt>
      <trkpt lat="31.233596006226264" lon="121.40820543596678">
        <ele>36.54402379412204</ele>
        <time>2026-07-10T11:09:16Z</time>
      </trkpt>
      <trkpt lat="31.233853393609976" lon="121.40815548302012">
        <ele>35.86231450457126</ele>
        <time>2026-07-10T11:09:16Z</time>
      </trkpt>
      <trkpt lat="31.23374482895509" lon="121.40797029017598">
        <ele>36.113329214043915</ele>
        <time>2026-07-10T11:09:16Z</time>
      </trkpt>
      <trkpt lat="31.23386374635153" lon="121.40790924581242">
        <ele>36.82674626726657</ele>
        <time>2026-07-10T11:09:16Z</time>
      </trkpt>
      <trkpt lat="31.233845906847257" lon="121.40795888430374">
        <ele>37.96028355974704</ele>
        <time>2026-07-10T11:09:16Z</time>
      </trkpt>
      <trkpt lat="31.233636930171564" lon="121.40808236251557">
        <ele>44.801126760430634</ele>
        <time>2026-07-10T11:09:16Z</time>
      </trkpt>
      <trkpt lat="31.233527031952136" lon="121.40819243455832">
        <ele>44.61352757830173</ele>
        <time>2026-07-10T11:09:16Z</time>
      </trkpt>
      <trkpt lat="31.233595556776805" lon="121.4083113592818">
        <ele>42.31475285906345</ele>
        <time>2026-07-10T11:09:16Z</time>
      </trkpt>
      <trkpt lat="31.233752154939626" lon="121.40830979987912">
        <ele>44.03486852068454</ele>
        <time>2026-07-10T11:09:16Z</time>
      </trkpt>
      <trkpt lat="31.233763999925902" lon="121.40835650821103">
        <ele>43.258043569512665</ele>
        <time>2026-07-10T11:09:16Z</time>
      </trkpt>
      <trkpt lat="31.233808964987347" lon="121.40832648692823">
        <ele>43.03872899431735</ele>
        <time>2026-07-10T11:09:16Z</time>
      </trkpt>
      <trkpt lat="31.233892931502286" lon="121.40833748596516">
        <ele>43.11007146257907</ele>
        <time>2026-07-10T11:09:16Z</time>
      </trkpt>
      <trkpt lat="31.23392269432522" lon="121.40836519595125">
        <ele>43.83670262712985</ele>
        <time>2026-07-10T11:09:16Z</time>
      </trkpt>
      <trkpt lat="31.23378593554393" lon="121.40824144000815">
        <ele>43.02816228289157</ele>
        <time>2026-07-10T11:09:21Z</time>
      </trkpt>
      <trkpt lat="31.233677972650458" lon="121.40821443396307">
        <ele>43.35315923113376</ele>
        <time>2026-07-10T11:09:16Z</time>
      </trkpt>
      <trkpt lat="31.233547871119896" lon="121.40826406156779">
        <ele>43.89747075457126</ele>
        <time>2026-07-10T11:09:16Z</time>
      </trkpt>
      <trkpt lat="31.233545026458472" lon="121.40819843641431">
        <ele>43.258043569512665</ele>
        <time>2026-07-10T11:09:16Z</time>
      </trkpt>
      <trkpt lat="31.23347411651514" lon="121.40832051266574">
        <ele>44.10885075945407</ele>
        <time>2026-07-10T11:09:16Z</time>
      </trkpt>
      <trkpt lat="31.233433125026416" lon="121.40829850354699">
        <ele>44.7271445216611</ele>
        <time>2026-07-10T11:09:16Z</time>
      </trkpt>
      <trkpt lat="31.219170417734933" lon="121.41130872193833">
        <ele>49.05254582781345</ele>
        <time>2026-07-10T11:09:21Z</time>
      </trkpt>
      <trkpt lat="31.219227404106157" lon="121.41133073320204">
        <ele>42.08223180193454</ele>
        <time>2026-07-10T11:09:21Z</time>
      </trkpt>
      <trkpt lat="31.219305392751902" lon="121.41137275746198">
        <ele>60.12896184343845</ele>
        <time>2026-07-10T11:19:01Z</time>
      </trkpt>
      <trkpt lat="31.219289365010912" lon="121.41131471599566">
        <ele>53.045023244805634</ele>
        <time>2026-07-10T11:19:01Z</time>
      </trkpt>
      <trkpt lat="31.219323840374038" lon="121.4112328142511">
        <ele>44.328165334649384</ele>
        <time>2026-07-10T11:19:01Z</time>
      </trkpt>
      <trkpt lat="31.219353242859636" lon="121.41116259895101">
        <ele>45.609667104668915</ele>
        <time>2026-07-10T11:19:01Z</time>
      </trkpt>
      <trkpt lat="31.219326306444916" lon="121.41108380755396">
        <ele>44.90681676287204</ele>
        <time>2026-07-10T11:19:01Z</time>
      </trkpt>
      <trkpt lat="31.219195411071023" lon="121.41100208812355">
        <ele>50.49258641619235</ele>
        <time>2026-07-10T11:19:01Z</time>
      </trkpt>
    </trkseg>
  </trk>
</gpx>