<?xml version="1.0" encoding="UTF-8"?>
<gpx xmlns="http://www.topografix.com/GPX/1/1" xmlns:gpxtpx="http://www.garmin.com/xmlschemas/TrackPointExtension/v1" xmlns:xsi="http://www.w3.org/2001/XMLSchema-instance" xsi:schemaLocation="http://www.topografix.com/GPX/1/1 http://www.topografix.com/GPX/1/1/gpx.xsd" version="1.1" creator="gpx.py -- https://github.com/tkrajina/gpxpy">
  <trk>
    <name>gpx from keep</name>
    <type>Run</type>
    <trkseg>
      <trkpt lat="31.313710589843833" lon="121.54839919452247">
        <ele>19.537076820619404</ele>
        <time>2026-06-20T11:20:59Z</time>
      </trkpt>
      <trkpt lat="31.313694702012153" lon="121.54793907732855">
        <ele>19.62955652642995</ele>
        <time>2026-06-20T11:20:59Z</time>
      </trkpt>
      <trkpt lat="31.313677993937567" lon="121.54757418537925">
        <ele>20.26898752618581</ele>
        <time>2026-06-20T11:20:59Z</time>
      </trkpt>
      <trkpt lat="31.31368012298973" lon="121.54713309790432">
        <ele>19.870004524476826</ele>
        <time>2026-06-20T11:20:59Z</time>
      </trkpt>
      <trkpt lat="31.313704444470233" lon="121.5467962601243">
        <ele>19.85943399835378</ele>
        <time>2026-06-20T11:20:59Z</time>
      </trkpt>
      <trkpt lat="31.3137161038519" lon="121.5466278395144">
        <ele>19.943986763246357</ele>
        <time>2026-06-20T11:20:59Z</time>
      </trkpt>
      <trkpt lat="31.313679752333144" lon="121.54644538662627">
        <ele>19.6929720537737</ele>
        <time>2026-06-20T11:20:59Z</time>
      </trkpt>
      <trkpt lat="31.313657896715025" lon="121.5460163108798">
        <ele>18.939924110658467</ele>
        <time>2026-06-20T11:20:59Z</time>
      </trkpt>
      <trkpt lat="31.31366598018373" lon="121.545566171662">
        <ele>19.378541816957295</ele>
        <time>2026-06-20T11:20:59Z</time>
      </trkpt>
      <trkpt lat="31.313693492829533" lon="121.54533257528651">
        <ele>19.29662882257253</ele>
        <time>2026-06-20T11:20:59Z</time>
      </trkpt>
      <trkpt lat="31.313692603850676" lon="121.54489946805404">
        <ele>20.08138452935964</ele>
        <time>2026-06-20T11:20:59Z</time>
      </trkpt>
      <trkpt lat="31.313672667585923" lon="121.54444329529406">
        <ele>19.891141762025654</ele>
        <time>2026-06-20T11:20:59Z</time>
      </trkpt>
      <trkpt lat="31.313690701143923" lon="121.54398310060138">
        <ele>19.6929720537737</ele>
        <time>2026-06-20T11:20:59Z</time>
      </trkpt>
      <trkpt lat="31.313686752580256" lon="121.54353092035053">
        <ele>19.78809153009206</ele>
        <time>2026-06-20T11:20:59Z</time>
      </trkpt>
      <trkpt lat="31.31369274412673" lon="121.54305567037053">
        <ele>16.72305475641042</ele>
        <time>2026-06-20T11:20:59Z</time>
      </trkpt>
      <trkpt lat="31.313732764310668" lon="121.54260346996199">
        <ele>18.897645820863545</ele>
        <time>2026-06-20T11:20:59Z</time>
      </trkpt>
      <trkpt lat="31.31375226873535" lon="121.54237586280806">
        <ele>19.13809381891042</ele>
        <time>2026-06-20T11:20:59Z</time>
      </trkpt>
      <trkpt lat="31.313734683852076" lon="121.54210113071431">
        <ele>19.576711525209248</ele>
        <time>2026-06-20T11:20:59Z</time>
      </trkpt>
      <trkpt lat="31.313765524901417" lon="121.54203294562924">
        <ele>19.325693001039326</ele>
        <time>2026-06-20T11:20:59Z</time>
      </trkpt>
      <trkpt lat="31.313770163102983" lon="121.54186649896533">
        <ele>19.640127052552998</ele>
        <time>2026-06-20T11:20:59Z</time>
      </trkpt>
      <trkpt lat="31.313748984271587" lon="121.54178026911642">
        <ele>20.152726997621357</ele>
        <time>2026-06-20T11:20:59Z</time>
      </trkpt>
      <trkpt lat="31.313733296996414" lon="121.54146141149535">
        <ele>19.254354347474873</ele>
        <time>2026-06-20T11:20:59Z</time>
      </trkpt>
      <trkpt lat="31.31369363262194" lon="121.5406953354041">
        <ele>18.37447534967214</ele>
        <time>2026-06-20T11:20:59Z</time>
      </trkpt>
      <trkpt lat="31.313687629877233" lon="121.54024109250528">
        <ele>18.971628059633076</ele>
        <time>2026-06-20T11:20:59Z</time>
      </trkpt>
      <trkpt lat="31.31368769420347" lon="121.53982093556066">
        <ele>19.2754915850237</ele>
        <time>2026-06-20T11:20:59Z</time>
      </trkpt>
      <trkpt lat="31.313691129631586" lon="121.5395692390765">
        <ele>19.608419288881123</ele>
        <time>2026-06-20T11:20:59Z</time>
      </trkpt>
      <trkpt lat="31.313711988990867" lon="121.53951007334173">
        <ele>19.671831001527607</ele>
        <time>2026-06-20T11:20:59Z</time>
      </trkpt>
      <trkpt lat="31.31366296714453" lon="121.53949202739223">
        <ele>19.5661409990862</ele>
        <time>2026-06-20T11:20:59Z</time>
      </trkpt>
      <trkpt lat="31.313611022928335" lon="121.5395080762379">
        <ele>19.58727823663503</ele>
        <time>2026-06-20T11:20:59Z</time>
      </trkpt>
      <trkpt lat="31.313520982941835" lon="121.53947499199958">
        <ele>19.378541816957295</ele>
        <time>2026-06-20T11:20:59Z</time>
      </trkpt>
      <trkpt lat="31.313387763300998" lon="121.53935466907234">
        <ele>19.83829676080495</ele>
        <time>2026-06-20T11:20:59Z</time>
      </trkpt>
      <trkpt lat="31.313263767697112" lon="121.53933562651335">
        <ele>19.452524055726826</ele>
        <time>2026-06-20T11:20:59Z</time>
      </trkpt>
      <trkpt lat="31.312925898788855" lon="121.53933665760259">
        <ele>19.410245765931904</ele>
        <time>2026-06-20T11:20:59Z</time>
      </trkpt>
      <trkpt lat="31.31254393401735" lon="121.53928755299518">
        <ele>19.954557289369404</ele>
        <time>2026-06-20T11:20:59Z</time>
      </trkpt>
      <trkpt lat="31.31214105636705" lon="121.53927354769714">
        <ele>19.975694526918232</ele>
        <time>2026-06-20T11:20:59Z</time>
      </trkpt>
      <trkpt lat="31.31171822491232" lon="121.53927659148327">
        <ele>19.42081629205495</ele>
        <time>2026-06-20T11:20:59Z</time>
      </trkpt>
      <trkpt lat="31.31129740416948" lon="121.53928464904449">
        <ele>18.918783058412373</ele>
        <time>2026-06-20T11:20:59Z</time>
      </trkpt>
      <trkpt lat="31.310906540518097" lon="121.53927866505086">
        <ele>19.515939583070576</ele>
        <time>2026-06-20T11:20:59Z</time>
      </trkpt>
      <trkpt lat="31.310510608969" lon="121.53924159499657">
        <ele>19.1486605303362</ele>
        <time>2026-06-20T11:20:59Z</time>
      </trkpt>
      <trkpt lat="31.31033056290391" lon="121.53919046772137">
        <ele>18.813093055970967</ele>
        <time>2026-06-20T11:20:59Z</time>
      </trkpt>
      <trkpt lat="31.30999734705258" lon="121.53903807078837">
        <ele>20.04703699517995</ele>
        <time>2026-06-20T11:20:59Z</time>
      </trkpt>
      <trkpt lat="31.309706044036247" lon="121.53885458257513">
        <ele>19.42081629205495</ele>
        <time>2026-06-20T11:20:59Z</time>
      </trkpt>
      <trkpt lat="31.30962904642528" lon="121.53884255536832">
        <ele>19.93341623712331</ele>
        <time>2026-06-20T11:20:59Z</time>
      </trkpt>
      <trkpt lat="31.309440704972427" lon="121.53866006003749">
        <ele>19.93341623712331</ele>
        <time>2026-06-20T11:20:59Z</time>
      </trkpt>
      <trkpt lat="31.309159564881313" lon="121.53855077690855">
        <ele>18.72061335016042</ele>
        <time>2026-06-20T11:20:59Z</time>
      </trkpt>
      <trkpt lat="31.30879636932245" lon="121.53840339305458">
        <ele>20.541139473207295</ele>
        <time>2026-06-20T11:20:59Z</time>
      </trkpt>
      <trkpt lat="31.30850512708817" lon="121.5382479797789">
        <ele>19.286062111146748</ele>
        <time>2026-06-20T11:20:59Z</time>
      </trkpt>
      <trkpt lat="31.308208879225134" lon="121.53808955755848">
        <ele>20.06024729181081</ele>
        <time>2026-06-20T11:20:59Z</time>
      </trkpt>
      <trkpt lat="31.307882605461074" lon="121.53791509154391">
        <ele>19.870004524476826</ele>
        <time>2026-06-20T11:20:59Z</time>
      </trkpt>
      <trkpt lat="31.30755531509402" lon="121.53773360461408">
        <ele>20.184434761293232</ele>
        <time>2026-06-20T11:20:59Z</time>
      </trkpt>
      <trkpt lat="31.307240042273477" lon="121.53756214401831">
        <ele>19.901708473451436</ele>
        <time>2026-06-20T11:20:59Z</time>
      </trkpt>
      <trkpt lat="31.306938772475334" lon="121.53739469263532">
        <ele>20.84500299859792</ele>
        <time>2026-06-20T11:20:59Z</time>
      </trkpt>
      <trkpt lat="31.306624499977325" lon="121.53722423276217">
        <ele>20.06024729181081</ele>
        <time>2026-06-20T11:20:59Z</time>
      </trkpt>
      <trkpt lat="31.30634116574836" lon="121.5370327090139">
        <ele>20.099881996400654</ele>
        <time>2026-06-20T11:20:59Z</time>
      </trkpt>
      <trkpt lat="31.30603982112427" lon="121.53683416535095">
        <ele>19.85943399835378</ele>
        <time>2026-06-20T11:20:59Z</time>
      </trkpt>
      <trkpt lat="31.305789338463285" lon="121.53658547181396">
        <ele>19.325693001039326</ele>
        <time>2026-06-20T11:20:59Z</time>
      </trkpt>
      <trkpt lat="31.30554679444527" lon="121.53631270598817">
        <ele>20.121019233949482</ele>
        <time>2026-06-20T11:20:59Z</time>
      </trkpt>
      <trkpt lat="31.30541450940489" lon="121.53616930273266">
        <ele>19.62955652642995</ele>
        <time>2026-06-20T11:20:59Z</time>
      </trkpt>
      <trkpt lat="31.305179854879356" lon="121.53585240427337">
        <ele>21.973253120668232</ele>
        <time>2026-06-20T11:20:59Z</time>
      </trkpt>
      <trkpt lat="31.304939133213683" lon="121.53550742105425">
        <ele>21.878129829652607</ele>
        <time>2026-06-20T11:20:59Z</time>
      </trkpt>
      <trkpt lat="31.30472734660359" lon="121.53514136972338">
        <ele>21.29418741632253</ele>
        <time>2026-06-20T11:20:59Z</time>
      </trkpt>
      <trkpt lat="31.30449739999217" lon="121.53470711487243">
        <ele>19.180368294008076</ele>
        <time>2026-06-20T11:20:59Z</time>
      </trkpt>
      <trkpt lat="31.30428662846485" lon="121.53435108322171">
        <ele>18.950490822084248</ele>
        <time>2026-06-20T11:20:59Z</time>
      </trkpt>
      <trkpt lat="31.30409794627352" lon="121.53403717037008">
        <ele>19.169801582582295</ele>
        <time>2026-06-20T11:20:59Z</time>
      </trkpt>
      <trkpt lat="31.303852025999056" lon="121.53361694273026">
        <ele>19.180368294008076</ele>
        <time>2026-06-20T11:20:59Z</time>
      </trkpt>
      <trkpt lat="31.303645322272114" lon="121.53329399685539">
        <ele>19.34683405328542</ele>
        <time>2026-06-20T11:20:59Z</time>
      </trkpt>
      <trkpt lat="31.303481730998396" lon="121.53302520631571">
        <ele>19.494798530824482</ele>
        <time>2026-06-20T11:20:59Z</time>
      </trkpt>
      <trkpt lat="31.30327900310436" lon="121.53269523281591">
        <ele>18.688905586488545</ele>
        <time>2026-06-20T11:20:59Z</time>
      </trkpt>
      <trkpt lat="31.303135453700946" lon="121.53244850195821">
        <ele>18.971628059633076</ele>
        <time>2026-06-20T11:20:59Z</time>
      </trkpt>
      <trkpt lat="31.302905733559896" lon="121.53211952768801">
        <ele>19.537076820619404</ele>
        <time>2026-06-20T11:20:59Z</time>
      </trkpt>
      <trkpt lat="31.30270308425909" lon="121.53182465123237">
        <ele>20.654760231263936</ele>
        <time>2026-06-20T11:20:59Z</time>
      </trkpt>
      <trkpt lat="31.302506442679615" lon="121.53153478681189">
        <ele>19.07467829156667</ele>
        <time>2026-06-20T11:20:59Z</time>
      </trkpt>
      <trkpt lat="31.302268654984314" lon="121.5311807272162">
        <ele>19.20150934625417</ele>
        <time>2026-06-20T11:20:59Z</time>
      </trkpt>
      <trkpt lat="31.30200083304121" lon="121.53080961400289">
        <ele>19.190938820131123</ele>
        <time>2026-06-20T11:20:59Z</time>
      </trkpt>
      <trkpt lat="31.301773024459663" lon="121.53045153334226">
        <ele>19.83829676080495</ele>
        <time>2026-06-20T11:20:59Z</time>
      </trkpt>
      <trkpt lat="31.30157624074901" lon="121.53010949573954">
        <ele>19.389108528383076</ele>
        <time>2026-06-20T11:20:59Z</time>
      </trkpt>
      <trkpt lat="31.30140850090855" lon="121.52979052363112">
        <ele>20.04703699517995</ele>
        <time>2026-06-20T11:20:59Z</time>
      </trkpt>
      <trkpt lat="31.301247778560086" lon="121.52948057594206">
        <ele>19.116956581361592</ele>
        <time>2026-06-20T11:20:59Z</time>
      </trkpt>
      <trkpt lat="31.30104008500998" lon="121.52917564498472">
        <ele>19.71410929132253</ele>
        <time>2026-06-20T11:20:59Z</time>
      </trkpt>
      <trkpt lat="31.30083138435401" lon="121.52886870512248">
        <ele>20.424878944642842</ele>
        <time>2026-06-20T11:20:59Z</time>
      </trkpt>
      <trkpt lat="31.300622676169784" lon="121.52855975624013">
        <ele>19.975694526918232</ele>
        <time>2026-06-20T11:20:59Z</time>
      </trkpt>
      <trkpt lat="31.3004420885309" lon="121.52830296606393">
        <ele>20.039110054261982</ele>
        <time>2026-06-20T11:20:59Z</time>
      </trkpt>
      <trkpt lat="31.300329596336226" lon="121.5280943197786">
        <ele>20.43544947076589</ele>
        <time>2026-06-20T11:20:59Z</time>
      </trkpt>
      <trkpt lat="31.30028251677979" lon="121.52805620380353">
        <ele>21.513498176820576</ele>
        <time>2026-06-20T11:20:59Z</time>
      </trkpt>
      <trkpt lat="31.30021918502972" lon="121.52791777323463">
        <ele>20.884637703187764</ele>
        <time>2026-06-20T11:20:59Z</time>
      </trkpt>
      <trkpt lat="31.300142914901652" lon="121.52780141282429">
        <ele>21.167360176332295</ele>
        <time>2026-06-20T11:20:59Z</time>
      </trkpt>
      <trkpt lat="31.29978707479373" lon="121.52742224476445">
        <ele>20.64418970514089</ele>
        <time>2026-06-20T11:20:59Z</time>
      </trkpt>
      <trkpt lat="31.299610363743188" lon="121.5271213059886">
        <ele>20.16329370904714</ele>
        <time>2026-06-20T11:20:59Z</time>
      </trkpt>
      <trkpt lat="31.299525846571694" lon="121.5269096408699">
        <ele>20.56228052545339</ele>
        <time>2026-06-20T11:20:59Z</time>
      </trkpt>
      <trkpt lat="31.299355218419933" lon="121.52664280601479">
        <ele>20.47772776056081</ele>
        <time>2026-06-20T11:20:59Z</time>
      </trkpt>
      <trkpt lat="31.29909829967701" lon="121.52625258224846">
        <ele>22.55983911920339</ele>
        <time>2026-06-20T11:20:59Z</time>
      </trkpt>
      <trkpt lat="31.298832270154264" lon="121.5258202199962">
        <ele>20.382604469545186</ele>
        <time>2026-06-20T11:20:59Z</time>
      </trkpt>
      <trkpt lat="31.29863146191249" lon="121.52548315400237">
        <ele>24.023656715638936</ele>
        <time>2026-06-20T11:20:59Z</time>
      </trkpt>
      <trkpt lat="31.29841072796355" lon="121.52517217082801">
        <ele>24.808412422426045</ele>
        <time>2026-06-20T11:20:59Z</time>
      </trkpt>
      <trkpt lat="31.298171903185736" lon="121.52482506986894">
        <ele>21.35760294366628</ele>
        <time>2026-06-20T11:20:59Z</time>
      </trkpt>
      <trkpt lat="31.29797811651773" lon="121.52450003358436">
        <ele>19.912278999574482</ele>
        <time>2026-06-20T11:20:59Z</time>
      </trkpt>
      <trkpt lat="31.29771334233385" lon="121.5241699842752">
        <ele>21.428945411927998</ele>
        <time>2026-06-20T11:20:59Z</time>
      </trkpt>
      <trkpt lat="31.297496479573116" lon="121.5238148464355">
        <ele>21.241342415101826</ele>
        <time>2026-06-20T11:20:59Z</time>
      </trkpt>
      <trkpt lat="31.297265611545757" lon="121.52345669679302">
        <ele>20.979757179506123</ele>
        <time>2026-06-20T11:20:59Z</time>
      </trkpt>
      <trkpt lat="31.297018728220664" lon="121.52309152232337">
        <ele>20.85292993951589</ele>
        <time>2026-06-20T11:20:59Z</time>
      </trkpt>
      <trkpt lat="31.296775772755534" lon="121.52270126184617">
        <ele>21.00089441705495</ele>
        <time>2026-06-20T11:20:59Z</time>
      </trkpt>
      <trkpt lat="31.29664933242673" lon="121.52251967523108">
        <ele>21.13565241266042</ele>
        <time>2026-06-20T11:20:59Z</time>
      </trkpt>
      <trkpt lat="31.296489986051082" lon="121.52236818978126">
        <ele>21.13565241266042</ele>
        <time>2026-06-20T11:20:59Z</time>
      </trkpt>
      <trkpt lat="31.29622602489481" lon="121.52197491439647">
        <ele>20.916341652162373</ele>
        <time>2026-06-20T11:20:59Z</time>
      </trkpt>
      <trkpt lat="31.296008244305966" lon="121.5216558774221">
        <ele>21.471219887025654</ele>
        <time>2026-06-20T11:20:59Z</time>
      </trkpt>
      <trkpt lat="31.29590032735494" lon="121.52130371894397">
        <ele>21.722238411195576</ele>
        <time>2026-06-20T11:20:59Z</time>
      </trkpt>
      <trkpt lat="31.29581149634389" lon="121.52098667285959">
        <ele>21.093374122865498</ele>
        <time>2026-06-20T11:20:59Z</time>
      </trkpt>
      <trkpt lat="31.29569957896433" lon="121.52063551271752">
        <ele>21.08544718194753</ele>
        <time>2026-06-20T11:20:59Z</time>
      </trkpt>
      <trkpt lat="31.295579814013404" lon="121.52033953489577">
        <ele>20.948049415834248</ele>
        <time>2026-06-20T11:20:59Z</time>
      </trkpt>
      <trkpt lat="31.29551941867138" lon="121.52018703020488">
        <ele>21.471219887025654</ele>
        <time>2026-06-20T11:20:59Z</time>
      </trkpt>
      <trkpt lat="31.295414290898552" lon="121.51976261772889">
        <ele>21.103944648988545</ele>
        <time>2026-06-20T11:20:59Z</time>
      </trkpt>
      <trkpt lat="31.295229330489352" lon="121.51938837677916">
        <ele>21.376100410707295</ele>
        <time>2026-06-20T11:20:59Z</time>
      </trkpt>
      <trkpt lat="31.29516591133065" lon="121.51922784221468">
        <ele>20.905774940736592</ele>
        <time>2026-06-20T11:20:59Z</time>
      </trkpt>
      <trkpt lat="31.29515758370922" lon="121.51910844100449">
        <ele>21.022035469301045</ele>
        <time>2026-06-20T11:20:59Z</time>
      </trkpt>
      <trkpt lat="31.29501048357617" lon="121.5186910460733">
        <ele>20.905774940736592</ele>
        <time>2026-06-20T11:20:59Z</time>
      </trkpt>
      <trkpt lat="31.294844421407227" lon="121.51828568991077">
        <ele>21.347032417543232</ele>
        <time>2026-06-20T11:20:59Z</time>
      </trkpt>
      <trkpt lat="31.294711393507807" lon="121.51789838890745">
        <ele>20.49886499810964</ele>
        <time>2026-06-20T11:20:59Z</time>
      </trkpt>
      <trkpt lat="31.294580564437652" lon="121.51758333028792">
        <ele>21.0643099443987</ele>
        <time>2026-06-20T11:20:59Z</time>
      </trkpt>
      <trkpt lat="31.294436378416385" lon="121.51713983346875">
        <ele>20.969190468080342</ele>
        <time>2026-06-20T11:20:59Z</time>
      </trkpt>
      <trkpt lat="31.294367915282642" lon="121.51696524417176">
        <ele>20.64418970514089</ele>
        <time>2026-06-20T11:20:59Z</time>
      </trkpt>
      <trkpt lat="31.29435267025395" lon="121.51687594085578">
        <ele>20.64418970514089</ele>
        <time>2026-06-20T11:20:59Z</time>
      </trkpt>
      <trkpt lat="31.29436139569742" lon="121.51677961138886">
        <ele>20.874067177064717</ele>
        <time>2026-06-20T11:20:59Z</time>
      </trkpt>
      <trkpt lat="31.294339059968863" lon="121.51665719526073">
        <ele>20.85292993951589</ele>
        <time>2026-06-20T11:20:59Z</time>
      </trkpt>
      <trkpt lat="31.294213205172564" lon="121.51633610812603">
        <ele>20.78158747125417</ele>
        <time>2026-06-20T11:20:59Z</time>
      </trkpt>
      <trkpt lat="31.294093190247782" lon="121.5159598293995">
        <ele>20.37203394342214</ele>
        <time>2026-06-20T11:20:59Z</time>
      </trkpt>
      <trkpt lat="31.293965278562265" lon="121.51561967286032">
        <ele>20.37203394342214</ele>
        <time>2026-06-20T11:20:59Z</time>
      </trkpt>
      <trkpt lat="31.293900430839418" lon="121.51531161940483">
        <ele>20.665326942689717</ele>
        <time>2026-06-20T11:20:59Z</time>
      </trkpt>
      <trkpt lat="31.2938631665682" lon="121.51521328416996">
        <ele>20.570203651674092</ele>
        <time>2026-06-20T11:20:59Z</time>
      </trkpt>
      <trkpt lat="31.293745948542735" lon="121.5151199727987">
        <ele>20.99032770562917</ele>
        <time>2026-06-20T11:20:59Z</time>
      </trkpt>
      <trkpt lat="31.293590799856037" lon="121.5150457301614">
        <ele>20.697034706361592</ele>
        <time>2026-06-20T11:20:59Z</time>
      </trkpt>
      <trkpt lat="31.293416827044634" lon="121.51503069300873">
        <ele>21.386667122133076</ele>
        <time>2026-06-20T11:20:59Z</time>
      </trkpt>
      <trkpt lat="31.29311533058163" lon="121.51516518155225">
        <ele>20.22670923639089</ele>
        <time>2026-06-20T11:20:59Z</time>
      </trkpt>
      <trkpt lat="31.29279485582064" lon="121.5153046886414">
        <ele>20.71817194391042</ele>
        <time>2026-06-20T11:20:59Z</time>
      </trkpt>
      <trkpt lat="31.29248138941686" lon="121.51544820859172">
        <ele>20.85292993951589</ele>
        <time>2026-06-20T11:20:59Z</time>
      </trkpt>
      <trkpt lat="31.292128915779315" lon="121.51558370389263">
        <ele>20.728742470033467</ele>
        <time>2026-06-20T11:20:59Z</time>
      </trkpt>
      <trkpt lat="31.291774485396108" lon="121.51573425069651">
        <ele>19.6929720537737</ele>
        <time>2026-06-20T11:20:59Z</time>
      </trkpt>
      <trkpt lat="31.291500028111862" lon="121.51588679721873">
        <ele>19.473661293275654</ele>
        <time>2026-06-20T11:20:59Z</time>
      </trkpt>
      <trkpt lat="31.291400128137354" lon="121.51590787792648">
        <ele>19.661264290101826</ele>
        <time>2026-06-20T11:20:59Z</time>
      </trkpt>
      <trkpt lat="31.291309903379283" lon="121.5158155688731">
        <ele>19.608419288881123</ele>
        <time>2026-06-20T11:20:59Z</time>
      </trkpt>
      <trkpt lat="31.291184016058615" lon="121.51548444235483">
        <ele>20.424878944642842</ele>
        <time>2026-06-20T11:20:59Z</time>
      </trkpt>
      <trkpt lat="31.291044018639784" lon="121.5151131768855">
        <ele>20.456586708314717</ele>
        <time>2026-06-20T11:20:59Z</time>
      </trkpt>
      <trkpt lat="31.290901023132868" lon="121.51474291273757">
        <ele>19.954557289369404</ele>
        <time>2026-06-20T11:20:59Z</time>
      </trkpt>
      <trkpt lat="31.29075397561609" lon="121.5143545841691">
        <ele>20.184434761293232</ele>
        <time>2026-06-20T11:20:59Z</time>
      </trkpt>
      <trkpt lat="31.290423549944222" lon="121.51311130216752">
        <ele>20.247846473939717</ele>
        <time>2026-06-20T11:20:59Z</time>
      </trkpt>
      <trkpt lat="31.290367955401003" lon="121.51289655997131">
        <ele>16.429761757142842</ele>
        <time>2026-06-20T11:20:59Z</time>
      </trkpt>
      <trkpt lat="31.290214732284856" lon="121.5124500175433">
        <ele>20.760450233705342</ele>
        <time>2026-06-20T11:20:59Z</time>
      </trkpt>
      <trkpt lat="31.290067437403152" lon="121.51198039100908">
        <ele>19.6929720537737</ele>
        <time>2026-06-20T11:20:59Z</time>
      </trkpt>
      <trkpt lat="31.289942316418706" lon="121.51157498415664">
        <ele>20.121019233949482</ele>
        <time>2026-06-20T11:20:59Z</time>
      </trkpt>
      <trkpt lat="31.289876070505773" lon="121.51113545040823">
        <ele>19.975694526918232</ele>
        <time>2026-06-20T11:20:59Z</time>
      </trkpt>
      <trkpt lat="31.289886330009693" lon="121.51088155915397">
        <ele>18.762891639955342</ele>
        <time>2026-06-20T11:20:59Z</time>
      </trkpt>
      <trkpt lat="31.28992260146755" lon="121.51063569302131">
        <ele>20.675897468812764</ele>
        <time>2026-06-20T11:20:59Z</time>
      </trkpt>
      <trkpt lat="31.290051236232323" lon="121.51018409482985">
        <ele>20.028539528138936</ele>
        <time>2026-06-20T11:20:59Z</time>
      </trkpt>
      <trkpt lat="31.290330134365636" lon="121.50950166766441">
        <ele>19.410245765931904</ele>
        <time>2026-06-20T11:20:59Z</time>
      </trkpt>
      <trkpt lat="31.29059500066421" lon="121.50880819695277">
        <ele>19.54764734674245</ele>
        <time>2026-06-20T11:20:59Z</time>
      </trkpt>
      <trkpt lat="31.29084387124766" lon="121.50811572556071">
        <ele>20.92691217828542</ele>
        <time>2026-06-20T11:20:59Z</time>
      </trkpt>
      <trkpt lat="31.29101759315841" lon="121.50770425234947">
        <ele>19.880571235902607</ele>
        <time>2026-06-20T11:20:59Z</time>
      </trkpt>
      <trkpt lat="31.291089145506405" lon="121.50756174072885">
        <ele>19.827726234681904</ele>
        <time>2026-06-20T11:20:59Z</time>
      </trkpt>
      <trkpt lat="31.291342029561793" lon="121.50687728828956">
        <ele>20.121019233949482</ele>
        <time>2026-06-20T11:20:59Z</time>
      </trkpt>
      <trkpt lat="31.291410428302317" lon="121.50668259012159">
        <ele>19.640127052552998</ele>
        <time>2026-06-20T11:20:59Z</time>
      </trkpt>
      <trkpt lat="31.291547476324208" lon="121.50637849639384">
        <ele>19.880571235902607</ele>
        <time>2026-06-20T11:20:59Z</time>
      </trkpt>
      <trkpt lat="31.291690384870016" lon="121.50602823681933">
        <ele>19.819799293763936</ele>
        <time>2026-06-20T11:20:59Z</time>
      </trkpt>
      <trkpt lat="31.291715932905372" lon="121.5058787017327">
        <ele>20.06024729181081</ele>
        <time>2026-06-20T11:20:59Z</time>
      </trkpt>
      <trkpt lat="31.291629523033" lon="121.50572817236586">
        <ele>20.49886499810964</ele>
        <time>2026-06-20T11:20:59Z</time>
      </trkpt>
      <trkpt lat="31.29135422793534" lon="121.5055907053636">
        <ele>19.848863472230732</ele>
        <time>2026-06-20T11:20:59Z</time>
      </trkpt>
      <trkpt lat="31.2910879083504" lon="121.50544621237336">
        <ele>19.6929720537737</ele>
        <time>2026-06-20T11:20:59Z</time>
      </trkpt>
      <trkpt lat="31.290962736381022" lon="121.50537095439037">
        <ele>19.5661409990862</ele>
        <time>2026-06-20T11:20:59Z</time>
      </trkpt>
      <trkpt lat="31.29072227548116" lon="121.50518230128947">
        <ele>19.618986000306904</ele>
        <time>2026-06-20T11:20:59Z</time>
      </trkpt>
      <trkpt lat="31.29046788241602" lon="121.50501472436036">
        <ele>19.735246528871357</ele>
        <time>2026-06-20T11:20:59Z</time>
      </trkpt>
      <trkpt lat="31.2901946157713" lon="121.50488729224006">
        <ele>19.870004524476826</ele>
        <time>2026-06-20T11:20:59Z</time>
      </trkpt>
      <trkpt lat="31.29002425972501" lon="121.50474379387508">
        <ele>19.703538765199482</ele>
        <time>2026-06-20T11:20:59Z</time>
      </trkpt>
      <trkpt lat="31.28977400144735" lon="121.50462238106208">
        <ele>19.515939583070576</ele>
        <time>2026-06-20T11:20:59Z</time>
      </trkpt>
      <trkpt lat="31.289477639856095" lon="121.50445982491334">
        <ele>20.039110054261982</ele>
        <time>2026-06-20T11:20:59Z</time>
      </trkpt>
      <trkpt lat="31.289161280343176" lon="121.50429526308662">
        <ele>20.361467231996357</ele>
        <time>2026-06-20T11:20:59Z</time>
      </trkpt>
      <trkpt lat="31.288868976467636" lon="121.50415277802904">
        <ele>20.739309181459248</ele>
        <time>2026-06-20T11:20:59Z</time>
      </trkpt>
      <trkpt lat="31.288578880161296" lon="121.50408054407164">
        <ele>21.83849893976003</ele>
        <time>2026-06-20T11:20:59Z</time>
      </trkpt>
      <trkpt lat="31.28832658079607" lon="121.50394508055204">
        <ele>22.255975593812764</ele>
        <time>2026-06-20T11:20:59Z</time>
      </trkpt>
      <trkpt lat="31.28819844531067" lon="121.50388186508188">
        <ele>23.228334297426045</ele>
        <time>2026-06-20T11:20:59Z</time>
      </trkpt>
      <trkpt lat="31.28812415670379" lon="121.50377448689541">
        <ele>21.93097483087331</ele>
        <time>2026-06-20T11:20:59Z</time>
      </trkpt>
      <trkpt lat="31.28821470538362" lon="121.50363497961088">
        <ele>21.555772651918232</ele>
        <time>2026-06-20T11:20:59Z</time>
      </trkpt>
      <trkpt lat="31.288254074957262" lon="121.50342823561678">
        <ele>21.524064888246357</ele>
        <time>2026-06-20T11:20:59Z</time>
      </trkpt>
      <trkpt lat="31.288387668508307" lon="121.50297359458918">
        <ele>19.515939583070576</ele>
        <time>2026-06-20T11:20:59Z</time>
      </trkpt>
      <trkpt lat="31.288548196046335" lon="121.50250088518104">
        <ele>20.14215647149831</ele>
        <time>2026-06-20T11:20:59Z</time>
      </trkpt>
      <trkpt lat="31.288685731697868" lon="121.50202817646118">
        <ele>20.41431223321706</ele>
        <time>2026-06-20T11:20:59Z</time>
      </trkpt>
      <trkpt lat="31.288836341686768" lon="121.50158256284587">
        <ele>18.186876167543232</ele>
        <time>2026-06-20T11:20:59Z</time>
      </trkpt>
      <trkpt lat="31.288979037815555" lon="121.50116504999205">
        <ele>19.72467600274831</ele>
        <time>2026-06-20T11:20:59Z</time>
      </trkpt>
      <trkpt lat="31.28904945787764" lon="121.50098037997648">
        <ele>20.14215647149831</ele>
        <time>2026-06-20T11:20:59Z</time>
      </trkpt>
      <trkpt lat="31.289230371208927" lon="121.50064114443506">
        <ele>19.367971290834248</ele>
        <time>2026-06-20T11:20:59Z</time>
      </trkpt>
      <trkpt lat="31.289317727007667" lon="121.50043740397182">
        <ele>20.64418970514089</ele>
        <time>2026-06-20T11:20:59Z</time>
      </trkpt>
      <trkpt lat="31.289429460732546" lon="121.50002892433533">
        <ele>20.665326942689717</ele>
        <time>2026-06-20T11:20:59Z</time>
      </trkpt>
      <trkpt lat="31.289478204445476" lon="121.49961543143604">
        <ele>20.456586708314717</ele>
        <time>2026-06-20T11:20:59Z</time>
      </trkpt>
      <trkpt lat="31.28951187262834" lon="121.49917484171445">
        <ele>19.93341623712331</ele>
        <time>2026-06-20T11:20:59Z</time>
      </trkpt>
      <trkpt lat="31.289540557281168" lon="121.4987392700214">
        <ele>19.597848762758076</ele>
        <time>2026-06-20T11:20:59Z</time>
      </trkpt>
      <trkpt lat="31.289558011559855" lon="121.49822541676168">
        <ele>20.16329370904714</ele>
        <time>2026-06-20T11:20:59Z</time>
      </trkpt>
      <trkpt lat="31.289593623249953" lon="121.49776676053004">
        <ele>20.26898752618581</ele>
        <time>2026-06-20T11:20:59Z</time>
      </trkpt>
      <trkpt lat="31.289616919198806" lon="121.49753492280902">
        <ele>19.954557289369404</ele>
        <time>2026-06-20T11:20:59Z</time>
      </trkpt>
      <trkpt lat="31.28960657307777" lon="121.49708429912235">
        <ele>20.71817194391042</ele>
        <time>2026-06-20T11:20:59Z</time>
      </trkpt>
      <trkpt lat="31.289583923561388" lon="121.49686450862922">
        <ele>20.520002235658467</ele>
        <time>2026-06-20T11:20:59Z</time>
      </trkpt>
      <trkpt lat="31.28958678832188" lon="121.49648614424234">
        <ele>20.905774940736592</ele>
        <time>2026-06-20T11:20:59Z</time>
      </trkpt>
      <trkpt lat="31.289557235917574" lon="121.49596426522528">
        <ele>21.156789650209248</ele>
        <time>2026-06-20T11:20:59Z</time>
      </trkpt>
      <trkpt lat="31.289432469391993" lon="121.49535809060822">
        <ele>21.188497413881123</ele>
        <time>2026-06-20T11:20:59Z</time>
      </trkpt>
      <trkpt lat="31.289289603825424" lon="121.4950499922281">
        <ele>20.14215647149831</ele>
        <time>2026-06-20T11:20:59Z</time>
      </trkpt>
      <trkpt lat="31.289240151595074" lon="121.49489242855903">
        <ele>20.173864235170186</ele>
        <time>2026-06-20T11:20:59Z</time>
      </trkpt>
      <trkpt lat="31.289019167496285" lon="121.4945341562525">
        <ele>19.54764734674245</ele>
        <time>2026-06-20T11:20:59Z</time>
      </trkpt>
      <trkpt lat="31.288785273034293" lon="121.49420398654529">
        <ele>20.467157234437764</ele>
        <time>2026-06-20T11:20:59Z</time>
      </trkpt>
      <trkpt lat="31.28864382231327" lon="121.49403438760744">
        <ele>20.247846473939717</ele>
        <time>2026-06-20T11:20:59Z</time>
      </trkpt>
      <trkpt lat="31.288414884017946" lon="121.4936901672849">
        <ele>20.50943170953542</ele>
        <time>2026-06-20T11:20:59Z</time>
      </trkpt>
      <trkpt lat="31.288203938623663" lon="121.49334594576844">
        <ele>21.2730501787737</ele>
        <time>2026-06-20T11:20:59Z</time>
      </trkpt>
      <trkpt lat="31.288047796794647" lon="121.49294351046582">
        <ele>20.41431223321706</ele>
        <time>2026-06-20T11:20:59Z</time>
      </trkpt>
      <trkpt lat="31.28797717339077" lon="121.49272573280986">
        <ele>21.347032417543232</ele>
        <time>2026-06-20T11:20:59Z</time>
      </trkpt>
      <trkpt lat="31.287900747275824" lon="121.49223898844714">
        <ele>19.870004524476826</ele>
        <time>2026-06-20T11:20:59Z</time>
      </trkpt>
      <trkpt lat="31.2878742383912" lon="121.49173116508364">
        <ele>20.446019996888936</ele>
        <time>2026-06-20T11:20:59Z</time>
      </trkpt>
      <trkpt lat="31.287879904092723" lon="121.49095136362578">
        <ele>20.195001472719014</ele>
        <time>2026-06-20T11:20:59Z</time>
      </trkpt>
      <trkpt lat="31.28789048428183" lon="121.49047766281996">
        <ele>19.85943399835378</ele>
        <time>2026-06-20T11:20:59Z</time>
      </trkpt>
      <trkpt lat="31.28788804376346" lon="121.48999493207673">
        <ele>20.14215647149831</ele>
        <time>2026-06-20T11:20:59Z</time>
      </trkpt>
      <trkpt lat="31.287884598738792" lon="121.489510195716">
        <ele>19.954557289369404</ele>
        <time>2026-06-20T11:20:59Z</time>
      </trkpt>
      <trkpt lat="31.287880388511947" lon="121.48910374110756">
        <ele>19.975694526918232</ele>
        <time>2026-06-20T11:20:59Z</time>
      </trkpt>
      <trkpt lat="31.28793483092569" lon="121.48892409377301">
        <ele>20.37203394342214</ele>
        <time>2026-06-20T11:20:59Z</time>
      </trkpt>
      <trkpt lat="31.28792644563937" lon="121.488793627885">
        <ele>19.99683176446706</ele>
        <time>2026-06-20T11:20:59Z</time>
      </trkpt>
      <trkpt lat="31.287894049322635" lon="121.48865613906231">
        <ele>20.184434761293232</ele>
        <time>2026-06-20T11:20:59Z</time>
      </trkpt>
      <trkpt lat="31.28787861033793" lon="121.48850660589626">
        <ele>19.806588997133076</ele>
        <time>2026-06-20T11:20:59Z</time>
      </trkpt>
      <trkpt lat="31.28789460016356" lon="121.48816939989221">
        <ele>19.6929720537737</ele>
        <time>2026-06-20T11:20:59Z</time>
      </trkpt>
      <trkpt lat="31.287881593562048" lon="121.48782918654557">
        <ele>19.661264290101826</ele>
        <time>2026-06-20T11:20:59Z</time>
      </trkpt>
      <trkpt lat="31.287873460484636" lon="121.4874468234864">
        <ele>19.537076820619404</ele>
        <time>2026-06-20T11:20:59Z</time>
      </trkpt>
      <trkpt lat="31.287870171520954" lon="121.48701227544943">
        <ele>19.23321329522878</ele>
        <time>2026-06-20T11:20:59Z</time>
      </trkpt>
      <trkpt lat="31.287888505985364" lon="121.48679048429742">
        <ele>19.21207605767995</ele>
        <time>2026-06-20T11:20:59Z</time>
      </trkpt>
      <trkpt lat="31.287889217422997" lon="121.48635593857661">
        <ele>19.116956581361592</ele>
        <time>2026-06-20T11:20:59Z</time>
      </trkpt>
      <trkpt lat="31.287885181754387" lon="121.48600569446128">
        <ele>19.127523292787373</ele>
        <time>2026-06-20T11:20:59Z</time>
      </trkpt>
      <trkpt lat="31.287887011101972" lon="121.48561029088523">
        <ele>18.636060585267842</ele>
        <time>2026-06-20T11:20:59Z</time>
      </trkpt>
      <trkpt lat="31.287877825472716" lon="121.48520786501103">
        <ele>19.064107765443623</ele>
        <time>2026-06-20T11:20:59Z</time>
      </trkpt>
      <trkpt lat="31.287878554276308" lon="121.48477734063205">
        <ele>19.378541816957295</ele>
        <time>2026-06-20T11:20:59Z</time>
      </trkpt>
      <trkpt lat="31.28789641374903" lon="121.48439298000568">
        <ele>19.222646583802998</ele>
        <time>2026-06-20T11:20:59Z</time>
      </trkpt>
      <trkpt lat="31.287900116574235" lon="121.48429262511515">
        <ele>19.180368294008076</ele>
        <time>2026-06-20T11:20:59Z</time>
      </trkpt>
      <trkpt lat="31.287739921841368" lon="121.48420432690163">
        <ele>19.325693001039326</ele>
        <time>2026-06-20T11:20:59Z</time>
      </trkpt>
      <trkpt lat="31.287593925294875" lon="121.48418527206381">
        <ele>19.13809381891042</ele>
        <time>2026-06-20T11:20:59Z</time>
      </trkpt>
      <trkpt lat="31.287269614604906" lon="121.48403476838396">
        <ele>19.431386818177998</ele>
        <time>2026-06-20T11:20:59Z</time>
      </trkpt>
      <trkpt lat="31.28697023204646" lon="121.48386318850436">
        <ele>18.31105982232839</ele>
        <time>2026-06-20T11:20:59Z</time>
      </trkpt>
      <trkpt lat="31.286707929107525" lon="121.48372371902913">
        <ele>18.971628059633076</ele>
        <time>2026-06-20T11:20:59Z</time>
      </trkpt>
      <trkpt lat="31.286442736746697" lon="121.48362138090158">
        <ele>18.678338875062764</ele>
        <time>2026-06-20T11:20:59Z</time>
      </trkpt>
      <trkpt lat="31.2862886170084" lon="121.48355917483163">
        <ele>19.13809381891042</ele>
        <time>2026-06-20T11:20:59Z</time>
      </trkpt>
      <trkpt lat="31.28613539966663" lon="121.48346385207314">
        <ele>18.908216346986592</ele>
        <time>2026-06-20T11:20:59Z</time>
      </trkpt>
      <trkpt lat="31.285797102149992" lon="121.48331535800799">
        <ele>17.476102699525654</ele>
        <time>2026-06-20T11:20:59Z</time>
      </trkpt>
      <trkpt lat="31.285482753909214" lon="121.48315281274091">
        <ele>18.572645057924092</ele>
        <time>2026-06-20T11:20:59Z</time>
      </trkpt>
      <trkpt lat="31.285320573151186" lon="121.48306853007496">
        <ele>18.950490822084248</ele>
        <time>2026-06-20T11:20:59Z</time>
      </trkpt>
      <trkpt lat="31.285148484868724" lon="121.48301435421885">
        <ele>18.480165352113545</ele>
        <time>2026-06-20T11:20:59Z</time>
      </trkpt>
      <trkpt lat="31.28478250579592" lon="121.48297023029092">
        <ele>18.667768348939717</ele>
        <time>2026-06-20T11:20:59Z</time>
      </trkpt>
      <trkpt lat="31.284525349680862" lon="121.48288093832443">
        <ele>18.731183876283467</ele>
        <time>2026-06-20T11:20:59Z</time>
      </trkpt>
      <trkpt lat="31.28446416010494" lon="121.48280768610162">
        <ele>18.239721168763936</ele>
        <time>2026-06-20T11:20:59Z</time>
      </trkpt>
      <trkpt lat="31.284429850724315" lon="121.48269730121578">
        <ele>18.459028114564717</ele>
        <time>2026-06-20T11:20:59Z</time>
      </trkpt>
      <trkpt lat="31.284448512167835" lon="121.4822427042067">
        <ele>18.459028114564717</ele>
        <time>2026-06-20T11:20:59Z</time>
      </trkpt>
      <trkpt lat="31.284444528119426" lon="121.48190552302236">
        <ele>18.961061348207295</ele>
        <time>2026-06-20T11:20:59Z</time>
      </trkpt>
      <trkpt lat="31.284452991250095" lon="121.48172288296772">
        <ele>18.564718117006123</ele>
        <time>2026-06-20T11:20:59Z</time>
      </trkpt>
      <trkpt lat="31.284419433996323" lon="121.48152720137286">
        <ele>18.469598640687764</ele>
        <time>2026-06-20T11:20:59Z</time>
      </trkpt>
      <trkpt lat="31.284416344150834" lon="121.48115289390893">
        <ele>18.155168403871357</ele>
        <time>2026-06-20T11:20:59Z</time>
      </trkpt>
      <trkpt lat="31.284426055168808" lon="121.48071135310364">
        <ele>18.321630348451436</ele>
        <time>2026-06-20T11:20:59Z</time>
      </trkpt>
      <trkpt lat="31.284411516475647" lon="121.48017950330774">
        <ele>18.65719782281667</ele>
        <time>2026-06-20T11:20:59Z</time>
      </trkpt>
      <trkpt lat="31.28436416621948" lon="121.47970686609094">
        <ele>18.805166115052998</ele>
        <time>2026-06-20T11:20:59Z</time>
      </trkpt>
      <trkpt lat="31.284302082974882" lon="121.47932354290519">
        <ele>18.604352821595967</ele>
        <time>2026-06-20T11:20:59Z</time>
      </trkpt>
      <trkpt lat="31.284250959531384" lon="121.47892717610743">
        <ele>18.762891639955342</ele>
        <time>2026-06-20T11:20:59Z</time>
      </trkpt>
      <trkpt lat="31.284231426490184" lon="121.47873952955709">
        <ele>18.43789087701589</ele>
        <time>2026-06-20T11:20:59Z</time>
      </trkpt>
      <trkpt lat="31.284255278212925" lon="121.478344163691">
        <ele>18.667768348939717</ele>
        <time>2026-06-20T11:20:59Z</time>
      </trkpt>
      <trkpt lat="31.284260114587024" lon="121.47828796965199">
        <ele>18.636060585267842</ele>
        <time>2026-06-20T11:20:59Z</time>
      </trkpt>
      <trkpt lat="31.284207922559045" lon="121.47821371835416">
        <ele>18.78402887750417</ele>
        <time>2026-06-20T11:20:59Z</time>
      </trkpt>
      <trkpt lat="31.2838299629004" lon="121.47817361256833">
        <ele>18.197442878969014</ele>
        <time>2026-06-20T11:20:59Z</time>
      </trkpt>
      <trkpt lat="31.28349892638057" lon="121.47811343370147">
        <ele>17.819597114808857</ele>
        <time>2026-06-20T11:20:59Z</time>
      </trkpt>
      <trkpt lat="31.283157928730535" lon="121.47806529719033">
        <ele>17.674272407777607</ele>
        <time>2026-06-20T11:20:59Z</time>
      </trkpt>
      <trkpt lat="31.282819929994137" lon="121.47801716046344">
        <ele>17.7773226397112</ele>
        <time>2026-06-20T11:20:59Z</time>
      </trkpt>
      <trkpt lat="31.282646946738492" lon="121.47799810971689">
        <ele>17.737687935121357</ele>
        <time>2026-06-20T11:20:59Z</time>
      </trkpt>
      <trkpt lat="31.28229822067258" lon="121.47804329499489">
        <ele>18.406183113344014</ele>
        <time>2026-06-20T11:20:59Z</time>
      </trkpt>
      <trkpt lat="31.282131266712" lon="121.47803528169938">
        <ele>18.844800819642842</ele>
        <time>2026-06-20T11:20:59Z</time>
      </trkpt>
      <trkpt lat="31.28183313370165" lon="121.47794600007313">
        <ele>19.65069376397878</ele>
        <time>2026-06-20T11:20:59Z</time>
      </trkpt>
      <trkpt lat="31.281566950215662" lon="121.47784367100743">
        <ele>20.520002235658467</ele>
        <time>2026-06-20T11:20:59Z</time>
      </trkpt>
      <trkpt lat="31.28132166043858" lon="121.47770722313844">
        <ele>20.393174995668232</ele>
        <time>2026-06-20T11:20:59Z</time>
      </trkpt>
      <trkpt lat="31.281177444085085" lon="121.47761090471481">
        <ele>19.756383766420186</ele>
        <time>2026-06-20T11:20:59Z</time>
      </trkpt>
      <trkpt lat="31.280849709314186" lon="121.47730688985612">
        <ele>19.463094581849873</ele>
        <time>2026-06-20T11:20:59Z</time>
      </trkpt>
      <trkpt lat="31.28067906272848" lon="121.47705604522575">
        <ele>18.950490822084248</ele>
        <time>2026-06-20T11:20:59Z</time>
      </trkpt>
      <trkpt lat="31.280614605036497" lon="121.47688647054622">
        <ele>18.551507820375264</ele>
        <time>2026-06-20T11:20:59Z</time>
      </trkpt>
      <trkpt lat="31.280407004060475" lon="121.47664566532089">
        <ele>18.459028114564717</ele>
        <time>2026-06-20T11:20:59Z</time>
      </trkpt>
      <trkpt lat="31.28028815851045" lon="121.47633160378113">
        <ele>18.260858406312764</ele>
        <time>2026-06-20T11:20:59Z</time>
      </trkpt>
      <trkpt lat="31.280102273957755" lon="121.47599346793437">
        <ele>18.51187311578542</ele>
        <time>2026-06-20T11:20:59Z</time>
      </trkpt>
      <trkpt lat="31.279905290574614" lon="121.47561820919094">
        <ele>18.321630348451436</ele>
        <time>2026-06-20T11:20:59Z</time>
      </trkpt>
      <trkpt lat="31.279711330957973" lon="121.47525098017705">
        <ele>17.098256935365498</ele>
        <time>2026-06-20T11:20:59Z</time>
      </trkpt>
      <trkpt lat="31.279644007021442" lon="121.47512656454238">
        <ele>18.14459787774831</ele>
        <time>2026-06-20T11:20:59Z</time>
      </trkpt>
      <trkpt lat="31.279354934367337" lon="121.47470416094401">
        <ele>18.564718117006123</ele>
        <time>2026-06-20T11:20:59Z</time>
      </trkpt>
      <trkpt lat="31.279101163560494" lon="121.47439313328304">
        <ele>17.819597114808857</ele>
        <time>2026-06-20T11:20:59Z</time>
      </trkpt>
      <trkpt lat="31.278881642491307" lon="121.47417541872295">
        <ele>17.225087990052998</ele>
        <time>2026-06-20T11:20:59Z</time>
      </trkpt>
      <trkpt lat="31.27851910030806" lon="121.47392861965118">
        <ele>17.674272407777607</ele>
        <time>2026-06-20T11:20:59Z</time>
      </trkpt>
      <trkpt lat="31.27830179686901" lon="121.4737881664194">
        <ele>18.752321113832295</ele>
        <time>2026-06-20T11:20:59Z</time>
      </trkpt>
      <trkpt lat="31.278171690840608" lon="121.47373098558887">
        <ele>18.844800819642842</ele>
        <time>2026-06-20T11:20:59Z</time>
      </trkpt>
      <trkpt lat="31.27813254966744" lon="121.47367480037782">
        <ele>19.064107765443623</ele>
        <time>2026-06-20T11:20:59Z</time>
      </trkpt>
      <trkpt lat="31.27780245714184" lon="121.47359255274348">
        <ele>18.741750587709248</ele>
        <time>2026-06-20T11:20:59Z</time>
      </trkpt>
      <trkpt lat="31.277520319481525" lon="121.47350127086712">
        <ele>18.102323402650654</ele>
        <time>2026-06-20T11:20:59Z</time>
      </trkpt>
      <trkpt lat="31.277209160515564" lon="121.4733979513367">
        <ele>17.748258461244404</ele>
        <time>2026-06-20T11:20:59Z</time>
      </trkpt>
      <trkpt lat="31.276829932188654" lon="121.47325952035806">
        <ele>17.4866732256487</ele>
        <time>2026-06-20T11:20:59Z</time>
      </trkpt>
      <trkpt lat="31.27643874580837" lon="121.47313413444245">
        <ele>16.93179499078542</ele>
        <time>2026-06-20T11:20:59Z</time>
      </trkpt>
      <trkpt lat="31.276134604524803" lon="121.47303783861499">
        <ele>18.459028114564717</ele>
        <time>2026-06-20T11:20:59Z</time>
      </trkpt>
      <trkpt lat="31.275291245449154" lon="121.47278205687905">
        <ele>17.663705696351826</ele>
        <time>2026-06-20T11:20:59Z</time>
      </trkpt>
      <trkpt lat="31.2751082442024" lon="121.4727539789021">
        <ele>19.526506294496357</ele>
        <time>2026-06-20T11:20:59Z</time>
      </trkpt>
      <trkpt lat="31.274747985163625" lon="121.47260651819163">
        <ele>18.186876167543232</ele>
        <time>2026-06-20T11:20:59Z</time>
      </trkpt>
      <trkpt lat="31.274390694709115" lon="121.47244802098177">
        <ele>18.35333811212331</ele>
        <time>2026-06-20T11:20:59Z</time>
      </trkpt>
      <trkpt lat="31.274046446731997" lon="121.47230657993552">
        <ele>17.50781046319753</ele>
        <time>2026-06-20T11:20:59Z</time>
      </trkpt>
      <trkpt lat="31.273716120958863" lon="121.47213905149874">
        <ele>18.78402887750417</ele>
        <time>2026-06-20T11:20:59Z</time>
      </trkpt>
      <trkpt lat="31.273414652913523" lon="121.47192436480876">
        <ele>17.93585764337331</ele>
        <time>2026-06-20T11:20:59Z</time>
      </trkpt>
      <trkpt lat="31.27313218334668" lon="121.47171168419716">
        <ele>18.982198585756123</ele>
        <time>2026-06-20T11:20:59Z</time>
      </trkpt>
      <trkpt lat="31.27299293975082" lon="121.47160233415539">
        <ele>18.049474586732686</ele>
        <time>2026-06-20T11:20:59Z</time>
      </trkpt>
      <trkpt lat="31.272626570875317" lon="121.47141273861136">
        <ele>18.332200874574482</ele>
        <time>2026-06-20T11:20:59Z</time>
      </trkpt>
      <trkpt lat="31.272292003998192" lon="121.4711559193978">
        <ele>18.480165352113545</ele>
        <time>2026-06-20T11:20:59Z</time>
      </trkpt>
      <trkpt lat="31.272193810618415" lon="121.47107064663089">
        <ele>18.490735878236592</ele>
        <time>2026-06-20T11:20:59Z</time>
      </trkpt>
      <trkpt lat="31.271803382448457" lon="121.47085496968742">
        <ele>18.480165352113545</ele>
        <time>2026-06-20T11:20:59Z</time>
      </trkpt>
      <trkpt lat="31.271641101009575" lon="121.47072756446549">
        <ele>19.325693001039326</ele>
        <time>2026-06-20T11:20:59Z</time>
      </trkpt>
      <trkpt lat="31.271499783467736" lon="121.47059012487371">
        <ele>18.14459787774831</ele>
        <time>2026-06-20T11:20:59Z</time>
      </trkpt>
      <trkpt lat="31.271227035429177" lon="121.4702751146759">
        <ele>18.406183113344014</ele>
        <time>2026-06-20T11:20:59Z</time>
      </trkpt>
      <trkpt lat="31.27095439910661" lon="121.47000023813511">
        <ele>18.123460640199482</ele>
        <time>2026-06-20T11:20:59Z</time>
      </trkpt>
      <trkpt lat="31.27071878696077" lon="121.46973940612557">
        <ele>17.674272407777607</ele>
        <time>2026-06-20T11:20:59Z</time>
      </trkpt>
      <trkpt lat="31.270622464084436" lon="121.46960597909474">
        <ele>18.62549387384206</ele>
        <time>2026-06-20T11:20:59Z</time>
      </trkpt>
      <trkpt lat="31.27048677338199" lon="121.46933109535779">
        <ele>19.127523292787373</ele>
        <time>2026-06-20T11:20:59Z</time>
      </trkpt>
      <trkpt lat="31.27042950590931" lon="121.46922375113583">
        <ele>19.243783821351826</ele>
        <time>2026-06-20T11:20:59Z</time>
      </trkpt>
      <trkpt lat="31.270278197019174" lon="121.46908631754357">
        <ele>20.195001472719014</ele>
        <time>2026-06-20T11:20:59Z</time>
      </trkpt>
      <trkpt lat="31.270088586694193" lon="121.4688315071105">
        <ele>20.311262001283467</ele>
        <time>2026-06-20T11:20:59Z</time>
      </trkpt>
      <trkpt lat="31.26979867891435" lon="121.4684502983175">
        <ele>20.361467231996357</ele>
        <time>2026-06-20T11:20:59Z</time>
      </trkpt>
      <trkpt lat="31.269549910824246" lon="121.46812627402548">
        <ele>19.965124000795186</ele>
        <time>2026-06-20T11:20:59Z</time>
      </trkpt>
      <trkpt lat="31.26926508769163" lon="121.46777516855215">
        <ele>18.85537134576589</ele>
        <time>2026-06-20T11:20:59Z</time>
      </trkpt>
      <trkpt lat="31.26898234978433" lon="121.46745516584808">
        <ele>16.012281288392842</ele>
        <time>2026-06-20T11:20:59Z</time>
      </trkpt>
      <trkpt lat="31.26889903610686" lon="121.46732475526402">
        <ele>17.663705696351826</ele>
        <time>2026-06-20T11:20:59Z</time>
      </trkpt>
      <trkpt lat="31.268799802053607" lon="121.46722143314317">
        <ele>18.281995643861592</ele>
        <time>2026-06-20T11:20:59Z</time>
      </trkpt>
      <trkpt lat="31.268557423118732" lon="121.46704087684984">
        <ele>18.939924110658467</ele>
        <time>2026-06-20T11:20:59Z</time>
      </trkpt>
      <trkpt lat="31.268246919031146" lon="121.46680214181515">
        <ele>18.321630348451436</ele>
        <time>2026-06-20T11:20:59Z</time>
      </trkpt>
      <trkpt lat="31.267981581138645" lon="121.46663262469431">
        <ele>18.112890114076436</ele>
        <time>2026-06-20T11:20:59Z</time>
      </trkpt>
      <trkpt lat="31.267723147725988" lon="121.46642799620776">
        <ele>18.218580116517842</ele>
        <time>2026-06-20T11:20:59Z</time>
      </trkpt>
      <trkpt lat="31.26746757315679" lon="121.46617020006555">
        <ele>20.958619941957295</ele>
        <time>2026-06-20T11:20:59Z</time>
      </trkpt>
      <trkpt lat="31.267202932458776" lon="121.46588532091563">
        <ele>18.480165352113545</ele>
        <time>2026-06-20T11:20:59Z</time>
      </trkpt>
      <trkpt lat="31.266924265355552" lon="121.46558740414034">
        <ele>18.14459787774831</ele>
        <time>2026-06-20T11:20:59Z</time>
      </trkpt>
      <trkpt lat="31.266668595817038" lon="121.4652914942215">
        <ele>18.50130640435964</ele>
        <time>2026-06-20T11:20:59Z</time>
      </trkpt>
      <trkpt lat="31.266441860737235" lon="121.46497451825707">
        <ele>18.030980934388936</ele>
        <time>2026-06-20T11:20:59Z</time>
      </trkpt>
      <trkpt lat="31.26621108788908" lon="121.46464149537205">
        <ele>18.134027351625264</ele>
        <time>2026-06-20T11:20:59Z</time>
      </trkpt>
      <trkpt lat="31.266020303189563" lon="121.4643094754093">
        <ele>17.758825172670186</ele>
        <time>2026-06-20T11:20:59Z</time>
      </trkpt>
      <trkpt lat="31.265960065162595" lon="121.46420816500279">
        <ele>17.809030403383076</ele>
        <time>2026-06-20T11:20:59Z</time>
      </trkpt>
      <trkpt lat="31.26595285154989" lon="121.46412490649725">
        <ele>17.600290169008076</ele>
        <time>2026-06-20T11:20:59Z</time>
      </trkpt>
      <trkpt lat="31.265954579498366" lon="121.46402058194825">
        <ele>17.65313517022878</ele>
        <time>2026-06-20T11:20:59Z</time>
      </trkpt>
      <trkpt lat="31.266016365243058" lon="121.46394835222517">
        <ele>17.72711740899831</ele>
        <time>2026-06-20T11:20:59Z</time>
      </trkpt>
      <trkpt lat="31.26630264867542" lon="121.46371961797689">
        <ele>17.695409645326436</ele>
        <time>2026-06-20T11:20:59Z</time>
      </trkpt>
      <trkpt lat="31.266559252538652" lon="121.46360925407393">
        <ele>18.049474586732686</ele>
        <time>2026-06-20T11:20:59Z</time>
      </trkpt>
      <trkpt lat="31.266829855948483" lon="121.46350089553142">
        <ele>17.978135933168232</ele>
        <time>2026-06-20T11:20:59Z</time>
      </trkpt>
      <trkpt lat="31.266998604539115" lon="121.46343166700332">
        <ele>17.883012642152607</ele>
        <time>2026-06-20T11:20:59Z</time>
      </trkpt>
      <trkpt lat="31.267012432718712" lon="121.46336746747116">
        <ele>18.009843696840107</ele>
        <time>2026-06-20T11:20:59Z</time>
      </trkpt>
      <trkpt lat="31.266973330337713" lon="121.46332132836427">
        <ele>18.459028114564717</ele>
        <time>2026-06-20T11:20:59Z</time>
      </trkpt>
      <trkpt lat="31.266941284531754" lon="121.46329825991273">
        <ele>18.197442878969014</ele>
        <time>2026-06-20T11:20:59Z</time>
      </trkpt>
      <trkpt lat="31.266950231496835" lon="121.46327920032292">
        <ele>18.015133949927986</ele>
        <time>2026-06-20T11:20:59Z</time>
      </trkpt>
      <trkpt lat="31.266662601077737" lon="121.46337451933167">
        <ele>18.078549477271736</ele>
        <time>2026-06-20T11:20:59Z</time>
      </trkpt>
      <trkpt lat="31.266616662277624" lon="121.4633905728703">
        <ele>17.993996712379158</ele>
        <time>2026-06-20T11:20:59Z</time>
      </trkpt>
      <trkpt lat="31.266535919951615" lon="121.46347684644047">
        <ele>17.67956647556275</ele>
        <time>2026-06-20T11:20:59Z</time>
      </trkpt>
      <trkpt lat="31.266159608804667" lon="121.4636805090967">
        <ele>17.481396767310798</ele>
        <time>2026-06-20T11:20:59Z</time>
      </trkpt>
      <trkpt lat="31.2658882016035" lon="121.4638641016786">
        <ele>16.823468300513923</ele>
        <time>2026-06-20T11:20:59Z</time>
      </trkpt>
      <trkpt lat="31.265805260733977" lon="121.46387313684897">
        <ele>17.074486824683845</ele>
        <time>2026-06-20T11:20:59Z</time>
      </trkpt>
      <trkpt lat="31.26565960574509" lon="121.46359629129337">
        <ele>16.236886116676033</ele>
        <time>2026-06-20T11:20:59Z</time>
      </trkpt>
      <trkpt lat="31.26548873314719" lon="121.46323017474388">
        <ele>17.336072060279548</ele>
        <time>2026-06-20T11:20:59Z</time>
      </trkpt>
      <trkpt lat="31.26529281545208" lon="121.46284099353252">
        <ele>16.300297829322517</ele>
        <time>2026-06-20T11:20:59Z</time>
      </trkpt>
      <trkpt lat="31.265120832280136" lon="121.46242874430331">
        <ele>17.063916298560798</ele>
        <time>2026-06-20T11:20:59Z</time>
      </trkpt>
      <trkpt lat="31.26496689430829" lon="121.46203555686145">
        <ele>17.283227059058845</ele>
        <time>2026-06-20T11:20:59Z</time>
      </trkpt>
      <trkpt lat="31.26483706206147" lon="121.46168650616912">
        <ele>17.386273476295173</ele>
        <time>2026-06-20T11:20:59Z</time>
      </trkpt>
      <trkpt lat="31.26481694338104" lon="121.46163635564933">
        <ele>17.04277906101197</ele>
        <time>2026-06-20T11:20:59Z</time>
      </trkpt>
      <trkpt lat="31.26472438561206" lon="121.46140064910072">
        <ele>16.664933296851814</ele>
        <time>2026-06-20T11:20:59Z</time>
      </trkpt>
      <trkpt lat="31.26462513141223" lon="121.46128330257723">
        <ele>16.62529859226197</ele>
        <time>2026-06-20T11:20:59Z</time>
      </trkpt>
      <trkpt lat="31.26445724168921" lon="121.46090216682127">
        <ele>16.823468300513923</ele>
        <time>2026-06-20T11:20:59Z</time>
      </trkpt>
      <trkpt lat="31.264288295945413" lon="121.46049696363951">
        <ele>16.583024117164314</ele>
        <time>2026-06-20T11:20:59Z</time>
      </trkpt>
      <trkpt lat="31.264196584478075" lon="121.4601970737226">
        <ele>16.56188306491822</ele>
        <time>2026-06-20T11:20:59Z</time>
      </trkpt>
      <trkpt lat="31.26401862795549" lon="121.45978285377964">
        <ele>16.21574506442994</ele>
        <time>2026-06-20T11:20:59Z</time>
      </trkpt>
      <trkpt lat="31.263874743474624" lon="121.45940173460806">
        <ele>16.937089058570564</ele>
        <time>2026-06-20T11:20:59Z</time>
      </trkpt>
      <trkpt lat="31.26372070412895" lon="121.45895442595338">
        <ele>14.98180493991822</ele>
        <time>2026-06-20T11:20:59Z</time>
      </trkpt>
      <trkpt lat="31.263579878899243" lon="121.45859437892038">
        <ele>16.498471352271736</ele>
        <time>2026-06-20T11:20:59Z</time>
      </trkpt>
      <trkpt lat="31.263469157197445" lon="121.45828046859593">
        <ele>16.664933296851814</ele>
        <time>2026-06-20T11:20:59Z</time>
      </trkpt>
      <trkpt lat="31.263330137796164" lon="121.45783819025249">
        <ele>17.063916298560798</ele>
        <time>2026-06-20T11:20:59Z</time>
      </trkpt>
      <trkpt lat="31.263221327241414" lon="121.45748517455196">
        <ele>17.021641823463142</ele>
        <time>2026-06-20T11:20:59Z</time>
      </trkpt>
      <trkpt lat="31.263151396973008" lon="121.45708803253379">
        <ele>17.690137001685798</ele>
        <time>2026-06-20T11:20:59Z</time>
      </trkpt>
      <trkpt lat="31.26311697196129" lon="121.45690550971598">
        <ele>16.46676358859986</ele>
        <time>2026-06-20T11:20:59Z</time>
      </trkpt>
      <trkpt lat="31.263042637500153" lon="121.4567530779154">
        <ele>16.844609352760017</ele>
        <time>2026-06-20T11:20:59Z</time>
      </trkpt>
      <trkpt lat="31.26299119280993" lon="121.45655852423961">
        <ele>14.448063942603767</ele>
        <time>2026-06-20T11:20:59Z</time>
      </trkpt>
      <trkpt lat="31.2628827547491" lon="121.45635595390142">
        <ele>16.67550382297486</ele>
        <time>2026-06-20T11:20:59Z</time>
      </trkpt>
      <trkpt lat="31.262777440996164" lon="121.45620553347129">
        <ele>17.095624062232673</ele>
        <time>2026-06-20T11:20:59Z</time>
      </trkpt>
      <trkpt lat="31.26268206628762" lon="121.45603104446906">
        <ele>16.445626351051033</ele>
        <time>2026-06-20T11:20:59Z</time>
      </trkpt>
      <trkpt lat="31.262579252965452" lon="121.45567002803669">
        <ele>16.413918587379158</ele>
        <time>2026-06-20T11:20:59Z</time>
      </trkpt>
      <trkpt lat="31.262526762871154" lon="121.4554534196373">
        <ele>16.717778298072517</ele>
        <time>2026-06-20T11:20:59Z</time>
      </trkpt>
      <trkpt lat="31.262369866073392" lon="121.45504428007794">
        <ele>15.076928230933845</ele>
        <time>2026-06-20T11:20:59Z</time>
      </trkpt>
      <trkpt lat="31.262263959318602" lon="121.45463815063582">
        <ele>15.77712735813111</ele>
        <time>2026-06-20T11:20:59Z</time>
      </trkpt>
      <trkpt lat="31.262150128772067" lon="121.45426110884384">
        <ele>16.300297829322517</ele>
        <time>2026-06-20T11:20:59Z</time>
      </trkpt>
      <trkpt lat="31.262037397421672" lon="121.45392518607012">
        <ele>16.289731117896736</ele>
        <time>2026-06-20T11:20:59Z</time>
      </trkpt>
      <trkpt lat="31.26197955788054" lon="121.45355115772362">
        <ele>16.141762825660408</ele>
        <time>2026-06-20T11:20:59Z</time>
      </trkpt>
      <trkpt lat="31.261902691896207" lon="121.45316008954823">
        <ele>16.173470589332283</ele>
        <time>2026-06-20T11:20:59Z</time>
      </trkpt>
      <trkpt lat="31.261829328651523" lon="121.4529876237073">
        <ele>16.48790082614869</ele>
        <time>2026-06-20T11:20:59Z</time>
      </trkpt>
      <trkpt lat="31.261809844559863" lon="121.45277203674425">
        <ele>16.18404111545533</ele>
        <time>2026-06-20T11:20:59Z</time>
      </trkpt>
      <trkpt lat="31.26165131326095" lon="121.45206713811682">
        <ele>16.332005592994392</ele>
        <time>2026-06-20T11:20:59Z</time>
      </trkpt>
      <trkpt lat="31.26157831559615" lon="121.45160991422767">
        <ele>16.152333351783454</ele>
        <time>2026-06-20T11:20:59Z</time>
      </trkpt>
      <trkpt lat="31.26156248103866" lon="121.45123391000142">
        <ele>16.27916059177369</ele>
        <time>2026-06-20T11:20:59Z</time>
      </trkpt>
      <trkpt lat="31.261439541976465" lon="121.45078773451911">
        <ele>16.572453591041267</ele>
        <time>2026-06-20T11:20:59Z</time>
      </trkpt>
      <trkpt lat="31.26135616311115" lon="121.4506002456386">
        <ele>16.947655769996345</ele>
        <time>2026-06-20T11:20:59Z</time>
      </trkpt>
      <trkpt lat="31.261400897807807" lon="121.45048894794401">
        <ele>16.83403882663697</ele>
        <time>2026-06-20T11:20:59Z</time>
      </trkpt>
      <trkpt lat="31.26139356058323" lon="121.45033454174985">
        <ele>16.989934059791267</ele>
        <time>2026-06-20T11:20:59Z</time>
      </trkpt>
      <trkpt lat="31.261351179925473" lon="121.45015306847458">
        <ele>17.25151929538697</ele>
        <time>2026-06-20T11:20:59Z</time>
      </trkpt>
      <trkpt lat="31.26128488983456" lon="121.45000769307919">
        <ele>16.456193062476814</ele>
        <time>2026-06-20T11:20:59Z</time>
      </trkpt>
      <trkpt lat="31.261227119673084" lon="121.44964374763126">
        <ele>17.816964241676033</ele>
        <time>2026-06-20T11:20:59Z</time>
      </trkpt>
      <trkpt lat="31.261222931550144" lon="121.44955652098888">
        <ele>18.171029183082283</ele>
        <time>2026-06-20T11:20:59Z</time>
      </trkpt>
      <trkpt lat="31.261144275836763" lon="121.44923870326177">
        <ele>18.683629128150642</ele>
        <time>2026-06-20T11:20:59Z</time>
      </trkpt>
      <trkpt lat="31.261065601957668" lon="121.44891086380503">
        <ele>19.019200417213142</ele>
        <time>2026-06-20T11:20:59Z</time>
      </trkpt>
      <trkpt lat="31.26099295920383" lon="121.44859706414873">
        <ele>17.848672005347908</ele>
        <time>2026-06-20T11:20:59Z</time>
      </trkpt>
      <trkpt lat="31.26084240984526" lon="121.44783914717485">
        <ele>16.812901589088142</ele>
        <time>2026-06-20T11:20:59Z</time>
      </trkpt>
      <trkpt lat="31.26072444408122" lon="121.44735694176941">
        <ele>16.48790082614869</ele>
        <time>2026-06-20T11:20:59Z</time>
      </trkpt>
      <trkpt lat="31.260628560421736" lon="121.44691484404049">
        <ele>16.091561409644783</ele>
        <time>2026-06-20T11:20:59Z</time>
      </trkpt>
      <trkpt lat="31.260551822712216" lon="121.44654392903307">
        <ele>16.509038063697517</ele>
        <time>2026-06-20T11:20:59Z</time>
      </trkpt>
      <trkpt lat="31.260520518892196" lon="121.44639055231875">
        <ele>16.363713356666267</ele>
        <time>2026-06-20T11:20:59Z</time>
      </trkpt>
      <trkpt lat="31.26050999623395" lon="121.44613492305595">
        <ele>16.247452828101814</ele>
        <time>2026-06-20T11:20:59Z</time>
      </trkpt>
      <trkpt lat="31.26042413753724" lon="121.4456978594392">
        <ele>16.635869118385017</ele>
        <time>2026-06-20T11:20:59Z</time>
      </trkpt>
      <trkpt lat="31.26034050027446" lon="121.44536706143319">
        <ele>16.456193062476814</ele>
        <time>2026-06-20T11:20:59Z</time>
      </trkpt>
      <trkpt lat="31.2603010887436" lon="121.44515555242567">
        <ele>16.091561409644783</ele>
        <time>2026-06-20T11:20:59Z</time>
      </trkpt>
      <trkpt lat="31.260177374654575" lon="121.44477464515">
        <ele>15.568390938453376</ele>
        <time>2026-06-20T11:20:59Z</time>
      </trkpt>
      <trkpt lat="31.260130067449115" lon="121.44461125739309">
        <ele>17.1167612997815</ele>
        <time>2026-06-20T11:20:59Z</time>
      </trkpt>
      <trkpt lat="31.260016902528708" lon="121.44400181574419">
        <ele>15.787697884254158</ele>
        <time>2026-06-20T11:20:59Z</time>
      </trkpt>
      <trkpt lat="31.259852573428738" lon="121.443290155523">
        <ele>15.734852883033454</ele>
        <time>2026-06-20T11:20:59Z</time>
      </trkpt>
      <trkpt lat="31.259751334166573" lon="121.44262963002666">
        <ele>15.84054288547486</ele>
        <time>2026-06-20T11:20:59Z</time>
      </trkpt>
      <trkpt lat="31.259666538633663" lon="121.44219664208872">
        <ele>15.787697884254158</ele>
        <time>2026-06-20T11:20:59Z</time>
      </trkpt>
      <trkpt lat="31.259593714458372" lon="121.44174762507303">
        <ele>16.07042035739869</ele>
        <time>2026-06-20T11:20:59Z</time>
      </trkpt>
      <trkpt lat="31.259495912549465" lon="121.44130062376638">
        <ele>16.226315590552986</ele>
        <time>2026-06-20T11:20:59Z</time>
      </trkpt>
      <trkpt lat="31.259433546588575" lon="121.44109115907375">
        <ele>15.851113411597908</ele>
        <time>2026-06-20T11:20:59Z</time>
      </trkpt>
      <trkpt lat="31.259335811605975" lon="121.44067423774295">
        <ele>15.890748116187751</ele>
        <time>2026-06-20T11:20:59Z</time>
      </trkpt>
      <trkpt lat="31.259261158106817" lon="121.44030342384828">
        <ele>16.968793007545173</ele>
        <time>2026-06-20T11:20:59Z</time>
      </trkpt>
      <trkpt lat="31.259157550024952" lon="121.43994765161456">
        <ele>17.25151929538697</ele>
        <time>2026-06-20T11:20:59Z</time>
      </trkpt>
      <trkpt lat="31.259048961733725" lon="121.43959890083669">
        <ele>17.880379769019783</ele>
        <time>2026-06-20T11:20:59Z</time>
      </trkpt>
      <trkpt lat="31.258919466812998" lon="121.43929425256263">
        <ele>20.17123136203736</ele>
        <time>2026-06-20T11:20:59Z</time>
      </trkpt>
      <trkpt lat="31.258758772056943" lon="121.43886835166091">
        <ele>20.200295540504158</ele>
        <time>2026-06-20T11:20:59Z</time>
      </trkpt>
      <trkpt lat="31.258648281054978" lon="121.43856571626861">
        <ele>20.723466011695564</ele>
        <time>2026-06-20T11:20:59Z</time>
      </trkpt>
      <trkpt lat="31.258529781230955" lon="121.43825406679413">
        <ele>22.04195890109986</ele>
        <time>2026-06-20T11:20:59Z</time>
      </trkpt>
      <trkpt lat="31.258400307581795" lon="121.43795244379494">
        <ele>22.31411466281861</ele>
        <time>2026-06-20T11:20:59Z</time>
      </trkpt>
      <trkpt lat="31.258354052639007" lon="121.4377951186784">
        <ele>22.292977425269783</ele>
        <time>2026-06-20T11:20:59Z</time>
      </trkpt>
      <trkpt lat="31.25823160570844" lon="121.43750753064467">
        <ele>22.565129372291267</ele>
        <time>2026-06-20T11:20:59Z</time>
      </trkpt>
      <trkpt lat="31.25809098545756" lon="121.43711272731366">
        <ele>23.73830136936158</ele>
        <time>2026-06-20T11:20:59Z</time>
      </trkpt>
      <trkpt lat="31.25795142045631" lon="121.43674699046956">
        <ele>25.191552254371345</ele>
        <time>2026-06-20T11:20:59Z</time>
      </trkpt>
      <trkpt lat="31.25778578758623" lon="121.43633116097492">
        <ele>25.244397255592048</ele>
        <time>2026-06-20T11:20:59Z</time>
      </trkpt>
      <trkpt lat="31.25768633558922" lon="121.43603657674196">
        <ele>25.453137489967048</ele>
        <time>2026-06-20T11:20:59Z</time>
      </trkpt>
      <trkpt lat="31.257539837684668" lon="121.43569991695959">
        <ele>24.689519020728767</ele>
        <time>2026-06-20T11:20:59Z</time>
      </trkpt>
      <trkpt lat="31.257393250253873" lon="121.43530614996334">
        <ele>23.81228360813111</ele>
        <time>2026-06-20T11:20:59Z</time>
      </trkpt>
      <trkpt lat="31.25722361549205" lon="121.4348733161636">
        <ele>22.388096901588142</ele>
        <time>2026-06-20T11:20:59Z</time>
      </trkpt>
      <trkpt lat="31.257043973349674" lon="121.4344284690525">
        <ele>21.98118695896119</ele>
        <time>2026-06-20T11:20:59Z</time>
      </trkpt>
      <trkpt lat="31.256874317330418" lon="121.43397260961127">
        <ele>19.930783363990486</ele>
        <time>2026-06-20T11:20:59Z</time>
      </trkpt>
      <trkpt lat="31.256697658693316" lon="121.43350774386033">
        <ele>19.687695595435798</ele>
        <time>2026-06-20T11:20:59Z</time>
      </trkpt>
      <trkpt lat="31.256133752627797" lon="121.4321142146249">
        <ele>17.428551766090095</ele>
        <time>2026-06-20T11:20:59Z</time>
      </trkpt>
      <trkpt lat="31.25607155552861" lon="121.43196595131552">
        <ele>17.304364296607673</ele>
        <time>2026-06-20T11:20:59Z</time>
      </trkpt>
      <trkpt lat="31.25606532869255" lon="121.4318136770003">
        <ele>17.000500771217048</ele>
        <time>2026-06-20T11:20:59Z</time>
      </trkpt>
      <trkpt lat="31.25609705311585" lon="121.43163936100414">
        <ele>16.236886116676033</ele>
        <time>2026-06-20T11:20:59Z</time>
      </trkpt>
      <trkpt lat="31.256179769811858" lon="121.43147405815779">
        <ele>15.77712735813111</ele>
        <time>2026-06-20T11:20:59Z</time>
      </trkpt>
      <trkpt lat="31.256464290558352" lon="121.43123560932582">
        <ele>16.353146645240486</ele>
        <time>2026-06-20T11:20:59Z</time>
      </trkpt>
      <trkpt lat="31.25677979719819" lon="121.43099515708109">
        <ele>16.540745827369392</ele>
        <time>2026-06-20T11:20:59Z</time>
      </trkpt>
      <trkpt lat="31.25706731424583" lon="121.43075170488079">
        <ele>15.642373177222908</ele>
        <time>2026-06-20T11:20:59Z</time>
      </trkpt>
      <trkpt lat="31.257334854239367" lon="121.43051627128068">
        <ele>15.211682411842048</ele>
        <time>2026-06-20T11:20:59Z</time>
      </trkpt>
      <trkpt lat="31.257432608357842" lon="121.43037601964006">
        <ele>16.32143888156861</ele>
        <time>2026-06-20T11:20:59Z</time>
      </trkpt>
      <trkpt lat="31.25750935235097" lon="121.43022174664644">
        <ele>15.682007881812751</ele>
        <time>2026-06-20T11:20:59Z</time>
      </trkpt>
      <trkpt lat="31.257563111729176" lon="121.43007048199364">
        <ele>14.950097176246345</ele>
        <time>2026-06-20T11:20:59Z</time>
      </trkpt>
      <trkpt lat="31.25759285119999" lon="121.42989718295887">
        <ele>15.851113411597908</ele>
        <time>2026-06-20T11:20:59Z</time>
      </trkpt>
      <trkpt lat="31.257593362613925" lon="121.42955259791181">
        <ele>15.851113411597908</ele>
        <time>2026-06-20T11:20:59Z</time>
      </trkpt>
      <trkpt lat="31.257600982277697" lon="121.42928414561302">
        <ele>16.07042035739869</ele>
        <time>2026-06-20T11:20:59Z</time>
      </trkpt>
      <trkpt lat="31.257589790062596" lon="121.42914291042521">
        <ele>15.901314827613533</ele>
        <time>2026-06-20T11:20:59Z</time>
      </trkpt>
      <trkpt lat="31.257557599564656" lon="121.42899566808343">
        <ele>16.102128121070564</ele>
        <time>2026-06-20T11:20:59Z</time>
      </trkpt>
      <trkpt lat="31.25750344036199" lon="121.4288634535985">
        <ele>15.526112648658454</ele>
        <time>2026-06-20T11:20:59Z</time>
      </trkpt>
      <trkpt lat="31.257420282224917" lon="121.42872222766533">
        <ele>15.62123593967408</ele>
        <time>2026-06-20T11:20:59Z</time>
      </trkpt>
      <trkpt lat="31.257297147962646" lon="121.42858501279083">
        <ele>16.080990883521736</ele>
        <time>2026-06-20T11:20:59Z</time>
      </trkpt>
      <trkpt lat="31.257002023143126" lon="121.4283987337255">
        <ele>15.600098702125251</ele>
        <time>2026-06-20T11:20:59Z</time>
      </trkpt>
      <trkpt lat="31.256873925590973" lon="121.42828556058386">
        <ele>16.141762825660408</ele>
        <time>2026-06-20T11:20:59Z</time>
      </trkpt>
      <trkpt lat="31.256580788888687" lon="121.42808926798179">
        <ele>15.98586759250611</ele>
        <time>2026-06-20T11:20:59Z</time>
      </trkpt>
      <trkpt lat="31.256361512892507" lon="121.42781184080368">
        <ele>15.28566465061158</ele>
        <time>2026-06-20T11:20:59Z</time>
      </trkpt>
      <trkpt lat="31.256262462859823" lon="121.42774173727005">
        <ele>16.102128121070564</ele>
        <time>2026-06-20T11:20:59Z</time>
      </trkpt>
      <trkpt lat="31.256043081393642" lon="121.4273811834954">
        <ele>15.76656064670533</ele>
        <time>2026-06-20T11:20:59Z</time>
      </trkpt>
      <trkpt lat="31.25595893798681" lon="121.42724397454539">
        <ele>15.49440488498658</ele>
        <time>2026-06-20T11:20:59Z</time>
      </trkpt>
      <trkpt lat="31.255890740004414" lon="121.42706970717632">
        <ele>16.017575356177986</ele>
        <time>2026-06-20T11:20:59Z</time>
      </trkpt>
      <trkpt lat="31.255756534727656" lon="121.4268664019589">
        <ele>15.098065468482673</ele>
        <time>2026-06-20T11:20:59Z</time>
      </trkpt>
      <trkpt lat="31.25571550350403" lon="121.4268283464443">
        <ele>16.07042035739869</ele>
        <time>2026-06-20T11:20:59Z</time>
      </trkpt>
      <trkpt lat="31.255671416771342" lon="121.42674622302945">
        <ele>15.600098702125251</ele>
        <time>2026-06-20T11:20:59Z</time>
      </trkpt>
      <trkpt lat="31.25551224460687" lon="121.42655794643723">
        <ele>15.610665413551033</ele>
        <time>2026-06-20T11:20:59Z</time>
      </trkpt>
      <trkpt lat="31.255353936009413" lon="121.42626150658174">
        <ele>15.682007881812751</ele>
        <time>2026-06-20T11:20:59Z</time>
      </trkpt>
      <trkpt lat="31.255174487269464" lon="121.42584288924917">
        <ele>15.954159828834236</ele>
        <time>2026-06-20T11:20:59Z</time>
      </trkpt>
      <trkpt lat="31.255114319991122" lon="121.42568766206067">
        <ele>15.642373177222908</ele>
        <time>2026-06-20T11:20:59Z</time>
      </trkpt>
      <trkpt lat="31.25491404849835" lon="121.42539724795917">
        <ele>15.515542122535408</ele>
        <time>2026-06-20T11:20:59Z</time>
      </trkpt>
      <trkpt lat="31.2547687772078" lon="121.42512385832433">
        <ele>15.201111885719001</ele>
        <time>2026-06-20T11:20:59Z</time>
      </trkpt>
      <trkpt lat="31.25452054735388" lon="121.4248444727917">
        <ele>15.996438118629158</ele>
        <time>2026-06-20T11:20:59Z</time>
      </trkpt>
      <trkpt lat="31.254447440719314" lon="121.42472931250612">
        <ele>15.28566465061158</ele>
        <time>2026-06-20T11:20:59Z</time>
      </trkpt>
      <trkpt lat="31.254271291459958" lon="121.42454005544492">
        <ele>15.600098702125251</ele>
        <time>2026-06-20T11:20:59Z</time>
      </trkpt>
      <trkpt lat="31.25421716606414" lon="121.42441488101204">
        <ele>15.179974648170173</ele>
        <time>2026-06-20T11:20:59Z</time>
      </trkpt>
      <trkpt lat="31.253982798775997" lon="121.42401633641427">
        <ele>15.49440488498658</ele>
        <time>2026-06-20T11:20:59Z</time>
      </trkpt>
      <trkpt lat="31.25380351608762" lon="121.4237059176383">
        <ele>15.296235176734626</ele>
        <time>2026-06-20T11:20:59Z</time>
      </trkpt>
      <trkpt lat="31.25362024513763" lon="121.42340051108894">
        <ele>15.610665413551033</ele>
        <time>2026-06-20T11:20:59Z</time>
      </trkpt>
      <trkpt lat="31.253410011781195" lon="121.4231141376068">
        <ele>15.798268410377204</ele>
        <time>2026-06-20T11:20:59Z</time>
      </trkpt>
      <trkpt lat="31.25330282186912" lon="121.42290386197315">
        <ele>15.76656064670533</ele>
        <time>2026-06-20T11:20:59Z</time>
      </trkpt>
      <trkpt lat="31.253145500238134" lon="121.42255340583523">
        <ele>15.70314511936158</ele>
        <time>2026-06-20T11:20:59Z</time>
      </trkpt>
      <trkpt lat="31.25302021147007" lon="121.42224100330925">
        <ele>16.540745827369392</ele>
        <time>2026-06-20T11:20:59Z</time>
      </trkpt>
      <trkpt lat="31.252864961940684" lon="121.42194863450707">
        <ele>16.236886116676033</ele>
        <time>2026-06-20T11:20:59Z</time>
      </trkpt>
      <trkpt lat="31.25271765919446" lon="121.42160620521867">
        <ele>16.46676358859986</ele>
        <time>2026-06-20T11:20:59Z</time>
      </trkpt>
      <trkpt lat="31.252590378055146" lon="121.42128781071074">
        <ele>16.61208829563111</ele>
        <time>2026-06-20T11:20:59Z</time>
      </trkpt>
      <trkpt lat="31.252440007825633" lon="121.42086929873878">
        <ele>16.18404111545533</ele>
        <time>2026-06-20T11:20:59Z</time>
      </trkpt>
      <trkpt lat="31.252330751577034" lon="121.42057294198742">
        <ele>15.97530088108033</ele>
        <time>2026-06-20T11:20:59Z</time>
      </trkpt>
      <trkpt lat="31.252207410758505" lon="121.42018247718326">
        <ele>16.371640297584236</ele>
        <time>2026-06-20T11:20:59Z</time>
      </trkpt>
      <trkpt lat="31.252050184830004" lon="121.41988613530094">
        <ele>15.77712735813111</ele>
        <time>2026-06-20T11:20:59Z</time>
      </trkpt>
      <trkpt lat="31.251920940608823" lon="121.41957978382186">
        <ele>16.42448529880494</ele>
        <time>2026-06-20T11:20:59Z</time>
      </trkpt>
      <trkpt lat="31.25172567783143" lon="121.41921938041055">
        <ele>15.713715645484626</ele>
        <time>2026-06-20T11:20:59Z</time>
      </trkpt>
      <trkpt lat="31.251570460904187" lon="121.41892004995255">
        <ele>16.21574506442994</ele>
        <time>2026-06-20T11:20:59Z</time>
      </trkpt>
      <trkpt lat="31.25139917665265" lon="121.41853663116161">
        <ele>16.04928311984986</ele>
        <time>2026-06-20T11:20:59Z</time>
      </trkpt>
      <trkpt lat="31.251221934601123" lon="121.41818926036153">
        <ele>15.568390938453376</ele>
        <time>2026-06-20T11:20:59Z</time>
      </trkpt>
      <trkpt lat="31.25108571580427" lon="121.41788193582761">
        <ele>15.401925179176033</ele>
        <time>2026-06-20T11:20:59Z</time>
      </trkpt>
      <trkpt lat="31.250919504799402" lon="121.4175636071239">
        <ele>14.950097176246345</ele>
        <time>2026-06-20T11:20:59Z</time>
      </trkpt>
      <trkpt lat="31.250737330832816" lon="121.41727431576399">
        <ele>15.922455879859626</ele>
        <time>2026-06-20T11:20:59Z</time>
      </trkpt>
      <trkpt lat="31.25064026053893" lon="121.41714418746723">
        <ele>15.589528176002204</ele>
        <time>2026-06-20T11:20:59Z</time>
      </trkpt>
      <trkpt lat="31.25039619090635" lon="121.4169379938748">
        <ele>15.452130409888923</ele>
        <time>2026-06-20T11:20:59Z</time>
      </trkpt>
      <trkpt lat="31.250261171173722" lon="121.41684490938067">
        <ele>15.692574593238533</ele>
        <time>2026-06-20T11:20:59Z</time>
      </trkpt>
      <trkpt lat="31.250133129139797" lon="121.4167288011141">
        <ele>16.141762825660408</ele>
        <time>2026-06-20T11:20:59Z</time>
      </trkpt>
      <trkpt lat="31.249990114723076" lon="121.41663671937212">
        <ele>14.98180493991822</ele>
        <time>2026-06-20T11:20:59Z</time>
      </trkpt>
      <trkpt lat="31.249695207277615" lon="121.41659069815174">
        <ele>15.954159828834236</ele>
        <time>2026-06-20T11:20:59Z</time>
      </trkpt>
      <trkpt lat="31.249416320713188" lon="121.41657770922743">
        <ele>15.798268410377204</ele>
        <time>2026-06-20T11:20:59Z</time>
      </trkpt>
      <trkpt lat="31.249119483665062" lon="121.41661377181228">
        <ele>15.682007881812751</ele>
        <time>2026-06-20T11:20:59Z</time>
      </trkpt>
      <trkpt lat="31.248785658200372" lon="121.41664383155822">
        <ele>15.600098702125251</ele>
        <time>2026-06-20T11:20:59Z</time>
      </trkpt>
      <trkpt lat="31.248457873541913" lon="121.41672494309576">
        <ele>15.179974648170173</ele>
        <time>2026-06-20T11:20:59Z</time>
      </trkpt>
      <trkpt lat="31.248128117544816" lon="121.41683808815881">
        <ele>15.409852120094001</ele>
        <time>2026-06-20T11:20:59Z</time>
      </trkpt>
      <trkpt lat="31.247807315195683" lon="121.41690118127093">
        <ele>14.281601998023689</ele>
        <time>2026-06-20T11:20:59Z</time>
      </trkpt>
      <trkpt lat="31.24753050634556" lon="121.41697928634771">
        <ele>15.787697884254158</ele>
        <time>2026-06-20T11:20:59Z</time>
      </trkpt>
      <trkpt lat="31.24714979387745" lon="121.41711446039552">
        <ele>15.264527413062751</ele>
        <time>2026-06-20T11:20:59Z</time>
      </trkpt>
      <trkpt lat="31.2468770077078" lon="121.41721959440056">
        <ele>14.680584999732673</ele>
        <time>2026-06-20T11:20:59Z</time>
      </trkpt>
      <trkpt lat="31.246578239037582" lon="121.41733073760489">
        <ele>15.713715645484626</ele>
        <time>2026-06-20T11:20:59Z</time>
      </trkpt>
      <trkpt lat="31.246284469641218" lon="121.4174428820907">
        <ele>15.798268410377204</ele>
        <time>2026-06-20T11:20:59Z</time>
      </trkpt>
      <trkpt lat="31.245988742686162" lon="121.41760107670058">
        <ele>15.441559883765876</ele>
        <time>2026-06-20T11:20:59Z</time>
      </trkpt>
      <trkpt lat="31.24570806679975" lon="121.41782233953519">
        <ele>15.119202706031501</ele>
        <time>2026-06-20T11:20:59Z</time>
      </trkpt>
      <trkpt lat="31.24559318975115" lon="121.41790143538559">
        <ele>14.928959938697517</ele>
        <time>2026-06-20T11:20:59Z</time>
      </trkpt>
      <trkpt lat="31.245526189187913" lon="121.41786740424432">
        <ele>15.098065468482673</ele>
        <time>2026-06-20T11:20:59Z</time>
      </trkpt>
      <trkpt lat="31.2453369408576" lon="121.41749401905037">
        <ele>15.568390938453376</ele>
        <time>2026-06-20T11:20:59Z</time>
      </trkpt>
      <trkpt lat="31.24523388568528" lon="121.41737890567737">
        <ele>15.211682411842048</ele>
        <time>2026-06-20T11:20:59Z</time>
      </trkpt>
      <trkpt lat="31.24503770319273" lon="121.4170685964448">
        <ele>14.960667702369392</ele>
        <time>2026-06-20T11:20:59Z</time>
      </trkpt>
      <trkpt lat="31.244831478476492" lon="121.41669823160846">
        <ele>14.448063942603767</ele>
        <time>2026-06-20T11:20:59Z</time>
      </trkpt>
      <trkpt lat="31.244650313794942" lon="121.41640595042698">
        <ele>14.366154762916267</ele>
        <time>2026-06-20T11:20:59Z</time>
      </trkpt>
      <trkpt lat="31.244462170954638" lon="121.41613169228548">
        <ele>14.146847817115486</ele>
        <time>2026-06-20T11:20:59Z</time>
      </trkpt>
      <trkpt lat="31.244273990967233" lon="121.41580738920361">
        <ele>14.847046944312751</ele>
        <time>2026-06-20T11:20:59Z</time>
      </trkpt>
      <trkpt lat="31.24408780766768" lon="121.41547408289829">
        <ele>14.889325234107673</ele>
        <time>2026-06-20T11:20:59Z</time>
      </trkpt>
      <trkpt lat="31.243936640912473" lon="121.41517581244973">
        <ele>14.889325234107673</ele>
        <time>2026-06-20T11:20:59Z</time>
      </trkpt>
      <trkpt lat="31.243879547591177" lon="121.41502267364505">
        <ele>15.62123593967408</ele>
        <time>2026-06-20T11:20:59Z</time>
      </trkpt>
      <trkpt lat="31.24379243666075" lon="121.41482749979723">
        <ele>15.97530088108033</ele>
        <time>2026-06-20T11:20:59Z</time>
      </trkpt>
      <trkpt lat="31.243704324113935" lon="121.4146273234911">
        <ele>16.664933296851814</ele>
        <time>2026-06-20T11:20:59Z</time>
      </trkpt>
      <trkpt lat="31.243461180598732" lon="121.41428903860262">
        <ele>16.091561409644783</ele>
        <time>2026-06-20T11:20:59Z</time>
      </trkpt>
      <trkpt lat="31.24328704456338" lon="121.41399679426341">
        <ele>15.108632179908454</ele>
        <time>2026-06-20T11:20:59Z</time>
      </trkpt>
      <trkpt lat="31.24305685219018" lon="121.4135844559026">
        <ele>14.762494179420173</ele>
        <time>2026-06-20T11:20:59Z</time>
      </trkpt>
      <trkpt lat="31.242851679045764" lon="121.41320515207686">
        <ele>15.359650704078376</ele>
        <time>2026-06-20T11:20:59Z</time>
      </trkpt>
      <trkpt lat="31.242622537474382" lon="121.41284687521765">
        <ele>14.910462471656501</ele>
        <time>2026-06-20T11:20:59Z</time>
      </trkpt>
      <trkpt lat="31.242277267804333" lon="121.41220338937721">
        <ele>14.50090894382447</ele>
        <time>2026-06-20T11:20:59Z</time>
      </trkpt>
      <trkpt lat="31.242009141883127" lon="121.41181611288572">
        <ele>14.971234413795173</ele>
        <time>2026-06-20T11:20:59Z</time>
      </trkpt>
      <trkpt lat="31.24190410290619" lon="121.4116780170519">
        <ele>15.04522046726197</ele>
        <time>2026-06-20T11:20:59Z</time>
      </trkpt>
      <trkpt lat="31.241077949312285" lon="121.41080344780002">
        <ele>15.359650704078376</ele>
        <time>2026-06-20T11:20:59Z</time>
      </trkpt>
      <trkpt lat="31.240758983316564" lon="121.41061234091435">
        <ele>15.222252937965095</ele>
        <time>2026-06-20T11:21:40Z</time>
      </trkpt>
      <trkpt lat="31.240452988230277" lon="121.4103772045438">
        <ele>14.939526650123298</ele>
        <time>2026-06-20T11:21:40Z</time>
      </trkpt>
      <trkpt lat="31.240309985707608" lon="121.41025713489185">
        <ele>15.787697884254158</ele>
        <time>2026-06-20T11:21:40Z</time>
      </trkpt>
      <trkpt lat="31.24004002002242" lon="121.4100980508105">
        <ele>15.724282356910408</ele>
        <time>2026-06-20T11:21:40Z</time>
      </trkpt>
      <trkpt lat="31.23971602524242" lon="121.40983790598833">
        <ele>14.921032997779548</ele>
        <time>2026-06-20T11:21:40Z</time>
      </trkpt>
      <trkpt lat="31.239413042600777" lon="121.40961278555255">
        <ele>15.19054517429322</ele>
        <time>2026-06-20T11:21:41Z</time>
      </trkpt>
      <trkpt lat="31.23927503997304" lon="121.40948871780948">
        <ele>14.281601998023689</ele>
        <time>2026-06-20T11:21:41Z</time>
      </trkpt>
      <trkpt lat="31.238922098753697" lon="121.40929262416847">
        <ele>15.296235176734626</ele>
        <time>2026-06-20T11:21:41Z</time>
      </trkpt>
      <trkpt lat="31.238628120800623" lon="121.40907351321432">
        <ele>16.11269864719361</ele>
        <time>2026-06-20T11:21:41Z</time>
      </trkpt>
      <trkpt lat="31.23848114547353" lon="121.40898947432198">
        <ele>15.76656064670533</ele>
        <time>2026-06-20T11:21:41Z</time>
      </trkpt>
      <trkpt lat="31.23780021354834" lon="121.40849523723477">
        <ele>15.62123593967408</ele>
        <time>2026-06-20T11:21:41Z</time>
      </trkpt>
      <trkpt lat="31.23766321644233" lon="121.40837017623267">
        <ele>16.77062329929322</ele>
        <time>2026-06-20T11:21:41Z</time>
      </trkpt>
      <trkpt lat="31.23737026331908" lon="121.40818509535056">
        <ele>14.553757759742439</ele>
        <time>2026-06-20T11:21:41Z</time>
      </trkpt>
      <trkpt lat="31.237098272061452" lon="121.4079339775937">
        <ele>15.462697121314704</ele>
        <time>2026-06-20T11:21:41Z</time>
      </trkpt>
      <trkpt lat="31.23681728650115" lon="121.4076798623586">
        <ele>14.939526650123298</ele>
        <time>2026-06-20T11:21:41Z</time>
      </trkpt>
      <trkpt lat="31.23656231325095" lon="121.40747477432751">
        <ele>15.671437355689704</ele>
        <time>2026-06-20T11:21:41Z</time>
      </trkpt>
      <trkpt lat="31.236249350714562" lon="121.40722767174498">
        <ele>15.692574593238533</ele>
        <time>2026-06-20T11:21:41Z</time>
      </trkpt>
      <trkpt lat="31.23593140032631" lon="121.40699758146697">
        <ele>16.11269864719361</ele>
        <time>2026-06-20T11:21:41Z</time>
      </trkpt>
      <trkpt lat="31.235777420096852" lon="121.40687353244651">
        <ele>15.55782041233033</ele>
        <time>2026-06-20T11:21:41Z</time>
      </trkpt>
      <trkpt lat="31.23545648523198" lon="121.40666945948408">
        <ele>15.25396070163697</ele>
        <time>2026-06-20T11:21:41Z</time>
      </trkpt>
      <trkpt lat="31.23511957607003" lon="121.4065074102829">
        <ele>14.511479469947517</ele>
        <time>2026-06-20T11:21:41Z</time>
      </trkpt>
      <trkpt lat="31.234786657922886" lon="121.4063233517598">
        <ele>14.26046476047486</ele>
        <time>2026-06-20T11:21:41Z</time>
      </trkpt>
      <trkpt lat="31.234430750858827" lon="121.40613629566514">
        <ele>14.376725289039314</ele>
        <time>2026-06-20T11:21:42Z</time>
      </trkpt>
      <trkpt lat="31.234066863840408" lon="121.4059892602155">
        <ele>14.596032234840095</ele>
        <time>2026-06-20T11:21:42Z</time>
      </trkpt>
      <trkpt lat="31.233917902082947" lon="121.40590623578056">
        <ele>14.70964917819947</ele>
        <time>2026-06-20T11:21:42Z</time>
      </trkpt>
      <trkpt lat="31.233629000838427" lon="121.40581121859157">
        <ele>14.868187996558845</ele>
        <time>2026-06-20T11:21:42Z</time>
      </trkpt>
      <trkpt lat="31.233374087601323" lon="121.40572520286858">
        <ele>15.076928230933845</ele>
        <time>2026-06-20T11:21:42Z</time>
      </trkpt>
      <trkpt lat="31.233283105464295" lon="121.40565718107037">
        <ele>15.066357704810798</ele>
        <time>2026-06-20T11:21:42Z</time>
      </trkpt>
      <trkpt lat="31.233245082712067" lon="121.405542134662">
        <ele>14.125706764869392</ele>
        <time>2026-06-20T11:21:42Z</time>
      </trkpt>
      <trkpt lat="31.233288931913727" lon="121.40515696949512">
        <ele>14.878754707984626</ele>
        <time>2026-06-20T11:21:42Z</time>
      </trkpt>
      <trkpt lat="31.23330586469802" lon="121.40497489449542">
        <ele>13.665951821021736</ele>
        <time>2026-06-20T11:21:42Z</time>
      </trkpt>
      <trkpt lat="31.23329183725666" lon="121.40486885371077">
        <ele>13.330384346656501</ele>
        <time>2026-06-20T11:21:42Z</time>
      </trkpt>
      <trkpt lat="31.23331777940618" lon="121.4047227945666">
        <ele>15.055787178687751</ele>
        <time>2026-06-20T11:21:42Z</time>
      </trkpt>
      <trkpt lat="31.233326673049294" lon="121.40438566682658">
        <ele>15.098065468482673</ele>
        <time>2026-06-20T11:21:42Z</time>
      </trkpt>
      <trkpt lat="31.2333256256145" lon="121.40422160731615">
        <ele>16.141762825660408</ele>
        <time>2026-06-20T11:21:42Z</time>
      </trkpt>
      <trkpt lat="31.23334556521281" lon="121.404041541806">
        <ele>16.205178353004158</ele>
        <time>2026-06-20T11:21:42Z</time>
      </trkpt>
      <trkpt lat="31.23334450644496" lon="121.40382646798409">
        <ele>15.473267647437751</ele>
        <time>2026-06-20T11:21:42Z</time>
      </trkpt>
      <trkpt lat="31.233400374428154" lon="121.40342033022799">
        <ele>15.808835121802986</ele>
        <time>2026-06-20T11:21:42Z</time>
      </trkpt>
      <trkpt lat="31.233453249536108" lon="121.40300719941663">
        <ele>16.04928311984986</ele>
        <time>2026-06-20T11:21:42Z</time>
      </trkpt>
      <trkpt lat="31.23351213123421" lon="121.40260207930746">
        <ele>15.119202706031501</ele>
        <time>2026-06-20T11:21:42Z</time>
      </trkpt>
      <trkpt lat="31.233566022368915" lon="121.40219596806871">
        <ele>16.141762825660408</ele>
        <time>2026-06-20T11:21:42Z</time>
      </trkpt>
      <trkpt lat="31.23362491318724" lon="121.40175985823196">
        <ele>15.504975411109626</ele>
        <time>2026-06-20T11:21:42Z</time>
      </trkpt>
      <trkpt lat="31.23369280769855" lon="121.4013197568321">
        <ele>15.380787941627204</ele>
        <time>2026-06-20T11:21:43Z</time>
      </trkpt>
      <trkpt lat="31.233792658483228" lon="121.40059661341455">
        <ele>15.243390175513923</ele>
        <time>2026-06-20T11:21:43Z</time>
      </trkpt>
      <trkpt lat="31.23383958649944" lon="121.40016654226018">
        <ele>15.851113411597908</ele>
        <time>2026-06-20T11:21:43Z</time>
      </trkpt>
      <trkpt lat="31.23393850506963" lon="121.3998064849636">
        <ele>15.861680123023689</ele>
        <time>2026-06-20T11:21:43Z</time>
      </trkpt>
      <trkpt lat="31.233957465019802" lon="121.39943043974479">
        <ele>16.76005658786744</ele>
        <time>2026-06-20T11:21:43Z</time>
      </trkpt>
      <trkpt lat="31.233980442802874" lon="121.3992674211585">
        <ele>16.70720777194947</ele>
        <time>2026-06-20T11:21:43Z</time>
      </trkpt>
      <trkpt lat="31.23397843591537" lon="121.39914741001606">
        <ele>16.27916059177369</ele>
        <time>2026-06-20T11:21:43Z</time>
      </trkpt>
      <trkpt lat="31.234018392089443" lon="121.39865436794548">
        <ele>17.127331825904548</ele>
        <time>2026-06-20T11:21:43Z</time>
      </trkpt>
      <trkpt lat="31.234048365699813" lon="121.39826134367568">
        <ele>15.49440488498658</ele>
        <time>2026-06-20T11:21:43Z</time>
      </trkpt>
      <trkpt lat="31.234045361526828" lon="121.39790133117661">
        <ele>15.851113411597908</ele>
        <time>2026-06-20T11:21:43Z</time>
      </trkpt>
      <trkpt lat="31.23405435738307" lon="121.39755932452564">
        <ele>16.102128121070564</ele>
        <time>2026-06-20T11:21:43Z</time>
      </trkpt>
      <trkpt lat="31.234043362887526" lon="121.3975083251318">
        <ele>16.392777535133064</ele>
        <time>2026-06-20T11:21:43Z</time>
      </trkpt>
      <trkpt lat="31.233968397490173" lon="121.39750133163378">
        <ele>16.540745827369392</ele>
        <time>2026-06-20T11:21:44Z</time>
      </trkpt>
      <trkpt lat="31.233771488085818" lon="121.39751534889007">
        <ele>16.937089058570564</ele>
        <time>2026-06-20T11:21:44Z</time>
      </trkpt>
      <trkpt lat="31.23367453289047" lon="121.39750335728043">
        <ele>16.802331062965095</ele>
        <time>2026-06-20T11:21:44Z</time>
      </trkpt>
      <trkpt lat="31.23360056685308" lon="121.39751736381281">
        <ele>16.802331062965095</ele>
        <time>2026-06-20T11:21:44Z</time>
      </trkpt>
      <trkpt lat="31.233520603807158" lon="121.39750837073606">
        <ele>16.69664106052369</ele>
        <time>2026-06-20T11:21:44Z</time>
      </trkpt>
      <trkpt lat="31.233426648741542" lon="121.39738037864242">
        <ele>16.865746590308845</ele>
        <time>2026-06-20T11:21:44Z</time>
      </trkpt>
      <trkpt lat="31.233093802205104" lon="121.39738640767314">
        <ele>16.781193825416267</ele>
        <time>2026-06-20T11:21:44Z</time>
      </trkpt>
      <trkpt lat="31.2327099798266" lon="121.397359441195">
        <ele>16.509038063697517</ele>
        <time>2026-06-20T11:21:45Z</time>
      </trkpt>
      <trkpt lat="31.2326220206856" lon="121.39734544890327">
        <ele>16.300297829322517</ele>
        <time>2026-06-20T11:21:45Z</time>
      </trkpt>
      <trkpt lat="31.232430109085605" lon="121.39736146560493">
        <ele>16.738915535621345</ele>
        <time>2026-06-20T11:21:45Z</time>
      </trkpt>
      <trkpt lat="31.23231816107001" lon="121.3973464754071">
        <ele>16.382210823707283</ele>
        <time>2026-06-20T11:21:45Z</time>
      </trkpt>
      <trkpt lat="31.232009303079" lon="121.397396502273">
        <ele>17.293793770484626</ele>
        <time>2026-06-20T11:21:45Z</time>
      </trkpt>
      <trkpt lat="31.231690449848198" lon="121.39745153015305">
        <ele>16.855176064185798</ele>
        <time>2026-06-20T11:21:45Z</time>
      </trkpt>
      <trkpt lat="31.231624480258596" lon="121.39746153593654">
        <ele>16.749486061744392</ele>
        <time>2026-06-20T11:21:45Z</time>
      </trkpt>
      <trkpt lat="31.231523525867154" lon="121.3975845455241">
        <ele>16.363713356666267</ele>
        <time>2026-06-20T11:21:45Z</time>
      </trkpt>
      <trkpt lat="31.231537519111328" lon="121.39763754488281">
        <ele>16.937089058570564</ele>
        <time>2026-06-20T11:21:45Z</time>
      </trkpt>
      <trkpt lat="31.23157650089558" lon="121.39770154237695">
        <ele>16.413918587379158</ele>
        <time>2026-06-20T11:21:45Z</time>
      </trkpt>
      <trkpt lat="31.231674457639127" lon="121.39803954209562">
        <ele>17.18810376804322</ele>
        <time>2026-06-20T11:21:45Z</time>
      </trkpt>
      <trkpt lat="31.23171244259429" lon="121.39818954435758">
        <ele>16.865746590308845</ele>
        <time>2026-06-20T11:21:45Z</time>
      </trkpt>
      <trkpt lat="31.231812402766153" lon="121.39843954753977">
        <ele>16.894810768775642</ele>
        <time>2026-06-20T11:21:45Z</time>
      </trkpt>
      <trkpt lat="31.23189237729106" lon="121.3987435594351">
        <ele>16.300297829322517</ele>
        <time>2026-06-20T11:21:46Z</time>
      </trkpt>
      <trkpt lat="31.231831409883732" lon="121.39883757156679">
        <ele>16.017575356177986</ele>
        <time>2026-06-20T11:21:46Z</time>
      </trkpt>
      <trkpt lat="31.23172246112875" lon="121.39885458235217">
        <ele>16.205178353004158</ele>
        <time>2026-06-20T11:21:46Z</time>
      </trkpt>
      <trkpt lat="31.231441595553907" lon="121.39894061356745">
        <ele>16.593590828590095</ele>
        <time>2026-06-20T11:21:46Z</time>
      </trkpt>
      <trkpt lat="31.231071771934484" lon="121.39903265343933">
        <ele>16.25802335422486</ele>
        <time>2026-06-20T11:21:46Z</time>
      </trkpt>
      <trkpt lat="31.230822891582907" lon="121.39910568150431">
        <ele>16.69664106052369</ele>
        <time>2026-06-20T11:21:46Z</time>
      </trkpt>
      <trkpt lat="31.23069495193446" lon="121.3991226941844">
        <ele>15.755990120582283</ele>
        <time>2026-06-20T11:21:46Z</time>
      </trkpt>
      <trkpt lat="31.230560019946623" lon="121.39920871387599">
        <ele>16.593590828590095</ele>
        <time>2026-06-20T11:21:46Z</time>
      </trkpt>
      <trkpt lat="31.23016320886338" lon="121.399280755419">
        <ele>15.954159828834236</ele>
        <time>2026-06-20T11:21:46Z</time>
      </trkpt>
      <trkpt lat="31.229860359028436" lon="121.3994147954566">
        <ele>16.059853645972908</ele>
        <time>2026-06-20T11:21:46Z</time>
      </trkpt>
      <trkpt lat="31.22970243508659" lon="121.39945081305143">
        <ele>12.807213875465095</ele>
        <time>2026-06-20T11:21:46Z</time>
      </trkpt>
      <trkpt lat="31.22942057379429" lon="121.39954984849173">
        <ele>16.102128121070564</ele>
        <time>2026-06-20T11:21:46Z</time>
      </trkpt>
      <trkpt lat="31.2291307146258" lon="121.399623882224">
        <ele>15.264527413062751</ele>
        <time>2026-06-20T11:21:46Z</time>
      </trkpt>
      <trkpt lat="31.228840857169104" lon="121.39971391817002">
        <ele>16.456193062476814</ele>
        <time>2026-06-20T11:21:46Z</time>
      </trkpt>
      <trkpt lat="31.22856997953458" lon="121.39967093664869">
        <ele>16.382210823707283</ele>
        <time>2026-06-20T11:21:46Z</time>
      </trkpt>
      <trkpt lat="31.228441044260457" lon="121.39972495437505">
        <ele>16.038712593726814</ele>
        <time>2026-06-20T11:21:46Z</time>
      </trkpt>
      <trkpt lat="31.228228160843507" lon="121.39991399682992">
        <ele>16.123265358619392</ele>
        <time>2026-06-20T11:21:46Z</time>
      </trkpt>
      <trkpt lat="31.227964295489855" lon="121.40003203570919">
        <ele>16.162900063209236</ele>
        <time>2026-06-20T11:21:46Z</time>
      </trkpt>
      <trkpt lat="31.227676440619863" lon="121.40013707554787">
        <ele>17.608224007301033</ele>
        <time>2026-06-20T11:21:46Z</time>
      </trkpt>
      <trkpt lat="31.227559483250303" lon="121.40002206964375">
        <ele>15.600098702125251</ele>
        <time>2026-06-20T11:21:47Z</time>
      </trkpt>
      <trkpt lat="31.227528483039553" lon="121.39987205238529">
        <ele>16.855176064185798</ele>
        <time>2026-06-20T11:21:47Z</time>
      </trkpt>
      <trkpt lat="31.227512474823286" lon="121.39969903222561">
        <ele>16.498471352271736</ele>
        <time>2026-06-20T11:21:47Z</time>
      </trkpt>
      <trkpt lat="31.227451492038487" lon="121.39956502192759">
        <ele>16.728348824195564</ele>
        <time>2026-06-20T11:21:47Z</time>
      </trkpt>
      <trkpt lat="31.22728556802259" lon="121.39954703437314">
        <ele>16.48790082614869</ele>
        <time>2026-06-20T11:21:47Z</time>
      </trkpt>
      <trkpt lat="31.227018695612056" lon="121.3995840618321">
        <ele>16.55131635349244</ele>
        <time>2026-06-20T11:21:47Z</time>
      </trkpt>
      <trkpt lat="31.22676482216303" lon="121.39967909504324">
        <ele>16.61208829563111</ele>
        <time>2026-06-20T11:21:47Z</time>
      </trkpt>
      <trkpt lat="31.226605897116308" lon="121.3996871098578">
        <ele>16.69664106052369</ele>
        <time>2026-06-20T11:21:47Z</time>
      </trkpt>
      <trkpt lat="31.226460963487103" lon="121.39967112059408">
        <ele>16.926518532447517</ele>
        <time>2026-06-20T11:21:47Z</time>
      </trkpt>
      <trkpt lat="31.226316032712013" lon="121.39968813525783">
        <ele>16.635869118385017</ele>
        <time>2026-06-20T11:21:47Z</time>
      </trkpt>
      <trkpt lat="31.226231082205988" lon="121.39979815612735">
        <ele>16.646435829810798</ele>
        <time>2026-06-20T11:21:47Z</time>
      </trkpt>
      <trkpt lat="31.22621710380757" lon="121.39995717792597">
        <ele>16.363713356666267</ele>
        <time>2026-06-20T11:21:47Z</time>
      </trkpt>
      <trkpt lat="31.22624013105819" lon="121.40031522711648">
        <ele>16.498471352271736</ele>
        <time>2026-06-20T11:21:47Z</time>
      </trkpt>
      <trkpt lat="31.226222189055342" lon="121.40071829438124">
        <ele>16.091561409644783</ele>
        <time>2026-06-20T11:21:47Z</time>
      </trkpt>
      <trkpt lat="31.22617222218385" lon="121.40079131155471">
        <ele>16.392777535133064</ele>
        <time>2026-06-20T11:21:47Z</time>
      </trkpt>
      <trkpt lat="31.225885352232098" lon="121.40076033109703">
        <ele>16.477330300025642</ele>
        <time>2026-06-20T11:21:47Z</time>
      </trkpt>
      <trkpt lat="31.22570543698444" lon="121.40076434749172">
        <ele>16.519608589820564</ele>
        <time>2026-06-20T11:21:47Z</time>
      </trkpt>
      <trkpt lat="31.225676445097704" lon="121.40072334284608">
        <ele>15.70314511936158</ele>
        <time>2026-06-20T11:21:47Z</time>
      </trkpt>
      <trkpt lat="31.22568642588981" lon="121.40061132282938">
        <ele>16.664933296851814</ele>
        <time>2026-06-20T11:21:47Z</time>
      </trkpt>
      <trkpt lat="31.225671411204782" lon="121.40043529538607">
        <ele>16.40599164646119</ele>
        <time>2026-06-20T11:21:47Z</time>
      </trkpt>
      <trkpt lat="31.225700381124103" lon="121.40029327084932">
        <ele>16.18404111545533</ele>
        <time>2026-06-20T11:21:47Z</time>
      </trkpt>
      <trkpt lat="31.22570136493418" lon="121.40015024966999">
        <ele>15.547249886207283</ele>
        <time>2026-06-20T12:42:37Z</time>
      </trkpt>
      <trkpt lat="31.225678359380495" lon="121.39999222962017">
        <ele>16.038712593726814</ele>
        <time>2026-06-20T11:21:48Z</time>
      </trkpt>
      <trkpt lat="31.225612383877262" lon="121.39992722668113">
        <ele>16.173470589332283</ele>
        <time>2026-06-20T11:21:48Z</time>
      </trkpt>
      <trkpt lat="31.225375490700713" lon="121.39988424171233">
        <ele>16.123265358619392</ele>
        <time>2026-06-20T11:21:48Z</time>
      </trkpt>
      <trkpt lat="31.22551842470302" lon="121.39989423054712">
        <ele>16.162900063209236</ele>
        <time>2026-06-20T11:21:48Z</time>
      </trkpt>
      <trkpt lat="31.225557409620404" lon="121.39992723147556">
        <ele>16.13119229953736</ele>
        <time>2026-06-20T11:21:48Z</time>
      </trkpt>
      <trkpt lat="31.22556741193049" lon="121.3999982401098">
        <ele>15.82997617404908</ele>
        <time>2026-06-20T11:21:48Z</time>
      </trkpt>
      <trkpt lat="31.225829282238347" lon="121.3999262076328">
        <ele>16.382210823707283</ele>
        <time>2026-06-20T11:21:48Z</time>
      </trkpt>
      <trkpt lat="31.225805303778273" lon="121.40003022373382">
        <ele>18.474892708472908</ele>
        <time>2026-06-20T11:21:48Z</time>
      </trkpt>
      <trkpt lat="31.22585528130125" lon="121.40003922061423">
        <ele>19.648060890845954</ele>
        <time>2026-06-20T11:21:48Z</time>
      </trkpt>
      <trkpt lat="31.22590225962065" lon="121.40004221693107">
        <ele>24.240330788306892</ele>
        <time>2026-06-20T12:44:32Z</time>
      </trkpt>
      <trkpt lat="31.22588128061029" lon="121.40014923383528">
        <ele>35.715729805640876</ele>
        <time>2026-06-20T12:44:59Z</time>
      </trkpt>
      <trkpt lat="31.225790337545078" lon="121.40028026104194">
        <ele>27.10719785373658</ele>
        <time>2026-06-20T12:45:02Z</time>
      </trkpt>
      <trkpt lat="31.225735362380615" lon="121.4002722646335">
        <ele>26.763703438453376</ele>
        <time>2026-06-20T12:45:05Z</time>
      </trkpt>
      <trkpt lat="31.225705371856463" lon="121.40023126113658">
        <ele>26.813908669166267</ele>
        <time>2026-06-20T12:45:53Z</time>
      </trkpt>
      <trkpt lat="31.22546646152294" lon="121.40002125205027">
        <ele>25.696225258521736</ele>
        <time>2026-06-20T12:46:02Z</time>
      </trkpt>
      <trkpt lat="31.22537219850242" lon="121.39993002925777">
        <ele>26.092564675025642</ele>
        <time>2026-06-20T12:46:05Z</time>
      </trkpt>
      <trkpt lat="31.225676369579" lon="121.40008324233675">
        <ele>25.926102730445564</ele>
        <time>2026-06-20T12:47:02Z</time>
      </trkpt>
      <trkpt lat="31.22522359043184" lon="121.40016629364429">
        <ele>25.725289436988533</ele>
        <time>2026-06-20T12:48:53Z</time>
      </trkpt>
      <trkpt lat="31.225534445993873" lon="121.40017726812773">
        <ele>15.933022591285408</ele>
        <time>2026-06-20T13:17:10Z</time>
      </trkpt>
    </trkseg>
  </trk>
</gpx>