<?xml version="1.0" encoding="UTF-8"?>
<gpx xmlns="http://www.topografix.com/GPX/1/1" xmlns:gpxtpx="http://www.garmin.com/xmlschemas/TrackPointExtension/v1" xmlns:xsi="http://www.w3.org/2001/XMLSchema-instance" xsi:schemaLocation="http://www.topografix.com/GPX/1/1 http://www.topografix.com/GPX/1/1/gpx.xsd" version="1.1" creator="gpx.py -- https://github.com/tkrajina/gpxpy">
  <trk>
    <name>gpx from keep</name>
    <type>Ride</type>
    <trkseg>
      <trkpt lat="32.04532894983165" lon="118.80565898748023">
        <ele>14.570691119879484</ele>
        <time>2026-10-01T01:30:05Z</time>
      </trkpt>
      <trkpt lat="32.04526483469219" lon="118.80560187918705">
        <ele>14.60239888355136</ele>
        <time>2026-10-01T01:30:33Z</time>
      </trkpt>
      <trkpt lat="32.04476264587026" lon="118.80555883920034">
        <ele>14.147927295416594</ele>
        <time>2026-10-01T01:30:41Z</time>
      </trkpt>
      <trkpt lat="32.044277296644445" lon="118.8054226116275">
        <ele>13.783291827887297</ele>
        <time>2026-10-01T01:30:49Z</time>
      </trkpt>
      <trkpt lat="32.044060133133776" lon="118.80535750160121">
        <ele>15.199551593512297</ele>
        <time>2026-10-01T01:30:52Z</time>
      </trkpt>
      <trkpt lat="32.04394007790944" lon="118.80534148064385">
        <ele>16.09264088794589</ele>
        <time>2026-10-01T01:30:54Z</time>
      </trkpt>
      <trkpt lat="32.04382712304458" lon="118.80538157098026">
        <ele>14.021096240729094</ele>
        <time>2026-10-01T01:30:56Z</time>
      </trkpt>
      <trkpt lat="32.04363012634863" lon="118.80540864305983">
        <ele>14.406868945807219</ele>
        <time>2026-10-01T01:31:00Z</time>
      </trkpt>
      <trkpt lat="32.04357020639242" lon="118.8054617545728">
        <ele>14.882477771490812</ele>
        <time>2026-10-01T01:31:01Z</time>
      </trkpt>
      <trkpt lat="32.04357525623746" lon="118.80555744059284">
        <ele>15.220688831061125</ele>
        <time>2026-10-01T01:31:04Z</time>
      </trkpt>
      <trkpt lat="32.043492830957554" lon="118.80562090853364">
        <ele>14.428006183356047</ele>
        <time>2026-10-01T01:31:08Z</time>
      </trkpt>
      <trkpt lat="32.042937062090715" lon="118.80546081071304">
        <ele>15.368657123297453</ele>
        <time>2026-10-01T01:31:11Z</time>
      </trkpt>
      <trkpt lat="32.042851203428086" lon="118.80555200071166">
        <ele>14.486138354986906</ele>
        <time>2026-10-01T01:31:12Z</time>
      </trkpt>
      <trkpt lat="32.04239444618014" lon="118.80518030098011">
        <ele>14.634102832525969</ele>
        <time>2026-10-01T01:31:22Z</time>
      </trkpt>
      <trkpt lat="32.042420727024215" lon="118.80533661017371">
        <ele>13.957680713385344</ele>
        <time>2026-10-01T01:31:24Z</time>
      </trkpt>
      <trkpt lat="32.04227054687123" lon="118.80525345812738">
        <ele>14.449143420904875</ele>
        <time>2026-10-01T01:31:26Z</time>
      </trkpt>
      <trkpt lat="32.04219956964962" lon="118.80527550859169">
        <ele>14.655243884772062</ele>
        <time>2026-10-01T01:31:27Z</time>
      </trkpt>
      <trkpt lat="32.04221842413007" lon="118.80519033710797">
        <ele>14.449143420904875</ele>
        <time>2026-10-01T01:31:29Z</time>
      </trkpt>
      <trkpt lat="32.04213339616123" lon="118.80518533493418">
        <ele>12.721097003668547</ele>
        <time>2026-10-01T01:34:11Z</time>
      </trkpt>
      <trkpt lat="32.04169014129824" lon="118.80509720001935">
        <ele>13.460934650152922</ele>
        <time>2026-10-01T01:34:26Z</time>
      </trkpt>
      <trkpt lat="32.0412059757929" lon="118.80506518064875">
        <ele>13.534916888922453</ele>
        <time>2026-10-01T01:34:36Z</time>
      </trkpt>
      <trkpt lat="32.040706791029315" lon="118.80502414472787">
        <ele>13.556057941168547</ele>
        <time>2026-10-01T01:34:45Z</time>
      </trkpt>
      <trkpt lat="32.04052382363129" lon="118.80506624528412">
        <ele>13.751584064215422</ele>
        <time>2026-10-01T01:34:49Z</time>
      </trkpt>
      <trkpt lat="32.04031370054358" lon="118.80502317883072">
        <ele>13.682885181158781</ele>
        <time>2026-10-01T01:34:53Z</time>
      </trkpt>
      <trkpt lat="32.04020659193886" lon="118.80497509298112">
        <ele>14.052804004400969</ele>
        <time>2026-10-01T01:34:55Z</time>
      </trkpt>
      <trkpt lat="32.03999547042311" lon="118.80493302867305">
        <ele>14.147927295416594</ele>
        <time>2026-10-01T01:34:59Z</time>
      </trkpt>
      <trkpt lat="32.03976341625648" lon="118.80493204798961">
        <ele>14.560120593756437</ele>
        <time>2026-10-01T01:35:03Z</time>
      </trkpt>
      <trkpt lat="32.03965042413603" lon="118.80495109622343">
        <ele>13.941826831549406</ele>
        <time>2026-10-01T01:35:05Z</time>
      </trkpt>
      <trkpt lat="32.039441373391874" lon="118.80494911143441">
        <ele>14.24833394214511</ele>
        <time>2026-10-01T01:35:09Z</time>
      </trkpt>
      <trkpt lat="32.03924037369042" lon="118.80497518170517">
        <ele>12.89548970386386</ele>
        <time>2026-10-01T01:35:13Z</time>
      </trkpt>
      <trkpt lat="32.039122317118455" lon="118.80495815866614">
        <ele>13.957680713385344</ele>
        <time>2026-10-01T01:35:16Z</time>
      </trkpt>
      <trkpt lat="32.03864217166055" lon="118.80493716091004">
        <ele>13.682885181158781</ele>
        <time>2026-10-01T01:35:26Z</time>
      </trkpt>
      <trkpt lat="32.038382995300985" lon="118.8048700512501">
        <ele>13.439797412604094</ele>
        <time>2026-10-01T01:35:32Z</time>
      </trkpt>
      <trkpt lat="32.038264877239065" lon="118.80481795856514">
        <ele>13.672314655035734</ele>
        <time>2026-10-01T01:35:36Z</time>
      </trkpt>
      <trkpt lat="32.037830024887995" lon="118.80495827732696">
        <ele>14.1267862431705</ele>
        <time>2026-10-01T01:35:45Z</time>
      </trkpt>
      <trkpt lat="32.037759066862165" lon="118.80499134961153">
        <ele>14.1267862431705</ele>
        <time>2026-10-01T01:35:47Z</time>
      </trkpt>
      <trkpt lat="32.037629211656" lon="118.80509055894358">
        <ele>13.825570117682219</ele>
        <time>2026-10-01T01:35:49Z</time>
      </trkpt>
      <trkpt lat="32.03754623336197" lon="118.80511361244669">
        <ele>13.952397357672453</ele>
        <time>2026-10-01T01:35:51Z</time>
      </trkpt>
      <trkpt lat="32.0373562273271" lon="118.80513467179358">
        <ele>13.513779651373625</ele>
        <time>2026-10-01T01:35:56Z</time>
      </trkpt>
      <trkpt lat="32.03725519389282" lon="118.80512866909734">
        <ele>13.577195178717375</ele>
        <time>2026-10-01T01:35:57Z</time>
      </trkpt>
      <trkpt lat="32.03678389183942" lon="118.80501749097876">
        <ele>14.464997302740812</ele>
        <time>2026-10-01T01:36:05Z</time>
      </trkpt>
      <trkpt lat="32.03666577363518" lon="118.80496539817517">
        <ele>13.74101735278964</ele>
        <time>2026-10-01T01:36:07Z</time>
      </trkpt>
      <trkpt lat="32.036210593166096" lon="118.80492135229802">
        <ele>13.651177417486906</ele>
        <time>2026-10-01T01:36:14Z</time>
      </trkpt>
      <trkpt lat="32.03578348231216" lon="118.80491337557613">
        <ele>14.290608417242765</ele>
        <time>2026-10-01T01:36:22Z</time>
      </trkpt>
      <trkpt lat="32.03535824885653" lon="118.8048352592895">
        <ele>13.566624652594328</ele>
        <time>2026-10-01T01:36:34Z</time>
      </trkpt>
      <trkpt lat="32.03507430921858" lon="118.80490642674316">
        <ele>13.693455707281828</ele>
        <time>2026-10-01T01:36:40Z</time>
      </trkpt>
      <trkpt lat="32.034619209499255" lon="118.80490847250965">
        <ele>13.867844592779875</ele>
        <time>2026-10-01T01:36:48Z</time>
      </trkpt>
      <trkpt lat="32.034474304960405" lon="118.80498163126366">
        <ele>13.503209125250578</ele>
        <time>2026-10-01T01:36:56Z</time>
      </trkpt>
      <trkpt lat="32.03428029786808" lon="118.80500269093203">
        <ele>13.223130237311125</ele>
        <time>2026-10-01T01:37:36Z</time>
      </trkpt>
      <trkpt lat="32.034006335964165" lon="118.80505982972986">
        <ele>13.836136829108</ele>
        <time>2026-10-01T01:37:42Z</time>
      </trkpt>
      <trkpt lat="32.033792234577035" lon="118.80502978956495">
        <ele>13.846707355231047</ele>
        <time>2026-10-01T01:37:48Z</time>
      </trkpt>
      <trkpt lat="32.0335171686023" lon="118.8050278108294">
        <ele>14.1267862431705</ele>
        <time>2026-10-01T01:37:54Z</time>
      </trkpt>
      <trkpt lat="32.03319520633701" lon="118.80509096602194">
        <ele>14.354023944586515</ele>
        <time>2026-10-01T01:38:00Z</time>
      </trkpt>
      <trkpt lat="32.03273413855393" lon="118.80511205023974">
        <ele>14.528412830084562</ele>
        <time>2026-10-01T01:38:11Z</time>
      </trkpt>
      <trkpt lat="32.032639145135455" lon="118.80512809088222">
        <ele>14.417439471930265</ele>
        <time>2026-10-01T01:38:14Z</time>
      </trkpt>
      <trkpt lat="32.03236999771598" lon="118.80507901784">
        <ele>14.871907245367765</ele>
        <time>2026-10-01T01:38:20Z</time>
      </trkpt>
      <trkpt lat="32.03202989576659" lon="118.80506502113892">
        <ele>14.787354480475187</ele>
        <time>2026-10-01T01:38:26Z</time>
      </trkpt>
      <trkpt lat="32.03162592007847" lon="118.8051311898778">
        <ele>14.581257831305265</ele>
        <time>2026-10-01T01:38:32Z</time>
      </trkpt>
      <trkpt lat="32.031406866735715" lon="118.80512920599492">
        <ele>15.749142657965422</ele>
        <time>2026-10-01T01:38:36Z</time>
      </trkpt>
      <trkpt lat="32.03100064583673" lon="118.80505609767108">
        <ele>15.564183246344328</ele>
        <time>2026-10-01T01:38:46Z</time>
      </trkpt>
      <trkpt lat="32.03055168447782" lon="118.80513629846052">
        <ele>14.850770007818937</ele>
        <time>2026-10-01T01:39:05Z</time>
      </trkpt>
      <trkpt lat="32.03001637781857" lon="118.80503113817083">
        <ele>14.70280171558261</ele>
        <time>2026-10-01T01:39:15Z</time>
      </trkpt>
      <trkpt lat="32.02976426587807" lon="118.80500009951473">
        <ele>15.31581212207675</ele>
        <time>2026-10-01T01:39:19Z</time>
      </trkpt>
      <trkpt lat="32.02951008841821" lon="118.80493198734266">
        <ele>14.808495532721281</ele>
        <time>2026-10-01T01:39:23Z</time>
      </trkpt>
      <trkpt lat="32.028993877663886" lon="118.80487892916341">
        <ele>15.141419421881437</ele>
        <time>2026-10-01T01:39:32Z</time>
      </trkpt>
      <trkpt lat="32.02862580256673" lon="118.80488397290542">
        <ele>15.706868182867765</ele>
        <time>2026-10-01T01:39:40Z</time>
      </trkpt>
      <trkpt lat="32.028518732478226" lon="118.80485793096231">
        <ele>15.95524312183261</ele>
        <time>2026-10-01T01:39:43Z</time>
      </trkpt>
      <trkpt lat="32.02821949742103" lon="118.80476276935646">
        <ele>15.918248187750578</ele>
        <time>2026-10-01T01:39:49Z</time>
      </trkpt>
      <trkpt lat="32.0277673767695" lon="118.80475279096196">
        <ele>16.53654194995761</ele>
        <time>2026-10-01T01:39:58Z</time>
      </trkpt>
      <trkpt lat="32.02735115723021" lon="118.80468168796426">
        <ele>16.05036259815097</ele>
        <time>2026-10-01T01:40:05Z</time>
      </trkpt>
      <trkpt lat="32.02692991905451" lon="118.80460056563774">
        <ele>17.487759601324797</ele>
        <time>2026-10-01T01:40:13Z</time>
      </trkpt>
      <trkpt lat="32.02654979723712" lon="118.80458056079347">
        <ele>17.767842303961515</ele>
        <time>2026-10-01T01:40:22Z</time>
      </trkpt>
      <trkpt lat="32.02616662212943" lon="118.80453049665535">
        <ele>17.207680713385344</ele>
        <time>2026-10-01T01:40:31Z</time>
      </trkpt>
      <trkpt lat="32.025737320922595" lon="118.80441430581837">
        <ele>17.87353230640292</ele>
        <time>2026-10-01T01:40:39Z</time>
      </trkpt>
      <trkpt lat="32.025262883669555" lon="118.804225976677">
        <ele>17.788979541510344</ele>
        <time>2026-10-01T01:40:45Z</time>
      </trkpt>
      <trkpt lat="32.024789534420115" lon="118.80408774692117">
        <ele>17.60402012988925</ele>
        <time>2026-10-01T01:40:52Z</time>
      </trkpt>
      <trkpt lat="32.02428714563658" lon="118.80393048259558">
        <ele>16.689793597906828</ele>
        <time>2026-10-01T01:40:59Z</time>
      </trkpt>
      <trkpt lat="32.02382076192185" lon="118.80377121142547">
        <ele>16.76377583667636</ele>
        <time>2026-10-01T01:41:07Z</time>
      </trkpt>
      <trkpt lat="32.02336643000341" lon="118.80363999475762">
        <ele>15.886540424078703</ele>
        <time>2026-10-01T01:41:24Z</time>
      </trkpt>
      <trkpt lat="32.023206492601375" lon="118.8036971218253">
        <ele>14.951176654547453</ele>
        <time>2026-10-01T01:42:21Z</time>
      </trkpt>
      <trkpt lat="32.02310778179398" lon="118.80387648416877">
        <ele>15.886540424078703</ele>
        <time>2026-10-01T01:42:27Z</time>
      </trkpt>
      <trkpt lat="32.0230263304112" lon="118.80420213442545">
        <ele>15.976380359381437</ele>
        <time>2026-10-01T01:42:33Z</time>
      </trkpt>
      <trkpt lat="32.02301078173823" lon="118.80446265131062">
        <ele>15.823128711432219</ele>
        <time>2026-10-01T01:42:37Z</time>
      </trkpt>
      <trkpt lat="32.022924708066334" lon="118.80500273121964">
        <ele>15.585324298590422</ele>
        <time>2026-10-01T01:42:48Z</time>
      </trkpt>
      <trkpt lat="32.022811545640415" lon="118.80549372007744">
        <ele>13.434510242193937</ele>
        <time>2026-10-01T01:42:56Z</time>
      </trkpt>
      <trkpt lat="32.0227501538557" lon="118.80584643086047">
        <ele>15.47963048145175</ele>
        <time>2026-10-01T01:43:02Z</time>
      </trkpt>
      <trkpt lat="32.02266994756757" lon="118.80630535845957">
        <ele>16.145485889166594</ele>
        <time>2026-10-01T01:43:09Z</time>
      </trkpt>
      <trkpt lat="32.022642458630536" lon="118.80659694725412">
        <ele>16.309304248541594</ele>
        <time>2026-10-01T01:43:13Z</time>
      </trkpt>
      <trkpt lat="32.022583867356026" lon="118.80683443099728">
        <ele>16.235322009772062</ele>
        <time>2026-10-01T01:43:17Z</time>
      </trkpt>
      <trkpt lat="32.02255849515214" lon="118.80719015133445">
        <ele>15.067437183111906</ele>
        <time>2026-10-01T01:43:23Z</time>
      </trkpt>
      <trkpt lat="32.02245623587158" lon="118.80761802662866">
        <ele>17.271092426031828</ele>
        <time>2026-10-01T01:43:33Z</time>
      </trkpt>
      <trkpt lat="32.02236172365399" lon="118.80790261256955">
        <ele>17.138981830328703</ele>
        <time>2026-10-01T01:43:40Z</time>
      </trkpt>
      <trkpt lat="32.022342897141996" lon="118.80800181577746">
        <ele>17.5406046025455</ele>
        <time>2026-10-01T01:43:41Z</time>
      </trkpt>
      <trkpt lat="32.02232730167178" lon="118.80822927966958">
        <ele>18.10076619312167</ele>
        <time>2026-10-01T01:43:45Z</time>
      </trkpt>
      <trkpt lat="32.022280467317195" lon="118.80832748382156">
        <ele>18.201172839850187</ele>
        <time>2026-10-01T01:43:47Z</time>
      </trkpt>
      <trkpt lat="32.02219958925474" lon="118.80840565039496">
        <ele>18.275158893316984</ele>
        <time>2026-10-01T01:43:49Z</time>
      </trkpt>
      <trkpt lat="32.0221136434355" lon="118.80844674196595">
        <ele>18.76133443042636</ele>
        <time>2026-10-01T01:43:51Z</time>
      </trkpt>
      <trkpt lat="32.021905550766135" lon="118.80842171001287">
        <ele>18.04792119190097</ele>
        <time>2026-10-01T01:43:55Z</time>
      </trkpt>
      <trkpt lat="32.02166240505165" lon="118.80837163026453">
        <ele>16.235322009772062</ele>
        <time>2026-10-01T01:43:59Z</time>
      </trkpt>
      <trkpt lat="32.02121221194229" lon="118.80832156953248">
        <ele>15.717434894293547</ele>
        <time>2026-10-01T01:44:07Z</time>
      </trkpt>
      <trkpt lat="32.021034093752874" lon="118.80827849816089">
        <ele>15.70158101245761</ele>
        <time>2026-10-01T01:44:12Z</time>
      </trkpt>
      <trkpt lat="32.02086408360708" lon="118.80829454638011">
        <ele>16.235322009772062</ele>
        <time>2026-10-01T01:44:15Z</time>
      </trkpt>
      <trkpt lat="32.02065093400679" lon="118.80823845172984">
        <ele>15.05686665698886</ele>
        <time>2026-10-01T01:44:19Z</time>
      </trkpt>
      <trkpt lat="32.02045983805399" lon="118.80820941013114">
        <ele>15.585324298590422</ele>
        <time>2026-10-01T01:44:24Z</time>
      </trkpt>
      <trkpt lat="32.02021261056536" lon="118.80811423920576">
        <ele>15.728005420416594</ele>
        <time>2026-10-01T01:44:30Z</time>
      </trkpt>
      <trkpt lat="32.01971142380021" lon="118.80807420368176">
        <ele>15.70158101245761</ele>
        <time>2026-10-01T01:44:39Z</time>
      </trkpt>
      <trkpt lat="32.01920614805122" lon="118.80798506879705">
        <ele>15.976380359381437</ele>
        <time>2026-10-01T01:44:47Z</time>
      </trkpt>
      <trkpt lat="32.01865488874573" lon="118.8079109687493">
        <ele>16.203614246100187</ele>
        <time>2026-10-01T01:44:56Z</time>
      </trkpt>
      <trkpt lat="32.01818281457932" lon="118.80793005069182">
        <ele>16.89060689136386</ele>
        <time>2026-10-01T01:45:03Z</time>
      </trkpt>
      <trkpt lat="32.01773271131172" lon="118.80793009196037">
        <ele>16.351582538336515</ele>
        <time>2026-10-01T01:45:17Z</time>
      </trkpt>
      <trkpt lat="32.01757565911282" lon="118.80792108804738">
        <ele>16.462559711188078</ele>
        <time>2026-10-01T01:46:16Z</time>
      </trkpt>
      <trkpt lat="32.01734284819162" lon="118.80805638418917">
        <ele>16.917027484625578</ele>
        <time>2026-10-01T01:46:38Z</time>
      </trkpt>
      <trkpt lat="32.01706330207242" lon="118.80834499683492">
        <ele>16.795483600348234</ele>
        <time>2026-10-01T01:46:47Z</time>
      </trkpt>
      <trkpt lat="32.016866835472314" lon="118.80866667036346">
        <ele>17.3767862431705</ele>
        <time>2026-10-01T01:46:55Z</time>
      </trkpt>
      <trkpt lat="32.016576708390815" lon="118.80918776155586">
        <ele>16.969876300543547</ele>
        <time>2026-10-01T01:47:06Z</time>
      </trkpt>
      <trkpt lat="32.01636243827951" lon="118.80961866398272">
        <ele>16.557679187506437</ele>
        <time>2026-10-01T01:47:14Z</time>
      </trkpt>
      <trkpt lat="32.016075266085124" lon="118.81011170299689">
        <ele>17.973938953131437</ele>
        <time>2026-10-01T01:47:23Z</time>
      </trkpt>
      <trkpt lat="32.01584316182622" lon="118.81063379959468">
        <ele>17.572312366217375</ele>
        <time>2026-10-01T01:47:31Z</time>
      </trkpt>
      <trkpt lat="32.01567182362413" lon="118.81101860972453">
        <ele>18.24345112964511</ele>
        <time>2026-10-01T01:47:38Z</time>
      </trkpt>
      <trkpt lat="32.015518796923445" lon="118.81157076632772">
        <ele>18.10076619312167</ele>
        <time>2026-10-01T01:47:45Z</time>
      </trkpt>
      <trkpt lat="32.015394950522285" lon="118.81221611689841">
        <ele>17.22881795093417</ele>
        <time>2026-10-01T01:47:54Z</time>
      </trkpt>
      <trkpt lat="32.01535676057082" lon="118.81266204806496">
        <ele>17.841824542731047</ele>
        <time>2026-10-01T01:48:00Z</time>
      </trkpt>
      <trkpt lat="32.01539473735378" lon="118.8131881412948">
        <ele>17.271092426031828</ele>
        <time>2026-10-01T01:48:06Z</time>
      </trkpt>
      <trkpt lat="32.01540577664419" lon="118.81375031476789">
        <ele>18.391419421881437</ele>
        <time>2026-10-01T01:48:14Z</time>
      </trkpt>
      <trkpt lat="32.01543879172512" lon="118.81429545303264">
        <ele>18.005646716803312</ele>
        <time>2026-10-01T01:48:22Z</time>
      </trkpt>
      <trkpt lat="32.015442321167335" lon="118.81458105151856">
        <ele>18.359711658209562</ele>
        <time>2026-10-01T01:48:26Z</time>
      </trkpt>
      <trkpt lat="32.015423535880714" lon="118.81469930133876">
        <ele>18.618653308600187</ele>
        <time>2026-10-01T01:48:28Z</time>
      </trkpt>
      <trkpt lat="32.01535061010729" lon="118.81474841106784">
        <ele>19.559304248541594</ele>
        <time>2026-10-01T01:48:30Z</time>
      </trkpt>
      <trkpt lat="32.0148674879689" lon="118.81474244266866">
        <ele>19.765400897711515</ele>
        <time>2026-10-01T01:48:40Z</time>
      </trkpt>
      <trkpt lat="32.01442738683383" lon="118.81474248295078">
        <ele>19.247513782233</ele>
        <time>2026-10-01T01:48:48Z</time>
      </trkpt>
      <trkpt lat="32.014134252618376" lon="118.81470643406844">
        <ele>19.09426213428378</ele>
        <time>2026-10-01T01:49:16Z</time>
      </trkpt>
      <trkpt lat="32.013858243016735" lon="118.81473552032053">
        <ele>18.232880603522062</ele>
        <time>2026-10-01T01:49:22Z</time>
      </trkpt>
      <trkpt lat="32.01341408705855" lon="118.81470649998296">
        <ele>18.9568643681705</ele>
        <time>2026-10-01T01:49:28Z</time>
      </trkpt>
      <trkpt lat="32.01297994081336" lon="118.8146814871462">
        <ele>17.17597294971347</ele>
        <time>2026-10-01T01:49:33Z</time>
      </trkpt>
      <trkpt lat="32.012490793039774" lon="118.81466249196333">
        <ele>15.368657123297453</ele>
        <time>2026-10-01T01:49:39Z</time>
      </trkpt>
      <trkpt lat="32.0124087908844" lon="118.81467151839249">
        <ele>14.734509479254484</ele>
        <time>2026-10-01T01:49:42Z</time>
      </trkpt>
      <trkpt lat="32.01231583447857" lon="118.81470660049906">
        <ele>14.200772296637297</ele>
        <time>2026-10-01T01:50:36Z</time>
      </trkpt>
      <trkpt lat="32.01217884381151" lon="118.81472865930324">
        <ele>14.1267862431705</ele>
        <time>2026-10-01T01:50:39Z</time>
      </trkpt>
      <trkpt lat="32.01210788504939" lon="118.81475973099705">
        <ele>13.846707355231047</ele>
        <time>2026-10-01T01:50:41Z</time>
      </trkpt>
      <trkpt lat="32.01196413802359" lon="118.81491406814708">
        <ele>14.496705066412687</ele>
        <time>2026-10-01T01:50:45Z</time>
      </trkpt>
      <trkpt lat="32.011873529789774" lon="118.81513654378347">
        <ele>15.18369771167636</ele>
        <time>2026-10-01T01:50:48Z</time>
      </trkpt>
      <trkpt lat="32.01173280224125" lon="118.81583903450039">
        <ele>14.396298419684172</ele>
        <time>2026-10-01T01:50:57Z</time>
      </trkpt>
      <trkpt lat="32.01162286423276" lon="118.81642327592306">
        <ele>15.976380359381437</ele>
        <time>2026-10-01T01:51:05Z</time>
      </trkpt>
      <trkpt lat="32.01156166630267" lon="118.81686120576563">
        <ele>17.128411304205656</ele>
        <time>2026-10-01T01:51:11Z</time>
      </trkpt>
      <trkpt lat="32.011441788842276" lon="118.81747751909367">
        <ele>16.858899127691984</ele>
        <time>2026-10-01T01:51:20Z</time>
      </trkpt>
      <trkpt lat="32.011329635607204" lon="118.81794451735357">
        <ele>15.521908771246672</ele>
        <time>2026-10-01T01:51:25Z</time>
      </trkpt>
      <trkpt lat="32.01116953220255" lon="118.81844358884415">
        <ele>16.880036365240812</ele>
        <time>2026-10-01T01:51:32Z</time>
      </trkpt>
      <trkpt lat="32.01097458121498" lon="118.81902784507167">
        <ele>15.511338245123625</ele>
        <time>2026-10-01T01:51:40Z</time>
      </trkpt>
      <trkpt lat="32.010755601325855" lon="118.81959907693049">
        <ele>15.60646153613925</ele>
        <time>2026-10-01T01:51:48Z</time>
      </trkpt>
      <trkpt lat="32.0105744279445" lon="118.82006207636486">
        <ele>15.780850421637297</ele>
        <time>2026-10-01T01:51:55Z</time>
      </trkpt>
      <trkpt lat="32.01039736133926" lon="118.82058119512595">
        <ele>15.60646153613925</ele>
        <time>2026-10-01T01:52:06Z</time>
      </trkpt>
      <trkpt lat="32.01020028122429" lon="118.82109530554227">
        <ele>17.302800189703703</ele>
        <time>2026-10-01T01:52:13Z</time>
      </trkpt>
      <trkpt lat="32.009964279143816" lon="118.821655517855">
        <ele>15.939389239996672</ele>
        <time>2026-10-01T01:52:21Z</time>
      </trkpt>
      <trkpt lat="32.00987877912803" lon="118.82193211368728">
        <ele>14.216626178473234</ele>
        <time>2026-10-01T01:52:26Z</time>
      </trkpt>
      <trkpt lat="32.00981697768101" lon="118.8220453600939">
        <ele>15.130852710455656</ele>
        <time>2026-10-01T01:52:27Z</time>
      </trkpt>
      <trkpt lat="32.00967062004899" lon="118.82240513838914">
        <ele>13.941826831549406</ele>
        <time>2026-10-01T01:52:33Z</time>
      </trkpt>
      <trkpt lat="32.00956891868065" lon="118.82257651203801">
        <ele>13.931260120123625</ele>
        <time>2026-10-01T01:52:38Z</time>
      </trkpt>
      <trkpt lat="32.00949806998673" lon="118.8226657081462">
        <ele>14.290608417242765</ele>
        <time>2026-10-01T01:52:40Z</time>
      </trkpt>
      <trkpt lat="32.00941310503871" lon="118.82269477769822">
        <ele>14.60239888355136</ele>
        <time>2026-10-01T01:52:42Z</time>
      </trkpt>
      <trkpt lat="32.00904897785775" lon="118.82267176194907">
        <ele>14.32231618091464</ele>
        <time>2026-10-01T01:52:49Z</time>
      </trkpt>
      <trkpt lat="32.008524891036295" lon="118.82268984816932">
        <ele>14.9617471806705</ele>
        <time>2026-10-01T01:52:57Z</time>
      </trkpt>
      <trkpt lat="32.008086773148335" lon="118.82268086900724">
        <ele>14.301178943365812</ele>
        <time>2026-10-01T01:53:03Z</time>
      </trkpt>
      <trkpt lat="32.00765561918166" lon="118.82265184659448">
        <ele>14.53898335620761</ele>
        <time>2026-10-01T01:53:09Z</time>
      </trkpt>
      <trkpt lat="32.00742460549608" lon="118.82267291243782">
        <ele>14.644673358649015</ele>
        <time>2026-10-01T01:53:12Z</time>
      </trkpt>
      <trkpt lat="32.006947535093815" lon="118.82269400075256">
        <ele>14.686947833746672</ele>
        <time>2026-10-01T01:53:19Z</time>
      </trkpt>
      <trkpt lat="32.00681350231579" lon="118.82269301086272">
        <ele>13.978821765631437</ele>
        <time>2026-10-01T01:53:22Z</time>
      </trkpt>
      <trkpt lat="32.006731398636944" lon="118.82264792248013">
        <ele>13.857274066656828</ele>
        <time>2026-10-01T01:53:24Z</time>
      </trkpt>
      <trkpt lat="32.006713232478255" lon="118.82256174089973">
        <ele>13.867844592779875</ele>
        <time>2026-10-01T01:53:28Z</time>
      </trkpt>
      <trkpt lat="32.0065562885853" lon="118.82261085963708">
        <ele>13.524350177496672</ele>
        <time>2026-10-01T01:53:42Z</time>
      </trkpt>
      <trkpt lat="32.00638622866392" lon="118.82259985173073">
        <ele>13.577195178717375</ele>
        <time>2026-10-01T01:54:07Z</time>
      </trkpt>
      <trkpt lat="32.006077261018405" lon="118.82265499713499">
        <ele>14.03166676685214</ele>
        <time>2026-10-01T01:54:16Z</time>
      </trkpt>
      <trkpt lat="32.00598721577307" lon="118.82264197765964">
        <ele>13.867844592779875</ele>
        <time>2026-10-01T01:54:18Z</time>
      </trkpt>
      <trkpt lat="32.00590822957907" lon="118.82265902109447">
        <ele>12.002400409430265</ele>
        <time>2026-10-01T01:54:20Z</time>
      </trkpt>
      <trkpt lat="32.00577239790149" lon="118.822765259349">
        <ele>12.985325824469328</ele>
        <time>2026-10-01T01:54:23Z</time>
      </trkpt>
      <trkpt lat="32.00533152224918" lon="118.82288555528508">
        <ele>12.271912585943937</ele>
        <time>2026-10-01T01:54:32Z</time>
      </trkpt>
      <trkpt lat="32.00481066015502" lon="118.82302289473662">
        <ele>12.38817311450839</ele>
        <time>2026-10-01T01:54:39Z</time>
      </trkpt>
      <trkpt lat="32.00446867921322" lon="118.82307503675081">
        <ele>13.143860828131437</ele>
        <time>2026-10-01T01:54:45Z</time>
      </trkpt>
      <trkpt lat="32.004169847592614" lon="118.82320133247632">
        <ele>13.503209125250578</ele>
        <time>2026-10-01T01:54:51Z</time>
      </trkpt>
      <trkpt lat="32.0039610518031" lon="118.82333563701233">
        <ele>12.377602588385344</ele>
        <time>2026-10-01T01:54:55Z</time>
      </trkpt>
      <trkpt lat="32.00346627100663" lon="118.82351305924247">
        <ele>12.303620349615812</ele>
        <time>2026-10-01T01:55:04Z</time>
      </trkpt>
      <trkpt lat="32.00295154019366" lon="118.8237195450305">
        <ele>13.175568591803312</ele>
        <time>2026-10-01T01:55:12Z</time>
      </trkpt>
      <trkpt lat="32.0024588106529" lon="118.8239240244989">
        <ele>12.520283710211515</ele>
        <time>2026-10-01T01:55:20Z</time>
      </trkpt>
      <trkpt lat="32.0020361574979" lon="118.8241605656533">
        <ele>12.472725879400969</ele>
        <time>2026-10-01T01:55:29Z</time>
      </trkpt>
      <trkpt lat="32.00162552211847" lon="118.82440512265444">
        <ele>13.133294116705656</ele>
        <time>2026-10-01T01:55:37Z</time>
      </trkpt>
      <trkpt lat="32.00116295185217" lon="118.8246907715557">
        <ele>12.810936938971281</ele>
        <time>2026-10-01T01:55:47Z</time>
      </trkpt>
      <trkpt lat="32.00076136543673" lon="118.82496038067873">
        <ele>12.668252002447844</ele>
        <time>2026-10-01T01:55:55Z</time>
      </trkpt>
      <trkpt lat="32.00037577130581" lon="118.8252239754124">
        <ele>15.067437183111906</ele>
        <time>2026-10-01T01:56:03Z</time>
      </trkpt>
      <trkpt lat="32.000094159675584" lon="118.82546551369774">
        <ele>15.648736011236906</ele>
        <time>2026-10-01T01:56:09Z</time>
      </trkpt>
      <trkpt lat="31.99971358713466" lon="118.82574013100592">
        <ele>16.631665240973234</ele>
        <time>2026-10-01T01:56:18Z</time>
      </trkpt>
      <trkpt lat="31.999409919388086" lon="118.82595461356739">
        <ele>15.210118304938078</ele>
        <time>2026-10-01T01:57:03Z</time>
      </trkpt>
      <trkpt lat="31.99927019353567" lon="118.82611797267388">
        <ele>14.364590656012297</ele>
        <time>2026-10-01T01:57:06Z</time>
      </trkpt>
      <trkpt lat="31.99884084603402" lon="118.82651886141949">
        <ele>15.511338245123625</ele>
        <time>2026-10-01T01:57:15Z</time>
      </trkpt>
      <trkpt lat="31.998441452431894" lon="118.82689168742951">
        <ele>14.591828357428312</ele>
        <time>2026-10-01T01:57:23Z</time>
      </trkpt>
      <trkpt lat="31.99805116745151" lon="118.82732163289332">
        <ele>15.73857594653964</ele>
        <time>2026-10-01T01:57:32Z</time>
      </trkpt>
      <trkpt lat="31.99765290436738" lon="118.82776460579949">
        <ele>15.31581212207675</ele>
        <time>2026-10-01T01:57:39Z</time>
      </trkpt>
      <trkpt lat="31.997351717285262" lon="118.82823663025974">
        <ele>15.532475482672453</ele>
        <time>2026-10-01T01:57:47Z</time>
      </trkpt>
      <trkpt lat="31.99726586972545" lon="118.82832883269604">
        <ele>15.109715472906828</ele>
        <time>2026-10-01T01:57:50Z</time>
      </trkpt>
      <trkpt lat="31.99717497790817" lon="118.82839798690995">
        <ele>16.372719775885344</ele>
        <time>2026-10-01T01:57:51Z</time>
      </trkpt>
      <trkpt lat="31.99709214408326" lon="118.8284972037906">
        <ele>15.368657123297453</ele>
        <time>2026-10-01T01:57:53Z</time>
      </trkpt>
      <trkpt lat="31.99694951155889" lon="118.82871166909668">
        <ele>16.38329030200839</ele>
        <time>2026-10-01T01:57:57Z</time>
      </trkpt>
      <trkpt lat="31.99678071758096" lon="118.82884296123252">
        <ele>16.31987477466464</ele>
        <time>2026-10-01T01:58:01Z</time>
      </trkpt>
      <trkpt lat="31.996698749132634" lon="118.8288700257319">
        <ele>16.362153064459562</ele>
        <time>2026-10-01T01:58:03Z</time>
      </trkpt>
      <trkpt lat="31.99655489165013" lon="118.82896423735164">
        <ele>15.886540424078703</ele>
        <time>2026-10-01T01:58:10Z</time>
      </trkpt>
      <trkpt lat="31.996357787741648" lon="118.82946931873674">
        <ele>17.218247424811125</ele>
        <time>2026-10-01T01:58:31Z</time>
      </trkpt>
      <trkpt lat="31.99611660896186" lon="118.82994033093634">
        <ele>19.17881489917636</ele>
        <time>2026-10-01T01:58:41Z</time>
      </trkpt>
      <trkpt lat="31.995869345637264" lon="118.83036724968522">
        <ele>19.64385701343417</ele>
        <time>2026-10-01T01:58:51Z</time>
      </trkpt>
      <trkpt lat="31.995620086376974" lon="118.83079717359959">
        <ele>21.102391254156828</ele>
        <time>2026-10-01T01:59:02Z</time>
      </trkpt>
      <trkpt lat="31.995533423287096" lon="118.83098958438097">
        <ele>21.773530017584562</ele>
        <time>2026-10-01T01:59:06Z</time>
      </trkpt>
      <trkpt lat="31.995484798470667" lon="118.83119802494599">
        <ele>22.677186023443937</ele>
        <time>2026-10-01T01:59:10Z</time>
      </trkpt>
      <trkpt lat="31.995212746754376" lon="118.83174419082633">
        <ele>23.79222584888339</ele>
        <time>2026-10-01T01:59:21Z</time>
      </trkpt>
      <trkpt lat="31.994992534777083" lon="118.83219815744332">
        <ele>23.971901904791594</ele>
        <time>2026-10-01T01:59:31Z</time>
      </trkpt>
      <trkpt lat="31.994740408121903" lon="118.83270323137883">
        <ele>24.975964557379484</ele>
        <time>2026-10-01T01:59:41Z</time>
      </trkpt>
      <trkpt lat="31.99457592741442" lon="118.83300587497403">
        <ele>24.912549030035734</ele>
        <time>2026-10-01T01:59:47Z</time>
      </trkpt>
      <trkpt lat="31.99434739434694" lon="118.83328848197583">
        <ele>24.695881854742765</ele>
        <time>2026-10-01T01:59:53Z</time>
      </trkpt>
      <trkpt lat="31.99423876323241" lon="118.83350293618295">
        <ele>24.28368855640292</ele>
        <time>2026-10-01T01:59:58Z</time>
      </trkpt>
      <trkpt lat="31.99417618466504" lon="118.83374043341009">
        <ele>23.908486377447844</ele>
        <time>2026-10-01T02:00:02Z</time>
      </trkpt>
      <trkpt lat="31.994139786074882" lon="118.83407312430313">
        <ele>22.872715961188078</ele>
        <time>2026-10-01T02:00:08Z</time>
      </trkpt>
      <trkpt lat="31.993990651714153" lon="118.834565152595">
        <ele>22.582062732428312</ele>
        <time>2026-10-01T02:00:17Z</time>
      </trkpt>
      <trkpt lat="31.993838072086767" lon="118.83481468006076">
        <ele>22.333691608160734</ele>
        <time>2026-10-01T02:00:23Z</time>
      </trkpt>
      <trkpt lat="31.99375247631569" lon="118.83504716573519">
        <ele>22.560925494879484</ele>
        <time>2026-10-01T02:00:28Z</time>
      </trkpt>
      <trkpt lat="31.99369963575619" lon="118.83514136399387">
        <ele>22.75116826221347</ele>
        <time>2026-10-01T02:00:30Z</time>
      </trkpt>
      <trkpt lat="31.993599050388454" lon="118.83538186659499">
        <ele>22.418244373053312</ele>
        <time>2026-10-01T02:00:34Z</time>
      </trkpt>
      <trkpt lat="31.993479447317174" lon="118.83561535588274">
        <ele>22.471089374274015</ele>
        <time>2026-10-01T02:00:38Z</time>
      </trkpt>
      <trkpt lat="31.99331216716156" lon="118.83603322566469">
        <ele>22.756455432623625</ele>
        <time>2026-10-01T02:00:44Z</time>
      </trkpt>
      <trkpt lat="31.99326430686268" lon="118.83611639985634">
        <ele>22.31255055591464</ele>
        <time>2026-10-01T02:00:46Z</time>
      </trkpt>
      <trkpt lat="31.99321889870811" lon="118.83644908246998">
        <ele>22.73003102466464</ele>
        <time>2026-10-01T02:00:53Z</time>
      </trkpt>
      <trkpt lat="31.99300977518257" lon="118.83696114301907">
        <ele>22.386536609381437</ele>
        <time>2026-10-01T02:01:01Z</time>
      </trkpt>
      <trkpt lat="31.992741665781292" lon="118.83749023994288">
        <ele>19.300358783453703</ele>
        <time>2026-10-01T02:01:10Z</time>
      </trkpt>
      <trkpt lat="31.992497368373684" lon="118.83791311663083">
        <ele>17.915806781500578</ele>
        <time>2026-10-01T02:01:16Z</time>
      </trkpt>
      <trkpt lat="31.992166204597694" lon="118.83842317402156">
        <ele>18.30686665698886</ele>
        <time>2026-10-01T02:01:24Z</time>
      </trkpt>
      <trkpt lat="31.991830874331157" lon="118.83884204530887">
        <ele>18.25401784107089</ele>
        <time>2026-10-01T02:01:31Z</time>
      </trkpt>
      <trkpt lat="31.99147845249543" lon="118.83921281941657">
        <ele>20.780034076422453</ele>
        <time>2026-10-01T02:01:39Z</time>
      </trkpt>
      <trkpt lat="31.99114699647375" lon="118.83956254757885">
        <ele>20.843449603766203</ele>
        <time>2026-10-01T02:01:47Z</time>
      </trkpt>
      <trkpt lat="31.99078949210342" lon="118.83988923038682">
        <ele>22.50808049365878</ele>
        <time>2026-10-01T02:01:55Z</time>
      </trkpt>
      <trkpt lat="31.99042391552323" lon="118.84017683472918">
        <ele>22.28084660694003</ele>
        <time>2026-10-01T02:02:03Z</time>
      </trkpt>
      <trkpt lat="31.98997023807278" lon="118.84041935649448">
        <ele>23.823933612555265</ele>
        <time>2026-10-01T02:02:13Z</time>
      </trkpt>
      <trkpt lat="31.989500429244114" lon="118.84058973618149">
        <ele>24.273118030279875</ele>
        <time>2026-10-01T02:02:24Z</time>
      </trkpt>
      <trkpt lat="31.989058556066485" lon="118.84072003371297">
        <ele>23.59669591113925</ele>
        <time>2026-10-01T02:02:32Z</time>
      </trkpt>
      <trkpt lat="31.988514732935986" lon="118.84089242322462">
        <ele>22.270276080816984</ele>
        <time>2026-10-01T02:02:39Z</time>
      </trkpt>
      <trkpt lat="31.988056883615595" lon="118.84103875312087">
        <ele>20.410115253180265</ele>
        <time>2026-10-01T02:02:45Z</time>
      </trkpt>
      <trkpt lat="31.98759401704825" lon="118.84117606537038">
        <ele>19.194668781012297</ele>
        <time>2026-10-01T02:02:51Z</time>
      </trkpt>
      <trkpt lat="31.987134185956936" lon="118.841333416391">
        <ele>18.22231389209628</ele>
        <time>2026-10-01T02:02:57Z</time>
      </trkpt>
      <trkpt lat="31.98666932710506" lon="118.84147573795507">
        <ele>15.759713184088469</ele>
        <time>2026-10-01T02:03:03Z</time>
      </trkpt>
      <trkpt lat="31.98617349750337" lon="118.84163910320791">
        <ele>14.861340533941984</ele>
        <time>2026-10-01T02:03:09Z</time>
      </trkpt>
      <trkpt lat="31.98567958767088" lon="118.84175637763232">
        <ele>13.006463062018156</ele>
        <time>2026-10-01T02:03:16Z</time>
      </trkpt>
      <trkpt lat="31.98544267251356" lon="118.8418365559759">
        <ele>13.143860828131437</ele>
        <time>2026-10-01T02:03:19Z</time>
      </trkpt>
      <trkpt lat="31.985248810796712" lon="118.8419417792428">
        <ele>12.594269763678312</ele>
        <time>2026-10-01T02:03:22Z</time>
      </trkpt>
      <trkpt lat="31.984792893559657" lon="118.84205003198487">
        <ele>10.443459521979094</ele>
        <time>2026-10-01T02:03:28Z</time>
      </trkpt>
      <trkpt lat="31.98436701789035" lon="118.84217832086078">
        <ele>13.455651294440031</ele>
        <time>2026-10-01T02:03:33Z</time>
      </trkpt>
      <trkpt lat="31.98389715092208" lon="118.84231763489741">
        <ele>12.980042468756437</ele>
        <time>2026-10-01T02:03:41Z</time>
      </trkpt>
      <trkpt lat="31.983672230931234" lon="118.84239380354703">
        <ele>14.227192889899015</ele>
        <time>2026-10-01T02:03:45Z</time>
      </trkpt>
      <trkpt lat="31.983184354151607" lon="118.8425301128324">
        <ele>15.574753772467375</ele>
        <time>2026-10-01T02:03:53Z</time>
      </trkpt>
      <trkpt lat="31.982690520748978" lon="118.84269247287135">
        <ele>15.749142657965422</ele>
        <time>2026-10-01T02:04:02Z</time>
      </trkpt>
      <trkpt lat="31.982190818699465" lon="118.8429319823685">
        <ele>14.073941241949797</ele>
        <time>2026-10-01T02:04:10Z</time>
      </trkpt>
      <trkpt lat="31.981710144305257" lon="118.84318551616114">
        <ele>13.439797412604094</ele>
        <time>2026-10-01T02:04:17Z</time>
      </trkpt>
      <trkpt lat="31.98123064455018" lon="118.8435412454134">
        <ele>13.423943530768156</ele>
        <time>2026-10-01T02:04:26Z</time>
      </trkpt>
      <trkpt lat="31.980900077836218" lon="118.84383884725466">
        <ele>14.570691119879484</ele>
        <time>2026-10-01T02:04:31Z</time>
      </trkpt>
      <trkpt lat="31.980547713014545" lon="118.8442586830472">
        <ele>14.776787769049406</ele>
        <time>2026-10-01T02:04:39Z</time>
      </trkpt>
      <trkpt lat="31.980185393981454" lon="118.84470857343523">
        <ele>14.655243884772062</ele>
        <time>2026-10-01T02:04:47Z</time>
      </trkpt>
      <trkpt lat="31.979820114845406" lon="118.84518450931425">
        <ele>14.90361500903964</ele>
        <time>2026-10-01T02:04:55Z</time>
      </trkpt>
      <trkpt lat="31.97946285219094" lon="118.8456714605587">
        <ele>14.882477771490812</ele>
        <time>2026-10-01T02:05:04Z</time>
      </trkpt>
      <trkpt lat="31.97911853312046" lon="118.8461253437691">
        <ele>14.496705066412687</ele>
        <time>2026-10-01T02:05:11Z</time>
      </trkpt>
      <trkpt lat="31.978794178319767" lon="118.84655717971258">
        <ele>14.697518359869719</ele>
        <time>2026-10-01T02:05:20Z</time>
      </trkpt>
      <trkpt lat="31.978492807193152" lon="118.8469779890928">
        <ele>15.844265948981047</ele>
        <time>2026-10-01T02:05:28Z</time>
      </trkpt>
      <trkpt lat="31.97814741106704" lon="118.84739178562181">
        <ele>15.004021655768156</ele>
        <time>2026-10-01T02:05:36Z</time>
      </trkpt>
      <trkpt lat="31.97776610858823" lon="118.84786969920296">
        <ele>15.865403186529875</ele>
        <time>2026-10-01T02:05:44Z</time>
      </trkpt>
      <trkpt lat="31.977391672615358" lon="118.84826746076699">
        <ele>12.83207417652011</ele>
        <time>2026-10-01T02:05:52Z</time>
      </trkpt>
      <trkpt lat="31.9770060779799" lon="118.84857104859785">
        <ele>14.47556782886386</ele>
        <time>2026-10-01T02:05:59Z</time>
      </trkpt>
      <trkpt lat="31.976560522856193" lon="118.84890870136381">
        <ele>13.793862354010344</ele>
        <time>2026-10-01T02:06:07Z</time>
      </trkpt>
      <trkpt lat="31.976352703380996" lon="118.84904997561875">
        <ele>14.280037891119719</ele>
        <time>2026-10-01T02:06:11Z</time>
      </trkpt>
      <trkpt lat="31.97592190958771" lon="118.84923935629138">
        <ele>14.03166676685214</ele>
        <time>2026-10-01T02:06:19Z</time>
      </trkpt>
      <trkpt lat="31.97550206441455" lon="118.84939567567429">
        <ele>14.084511768072844</ele>
        <time>2026-10-01T02:06:27Z</time>
      </trkpt>
      <trkpt lat="31.97505615801715" lon="118.84951793569424">
        <ele>15.41093159839511</ele>
        <time>2026-10-01T02:06:35Z</time>
      </trkpt>
      <trkpt lat="31.974588234992282" lon="118.84963318477679">
        <ele>13.41337300464511</ele>
        <time>2026-10-01T02:06:43Z</time>
      </trkpt>
      <trkpt lat="31.974084253617335" lon="118.84971738121284">
        <ele>13.460934650152922</ele>
        <time>2026-10-01T02:06:51Z</time>
      </trkpt>
      <trkpt lat="31.973551331179817" lon="118.84984265352963">
        <ele>14.776787769049406</ele>
        <time>2026-10-01T02:06:59Z</time>
      </trkpt>
      <trkpt lat="31.97307741404836" lon="118.84996291117335">
        <ele>15.18369771167636</ele>
        <time>2026-10-01T02:07:07Z</time>
      </trkpt>
      <trkpt lat="31.97261455350947" lon="118.85011722811875">
        <ele>14.54955006763339</ele>
        <time>2026-10-01T02:07:14Z</time>
      </trkpt>
      <trkpt lat="31.972156754224347" lon="118.85030961163287">
        <ele>14.797925006598234</ele>
        <time>2026-10-01T02:07:20Z</time>
      </trkpt>
      <trkpt lat="31.971904837846893" lon="118.85039879269331">
        <ele>14.47556782886386</ele>
        <time>2026-10-01T02:07:24Z</time>
      </trkpt>
      <trkpt lat="31.97168400634841" lon="118.85053705765786">
        <ele>13.89955235645175</ele>
        <time>2026-10-01T02:07:50Z</time>
      </trkpt>
      <trkpt lat="31.971229244121922" lon="118.85075348130827">
        <ele>14.438576709479094</ele>
        <time>2026-10-01T02:08:01Z</time>
      </trkpt>
      <trkpt lat="31.970788480985032" lon="118.85096789897968">
        <ele>14.428006183356047</ele>
        <time>2026-10-01T02:08:08Z</time>
      </trkpt>
      <trkpt lat="31.970360726178274" lon="118.85118632132773">
        <ele>15.659306537359953</ele>
        <time>2026-10-01T02:08:16Z</time>
      </trkpt>
      <trkpt lat="31.969878979890083" lon="118.85141877185669">
        <ele>16.462559711188078</ele>
        <time>2026-10-01T02:08:25Z</time>
      </trkpt>
      <trkpt lat="31.96948723128364" lon="118.85163718840516">
        <ele>16.145485889166594</ele>
        <time>2026-10-01T02:08:33Z</time>
      </trkpt>
      <trkpt lat="31.969138633484246" lon="118.85194675798063">
        <ele>16.948735248297453</ele>
        <time>2026-10-01T02:08:41Z</time>
      </trkpt>
      <trkpt lat="31.968667011433876" lon="118.85226034309885">
        <ele>17.74670125171542</ele>
        <time>2026-10-01T02:08:51Z</time>
      </trkpt>
      <trkpt lat="31.96828619945503" lon="118.85243868488749">
        <ele>17.3767862431705</ele>
        <time>2026-10-01T02:09:00Z</time>
      </trkpt>
      <trkpt lat="31.96812930401446" lon="118.85252985587137">
        <ele>18.33857060596347</ele>
        <time>2026-10-01T02:09:28Z</time>
      </trkpt>
      <trkpt lat="31.967844351105068" lon="118.8526030072835">
        <ele>18.51296330615878</ele>
        <time>2026-10-01T02:09:35Z</time>
      </trkpt>
      <trkpt lat="31.967487278107463" lon="118.85260904994271">
        <ele>18.412556659430265</ele>
        <time>2026-10-01T02:09:43Z</time>
      </trkpt>
      <trkpt lat="31.967298188237198" lon="118.85257901547483">
        <ele>18.15361500903964</ele>
        <time>2026-10-01T02:09:47Z</time>
      </trkpt>
      <trkpt lat="31.96686013674522" lon="118.8526111101842">
        <ele>18.76133443042636</ele>
        <time>2026-10-01T02:09:56Z</time>
      </trkpt>
      <trkpt lat="31.96634909311891" lon="118.85265923896827">
        <ele>19.50645924732089</ele>
        <time>2026-10-01T02:10:04Z</time>
      </trkpt>
      <trkpt lat="31.966076028703945" lon="118.85265826198159">
        <ele>19.474751483649015</ele>
        <time>2026-10-01T02:10:08Z</time>
      </trkpt>
      <trkpt lat="31.96592593860942" lon="118.85262221370685">
        <ele>18.898736011236906</ele>
        <time>2026-10-01T02:10:10Z</time>
      </trkpt>
      <trkpt lat="31.96587777463696" lon="118.852523047752">
        <ele>18.782475482672453</ele>
        <time>2026-10-01T02:10:13Z</time>
      </trkpt>
      <trkpt lat="31.965857491430594" lon="118.85234273924976">
        <ele>20.077187549322844</ele>
        <time>2026-10-01T02:10:17Z</time>
      </trkpt>
      <trkpt lat="31.965718943886912" lon="118.85201017713524">
        <ele>20.24100972339511</ele>
        <time>2026-10-01T02:10:47Z</time>
      </trkpt>
      <trkpt lat="31.965653023638655" lon="118.85207128891071">
        <ele>24.07230855152011</ele>
        <time>2026-10-01T02:10:56Z</time>
      </trkpt>
      <trkpt lat="31.965597375755614" lon="118.85230670063795">
        <ele>19.945073138922453</ele>
        <time>2026-10-01T02:11:01Z</time>
      </trkpt>
      <trkpt lat="31.965614591893218" lon="118.85244393549105">
        <ele>20.357270251959562</ele>
        <time>2026-10-01T02:11:03Z</time>
      </trkpt>
      <trkpt lat="31.965667809719672" lon="118.85257715970126">
        <ele>20.92800236865878</ele>
        <time>2026-10-01T02:11:05Z</time>
      </trkpt>
      <trkpt lat="31.965662949027738" lon="118.85266831657303">
        <ele>20.410115253180265</ele>
        <time>2026-10-01T02:11:07Z</time>
      </trkpt>
      <trkpt lat="31.96559398248821" lon="118.85270037777511">
        <ele>19.93450642749667</ele>
        <time>2026-10-01T02:11:09Z</time>
      </trkpt>
      <trkpt lat="31.965171843696226" lon="118.85267336963953">
        <ele>20.15117360278964</ele>
        <time>2026-10-01T02:11:17Z</time>
      </trkpt>
      <trkpt lat="31.96468177870705" lon="118.85270446725663">
        <ele>20.790600787848234</ele>
        <time>2026-10-01T02:11:25Z</time>
      </trkpt>
      <trkpt lat="31.964573769265332" lon="118.85271449420515">
        <ele>19.9556436650455</ele>
        <time>2026-10-01T02:11:27Z</time>
      </trkpt>
      <trkpt lat="31.964358704368745" lon="118.85270449651523">
        <ele>20.60564137622714</ele>
        <time>2026-10-01T02:11:31Z</time>
      </trkpt>
      <trkpt lat="31.96390065446228" lon="118.85274059978452">
        <ele>20.647919666022062</ele>
        <time>2026-10-01T02:11:40Z</time>
      </trkpt>
      <trkpt lat="31.9638096704982" lon="118.85276464919627">
        <ele>20.214585315436125</ele>
        <time>2026-10-01T02:11:43Z</time>
      </trkpt>
      <trkpt lat="31.96362195020597" lon="118.85297502578814">
        <ele>20.780034076422453</ele>
        <time>2026-10-01T02:12:41Z</time>
      </trkpt>
      <trkpt lat="31.963571067375405" lon="118.85305917389769">
        <ele>21.197514545172453</ele>
        <time>2026-10-01T02:12:43Z</time>
      </trkpt>
      <trkpt lat="31.96353423354363" lon="118.85317337167822">
        <ele>21.276780139654875</ele>
        <time>2026-10-01T02:12:45Z</time>
      </trkpt>
      <trkpt lat="31.96352543794462" lon="118.85330860227934">
        <ele>21.393040668219328</ele>
        <time>2026-10-01T02:12:47Z</time>
      </trkpt>
      <trkpt lat="31.96354566689129" lon="118.85345585011088">
        <ele>21.255642902106047</ele>
        <time>2026-10-01T02:12:49Z</time>
      </trkpt>
      <trkpt lat="31.963738418929218" lon="118.85392262016184">
        <ele>20.542229663580656</ele>
        <time>2026-10-01T02:12:54Z</time>
      </trkpt>
      <trkpt lat="31.96383088406513" lon="118.85421710551317">
        <ele>20.99670125171542</ele>
        <time>2026-10-01T02:12:58Z</time>
      </trkpt>
      <trkpt lat="31.963913777234307" lon="118.8548010698389">
        <ele>19.247513782233</ele>
        <time>2026-10-01T02:13:05Z</time>
      </trkpt>
      <trkpt lat="31.963993705853003" lon="118.85541507394375">
        <ele>19.147107135504484</ele>
        <time>2026-10-01T02:13:13Z</time>
      </trkpt>
      <trkpt lat="31.96404516127171" lon="118.85571656188786">
        <ele>16.784916888922453</ele>
        <time>2026-10-01T02:13:17Z</time>
      </trkpt>
      <trkpt lat="31.96406546383663" lon="118.8559198907692">
        <ele>16.631665240973234</ele>
        <time>2026-10-01T02:13:21Z</time>
      </trkpt>
      <trkpt lat="31.96409159135129" lon="118.85600302327452">
        <ele>15.939389239996672</ele>
        <time>2026-10-01T02:13:27Z</time>
      </trkpt>
      <trkpt lat="31.96416843299577" lon="118.85656993057842">
        <ele>17.043858539313078</ele>
        <time>2026-10-01T02:13:38Z</time>
      </trkpt>
      <trkpt lat="31.96423718143651" lon="118.85707873673864">
        <ele>17.45605183765292</ele>
        <time>2026-10-01T02:13:46Z</time>
      </trkpt>
      <trkpt lat="31.964333939653145" lon="118.85759454354167">
        <ele>14.755650531500578</ele>
        <time>2026-10-01T02:13:53Z</time>
      </trkpt>
      <trkpt lat="31.964346227850047" lon="118.85779585852201">
        <ele>14.570691119879484</ele>
        <time>2026-10-01T02:14:27Z</time>
      </trkpt>
      <trkpt lat="31.964424036624614" lon="118.85835772706548">
        <ele>14.560120593756437</ele>
        <time>2026-10-01T02:14:40Z</time>
      </trkpt>
      <trkpt lat="31.964435212883245" lon="118.858481918258">
        <ele>15.939389239996672</ele>
        <time>2026-10-01T02:14:42Z</time>
      </trkpt>
      <trkpt lat="31.964451822767533" lon="118.85891758717572">
        <ele>15.368657123297453</ele>
        <time>2026-10-01T02:14:48Z</time>
      </trkpt>
      <trkpt lat="31.964536564191977" lon="118.85944137756991">
        <ele>14.19020177051425</ele>
        <time>2026-10-01T02:14:56Z</time>
      </trkpt>
      <trkpt lat="31.964582766812704" lon="118.85958158552818">
        <ele>14.850770007818937</ele>
        <time>2026-10-01T02:14:57Z</time>
      </trkpt>
      <trkpt lat="31.96465331776301" lon="118.8599741697508">
        <ele>14.464997302740812</ele>
        <time>2026-10-01T02:15:03Z</time>
      </trkpt>
      <trkpt lat="31.964652506166683" lon="118.86011337804466">
        <ele>14.570691119879484</ele>
        <time>2026-10-01T02:15:05Z</time>
      </trkpt>
      <trkpt lat="31.964667626060038" lon="118.86019950518738">
        <ele>13.307683002203703</ele>
        <time>2026-10-01T02:15:07Z</time>
      </trkpt>
      <trkpt lat="31.964925335355716" lon="118.86068319910605">
        <ele>15.47963048145175</ele>
        <time>2026-10-01T02:16:23Z</time>
      </trkpt>
      <trkpt lat="31.965152105173527" lon="118.86122296983751">
        <ele>15.347519885748625</ele>
        <time>2026-10-01T02:16:34Z</time>
      </trkpt>
      <trkpt lat="31.965347769243778" lon="118.86169363413342">
        <ele>14.507275592535734</ele>
        <time>2026-10-01T02:16:42Z</time>
      </trkpt>
      <trkpt lat="31.96556950685728" lon="118.86222136986429">
        <ele>15.162560474127531</ele>
        <time>2026-10-01T02:16:53Z</time>
      </trkpt>
      <trkpt lat="31.965818199093423" lon="118.86271504577294">
        <ele>14.570691119879484</ele>
        <time>2026-10-01T02:17:04Z</time>
      </trkpt>
      <trkpt lat="31.966069820265453" lon="118.86315764200779">
        <ele>14.486138354986906</ele>
        <time>2026-10-01T02:17:17Z</time>
      </trkpt>
      <trkpt lat="31.96621938455524" lon="118.86357821032658">
        <ele>15.141419421881437</ele>
        <time>2026-10-01T02:17:26Z</time>
      </trkpt>
      <trkpt lat="31.966379827892546" lon="118.86390364178534">
        <ele>15.659306537359953</ele>
        <time>2026-10-01T02:17:31Z</time>
      </trkpt>
      <trkpt lat="31.96661740308201" lon="118.8643241910687">
        <ele>16.309304248541594</ele>
        <time>2026-10-01T02:17:39Z</time>
      </trkpt>
      <trkpt lat="31.966885978850062" lon="118.86474372989478">
        <ele>17.107274066656828</ele>
        <time>2026-10-01T02:17:49Z</time>
      </trkpt>
      <trkpt lat="31.96691909251385" lon="118.86483084302934">
        <ele>17.397923480719328</ele>
        <time>2026-10-01T02:17:51Z</time>
      </trkpt>
      <trkpt lat="31.966907229591502" lon="118.86494599718291">
        <ele>17.852395068854094</ele>
        <time>2026-10-01T02:17:55Z</time>
      </trkpt>
      <trkpt lat="31.966811311790977" lon="118.86503212001678">
        <ele>17.625157367438078</ele>
        <time>2026-10-01T02:17:58Z</time>
      </trkpt>
      <trkpt lat="31.966428583271334" lon="118.86533054811821">
        <ele>16.732068073004484</ele>
        <time>2026-10-01T02:18:06Z</time>
      </trkpt>
      <trkpt lat="31.966175781617828" lon="118.86554485155168">
        <ele>17.725564014166594</ele>
        <time>2026-10-01T02:18:10Z</time>
      </trkpt>
      <trkpt lat="31.965932113609302" lon="118.86587129777517">
        <ele>17.191826831549406</ele>
        <time>2026-10-01T02:18:17Z</time>
      </trkpt>
      <trkpt lat="31.96556544216964" lon="118.86622178197294">
        <ele>18.016213428229094</ele>
        <time>2026-10-01T02:18:25Z</time>
      </trkpt>
      <trkpt lat="31.965204765944858" lon="118.86657025853519">
        <ele>16.425564777106047</ele>
        <time>2026-10-01T02:18:33Z</time>
      </trkpt>
      <trkpt lat="31.96482507345767" lon="118.86691172348893">
        <ele>15.47963048145175</ele>
        <time>2026-10-01T02:18:41Z</time>
      </trkpt>
      <trkpt lat="31.964548332407734" lon="118.86719310007759">
        <ele>15.918248187750578</ele>
        <time>2026-10-01T02:18:48Z</time>
      </trkpt>
      <trkpt lat="31.964179635704447" lon="118.86753455603099">
        <ele>17.69385625049472</ele>
        <time>2026-10-01T02:18:56Z</time>
      </trkpt>
      <trkpt lat="31.963757925320643" lon="118.86787801478582">
        <ele>18.079628955572844</ele>
        <time>2026-10-01T02:19:03Z</time>
      </trkpt>
      <trkpt lat="31.963427229853313" lon="118.86821945839921">
        <ele>15.220688831061125</ele>
        <time>2026-10-01T02:19:10Z</time>
      </trkpt>
      <trkpt lat="31.963092549475913" lon="118.86857891937129">
        <ele>17.561741840094328</ele>
        <time>2026-10-01T02:19:17Z</time>
      </trkpt>
      <trkpt lat="31.962671848368952" lon="118.86894138665374">
        <ele>15.368657123297453</ele>
        <time>2026-10-01T02:19:26Z</time>
      </trkpt>
      <trkpt lat="31.96231610840677" lon="118.86925778934189">
        <ele>15.273533832281828</ele>
        <time>2026-10-01T02:19:33Z</time>
      </trkpt>
      <trkpt lat="31.961942363139805" lon="118.86957619204901">
        <ele>13.814999591559172</ele>
        <time>2026-10-01T02:19:41Z</time>
      </trkpt>
      <trkpt lat="31.96156563809333" lon="118.86991761728171">
        <ele>13.814999591559172</ele>
        <time>2026-10-01T02:19:52Z</time>
      </trkpt>
      <trkpt lat="31.961539720596605" lon="118.87000171528516">
        <ele>14.449143420904875</ele>
        <time>2026-10-01T02:19:55Z</time>
      </trkpt>
      <trkpt lat="31.961169011843527" lon="118.87036215556923">
        <ele>13.017033588141203</ele>
        <time>2026-10-01T02:20:06Z</time>
      </trkpt>
      <trkpt lat="31.960767324470776" lon="118.87075462892805">
        <ele>12.160935413092375</ele>
        <time>2026-10-01T02:20:14Z</time>
      </trkpt>
      <trkpt lat="31.960393612985175" lon="118.87112206629304">
        <ele>14.76621724292636</ele>
        <time>2026-10-01T02:20:22Z</time>
      </trkpt>
      <trkpt lat="31.959990891251344" lon="118.87149050191493">
        <ele>15.088574420660734</ele>
        <time>2026-10-01T02:20:30Z</time>
      </trkpt>
      <trkpt lat="31.959537214400864" lon="118.87192100243361">
        <ele>16.721501361578703</ele>
        <time>2026-10-01T02:20:39Z</time>
      </trkpt>
      <trkpt lat="31.95918550109872" lon="118.8722964287978">
        <ele>15.780850421637297</ele>
        <time>2026-10-01T02:20:47Z</time>
      </trkpt>
      <trkpt lat="31.958792759094706" lon="118.87265683764265">
        <ele>16.880036365240812</ele>
        <time>2026-10-01T02:20:56Z</time>
      </trkpt>
      <trkpt lat="31.958381007264766" lon="118.87301624183223">
        <ele>15.511338245123625</ele>
        <time>2026-10-01T02:21:04Z</time>
      </trkpt>
      <trkpt lat="31.958176081326144" lon="118.87314438989637">
        <ele>15.500771533697844</ele>
        <time>2026-10-01T02:21:08Z</time>
      </trkpt>
      <trkpt lat="31.9578753544208" lon="118.87350978276231">
        <ele>16.330445300787687</ele>
        <time>2026-10-01T02:21:15Z</time>
      </trkpt>
      <trkpt lat="31.95753059526481" lon="118.87385615541939">
        <ele>19.03084660694003</ele>
        <time>2026-10-01T02:21:24Z</time>
      </trkpt>
      <trkpt lat="31.957380720167926" lon="118.87403033880385">
        <ele>17.197110187262297</ele>
        <time>2026-10-01T02:21:28Z</time>
      </trkpt>
      <trkpt lat="31.956991928321088" lon="118.87435869061227">
        <ele>14.70280171558261</ele>
        <time>2026-10-01T02:21:36Z</time>
      </trkpt>
      <trkpt lat="31.9566061581988" lon="118.87471506403037">
        <ele>18.10076619312167</ele>
        <time>2026-10-01T02:22:32Z</time>
      </trkpt>
      <trkpt lat="31.956285378290918" lon="118.87504840482836">
        <ele>14.227192889899015</ele>
        <time>2026-10-01T02:22:41Z</time>
      </trkpt>
      <trkpt lat="31.955881563263137" lon="118.87536773556428">
        <ele>17.81011677905917</ele>
        <time>2026-10-01T02:22:49Z</time>
      </trkpt>
      <trkpt lat="31.955781611960568" lon="118.87545082044096">
        <ele>16.774346362799406</ele>
        <time>2026-10-01T02:22:51Z</time>
      </trkpt>
      <trkpt lat="31.955549636169707" lon="118.8755409232927">
        <ele>16.25645924732089</ele>
        <time>2026-10-01T02:22:55Z</time>
      </trkpt>
      <trkpt lat="31.955093751009787" lon="118.87579819643693">
        <ele>18.47068501636386</ele>
        <time>2026-10-01T02:23:03Z</time>
      </trkpt>
      <trkpt lat="31.954684823805422" lon="118.87599540924758">
        <ele>16.53654194995761</ele>
        <time>2026-10-01T02:23:11Z</time>
      </trkpt>
      <trkpt lat="31.954441858819994" lon="118.87610352689701">
        <ele>13.524350177496672</ele>
        <time>2026-10-01T02:23:17Z</time>
      </trkpt>
      <trkpt lat="31.95398287228227" lon="118.87624569340215">
        <ele>13.556057941168547</ele>
        <time>2026-10-01T02:23:27Z</time>
      </trkpt>
      <trkpt lat="31.953523903217118" lon="118.87640987819663">
        <ele>16.25645924732089</ele>
        <time>2026-10-01T02:23:38Z</time>
      </trkpt>
      <trkpt lat="31.953201937450075" lon="118.87654102093784">
        <ele>17.260525714606047</ele>
        <time>2026-10-01T02:23:44Z</time>
      </trkpt>
      <trkpt lat="31.95273091818852" lon="118.87664915659947">
        <ele>16.980443011969328</ele>
        <time>2026-10-01T02:23:52Z</time>
      </trkpt>
      <trkpt lat="31.95225492988979" lon="118.8767973263898">
        <ele>18.25401784107089</ele>
        <time>2026-10-01T02:24:01Z</time>
      </trkpt>
      <trkpt lat="31.95174893314715" lon="118.8769444970807">
        <ele>16.774346362799406</ele>
        <time>2026-10-01T02:24:09Z</time>
      </trkpt>
      <trkpt lat="31.951285963880014" lon="118.8771146822748">
        <ele>15.326378833502531</ele>
        <time>2026-10-01T02:24:18Z</time>
      </trkpt>
      <trkpt lat="31.950836956234536" lon="118.87723382242335">
        <ele>16.837761890143156</ele>
        <time>2026-10-01T02:24:24Z</time>
      </trkpt>
      <trkpt lat="31.950358933552852" lon="118.87734295626761">
        <ele>16.430851947516203</ele>
        <time>2026-10-01T02:24:32Z</time>
      </trkpt>
      <trkpt lat="31.94986987404947" lon="118.87740905505929">
        <ele>18.565808307379484</ele>
        <time>2026-10-01T02:24:39Z</time>
      </trkpt>
      <trkpt lat="31.94949385279665" lon="118.87749115664448">
        <ele>18.296296130865812</ele>
        <time>2026-10-01T02:24:45Z</time>
      </trkpt>
      <trkpt lat="31.949015798637394" lon="118.87756125729291">
        <ele>17.725564014166594</ele>
        <time>2026-10-01T02:24:53Z</time>
      </trkpt>
      <trkpt lat="31.948557699621578" lon="118.87756830434758">
        <ele>18.502392780035734</ele>
        <time>2026-10-01T02:25:03Z</time>
      </trkpt>
      <trkpt lat="31.948139597226344" lon="118.87755933467064">
        <ele>21.482876788824797</ele>
        <time>2026-10-01T02:25:42Z</time>
      </trkpt>
      <trkpt lat="31.947705513143248" lon="118.87757838939746">
        <ele>18.370278369635344</ele>
        <time>2026-10-01T02:25:53Z</time>
      </trkpt>
      <trkpt lat="31.947238389454547" lon="118.87755641348002">
        <ele>21.007267963141203</ele>
        <time>2026-10-01T02:26:06Z</time>
      </trkpt>
      <trkpt lat="31.94710435264385" lon="118.87754841900113">
        <ele>18.682068835943937</ele>
        <time>2026-10-01T02:26:08Z</time>
      </trkpt>
      <trkpt lat="31.946950294797414" lon="118.877519409068">
        <ele>20.938569080084562</ele>
        <time>2026-10-01T02:26:13Z</time>
      </trkpt>
      <trkpt lat="31.946505168267784" lon="118.87748742287485">
        <ele>18.771904956549406</ele>
        <time>2026-10-01T02:26:27Z</time>
      </trkpt>
      <trkpt lat="31.945912935651492" lon="118.87736337381264">
        <ele>21.21865178272128</ele>
        <time>2026-10-01T02:26:40Z</time>
      </trkpt>
      <trkpt lat="31.945455769803456" lon="118.87728535023601">
        <ele>18.285725604742765</ele>
        <time>2026-10-01T02:26:48Z</time>
      </trkpt>
      <trkpt lat="31.94495957256628" lon="118.87717930648842">
        <ele>21.784096729010344</ele>
        <time>2026-10-01T02:26:57Z</time>
      </trkpt>
      <trkpt lat="31.944523345253295" lon="118.87701921131908">
        <ele>22.191006671637297</ele>
        <time>2026-10-01T02:27:07Z</time>
      </trkpt>
      <trkpt lat="31.944118141066014" lon="118.87688013009625">
        <ele>20.15117360278964</ele>
        <time>2026-10-01T02:27:18Z</time>
      </trkpt>
      <trkpt lat="31.94366587986232" lon="118.8766850042504">
        <ele>20.964993488043547</ele>
        <time>2026-10-01T02:27:28Z</time>
      </trkpt>
      <trkpt lat="31.943330661157507" lon="118.87651088439529">
        <ele>22.518651019781828</ele>
        <time>2026-10-01T02:27:35Z</time>
      </trkpt>
      <trkpt lat="31.94325462413465" lon="118.87648687044728">
        <ele>22.851574908941984</ele>
        <time>2026-10-01T02:27:38Z</time>
      </trkpt>
      <trkpt lat="31.943028624583885" lon="118.87654994538457">
        <ele>25.377591144293547</ele>
        <time>2026-10-01T02:32:15Z</time>
      </trkpt>
      <trkpt lat="31.942900657799786" lon="118.8766260225098">
        <ele>23.01539708301425</ele>
        <time>2026-10-01T02:32:18Z</time>
      </trkpt>
      <trkpt lat="31.9427727176959" lon="118.87673512767108">
        <ele>22.872715961188078</ele>
        <time>2026-10-01T02:32:21Z</time>
      </trkpt>
      <trkpt lat="31.942641832290988" lon="118.87691329124961">
        <ele>24.320679675787687</ele>
        <time>2026-10-01T02:32:25Z</time>
      </trkpt>
      <trkpt lat="31.942469906737866" lon="118.87705442599552">
        <ele>23.258484851568937</ele>
        <time>2026-10-01T02:32:29Z</time>
      </trkpt>
      <trkpt lat="31.942112166262266" lon="118.87748381569222">
        <ele>24.88084126636386</ele>
        <time>2026-10-01T02:32:38Z</time>
      </trkpt>
      <trkpt lat="31.941737385774335" lon="118.87787516820073">
        <ele>26.45563603565097</ele>
        <time>2026-10-01T02:32:45Z</time>
      </trkpt>
      <trkpt lat="31.941344563657946" lon="118.87822448238347">
        <ele>26.16498662158847</ele>
        <time>2026-10-01T02:32:56Z</time>
      </trkpt>
      <trkpt lat="31.94117865066268" lon="118.87838962725307">
        <ele>27.29588032886386</ele>
        <time>2026-10-01T02:32:59Z</time>
      </trkpt>
      <trkpt lat="31.94102878795338" lon="118.87861881905599">
        <ele>26.952385913580656</ele>
        <time>2026-10-01T02:33:02Z</time>
      </trkpt>
      <trkpt lat="31.9406770040532" lon="118.87902115808657">
        <ele>26.704010974615812</ele>
        <time>2026-10-01T02:33:10Z</time>
      </trkpt>
      <trkpt lat="31.940564109667655" lon="118.87920230426809">
        <ele>26.28124715015292</ele>
        <time>2026-10-01T02:33:15Z</time>
      </trkpt>
      <trkpt lat="31.94049913815807" lon="118.87926235488439">
        <ele>27.06864644214511</ele>
        <time>2026-10-01T02:33:32Z</time>
      </trkpt>
      <trkpt lat="31.940407152500452" lon="118.87931139960969">
        <ele>26.529622089117765</ele>
        <time>2026-10-01T02:33:34Z</time>
      </trkpt>
      <trkpt lat="31.94032618426565" lon="118.87938145876868">
        <ele>26.34466267749667</ele>
        <time>2026-10-01T02:33:36Z</time>
      </trkpt>
      <trkpt lat="31.94004837118641" lon="118.8797347419684">
        <ele>26.3657999150455</ele>
        <time>2026-10-01T02:33:45Z</time>
      </trkpt>
      <trkpt lat="31.939959404899454" lon="118.87981180555171">
        <ele>26.312954913824797</ele>
        <time>2026-10-01T02:33:47Z</time>
      </trkpt>
      <trkpt lat="31.939576650233654" lon="118.88029418176122">
        <ele>26.30238438770175</ele>
        <time>2026-10-01T02:33:55Z</time>
      </trkpt>
      <trkpt lat="31.939175877259895" lon="118.88076854361198">
        <ele>25.805638324469328</ele>
        <time>2026-10-01T02:34:02Z</time>
      </trkpt>
      <trkpt lat="31.93884904333161" lon="118.88113581821223">
        <ele>25.224339496344328</ele>
        <time>2026-10-01T02:34:09Z</time>
      </trkpt>
      <trkpt lat="31.93848623959914" lon="118.88157213410322">
        <ele>26.14384938403964</ele>
        <time>2026-10-01T02:34:17Z</time>
      </trkpt>
      <trkpt lat="31.93815839336468" lon="118.88193839460787">
        <ele>26.43449879810214</ele>
        <time>2026-10-01T02:34:26Z</time>
      </trkpt>
      <trkpt lat="31.937766571803074" lon="118.88237869936178">
        <ele>28.05157185718417</ele>
        <time>2026-10-01T02:34:35Z</time>
      </trkpt>
      <trkpt lat="31.93741273144633" lon="118.88278497188566">
        <ele>29.119050037115812</ele>
        <time>2026-10-01T02:34:46Z</time>
      </trkpt>
      <trkpt lat="31.937067888315823" lon="118.88319423759407">
        <ele>29.71091939136386</ele>
        <time>2026-10-01T02:34:55Z</time>
      </trkpt>
      <trkpt lat="31.936684027540082" lon="118.88359949679571">
        <ele>31.211731921881437</ele>
        <time>2026-10-01T02:35:05Z</time>
      </trkpt>
      <trkpt lat="31.936317171552076" lon="118.88401875410466">
        <ele>31.190590869635344</ele>
        <time>2026-10-01T02:35:15Z</time>
      </trkpt>
      <trkpt lat="31.93593630125683" lon="118.8844300003358">
        <ele>30.228806506842375</ele>
        <time>2026-10-01T02:35:25Z</time>
      </trkpt>
      <trkpt lat="31.935567420395067" lon="118.88482823114865">
        <ele>31.803601276129484</ele>
        <time>2026-10-01T02:35:35Z</time>
      </trkpt>
      <trkpt lat="31.935209532735758" lon="118.88522045062253">
        <ele>32.08368016406894</ele>
        <time>2026-10-01T02:35:46Z</time>
      </trkpt>
      <trkpt lat="31.93506359974658" lon="118.88542856013827">
        <ele>31.97799016162753</ele>
        <time>2026-10-01T02:35:50Z</time>
      </trkpt>
      <trkpt lat="31.93499861548252" lon="118.88549259522829">
        <ele>32.33205510303378</ele>
        <time>2026-10-01T02:35:53Z</time>
      </trkpt>
      <trkpt lat="31.93468876916198" lon="118.88597483701581">
        <ele>33.20400715991855</ele>
        <time>2026-10-01T02:36:06Z</time>
      </trkpt>
      <trkpt lat="31.934320871977064" lon="118.88639204618177">
        <ele>32.5381517522037</ele>
        <time>2026-10-01T02:36:17Z</time>
      </trkpt>
      <trkpt lat="31.933932980791358" lon="118.88685126517801">
        <ele>32.14709569141269</ele>
        <time>2026-10-01T02:36:25Z</time>
      </trkpt>
      <trkpt lat="31.933561076185295" lon="118.88728946480126">
        <ele>32.300347339361906</ele>
        <time>2026-10-01T02:36:33Z</time>
      </trkpt>
      <trkpt lat="31.93318115921457" lon="118.88772065339107">
        <ele>33.04546834155917</ele>
        <time>2026-10-01T02:36:41Z</time>
      </trkpt>
      <trkpt lat="31.932850227706687" lon="118.88810281244774">
        <ele>34.14465428516269</ele>
        <time>2026-10-01T02:36:49Z</time>
      </trkpt>
      <trkpt lat="31.932542291479923" lon="118.8884739588806">
        <ele>34.9531908147037</ele>
        <time>2026-10-01T02:36:58Z</time>
      </trkpt>
      <trkpt lat="31.932154351266515" lon="118.88890412294896">
        <ele>36.934895526617765</ele>
        <time>2026-10-01T02:37:09Z</time>
      </trkpt>
      <trkpt lat="31.931799403523325" lon="118.8893112687596">
        <ele>37.59018040820956</ele>
        <time>2026-10-01T02:37:21Z</time>
      </trkpt>
      <trkpt lat="31.931445447594367" lon="118.88971340505891">
        <ele>39.48733235523105</ele>
        <time>2026-10-01T02:37:34Z</time>
      </trkpt>
      <trkpt lat="31.931076486884976" lon="118.89013453907201">
        <ele>42.51537800952792</ele>
        <time>2026-10-01T02:37:45Z</time>
      </trkpt>
      <trkpt lat="31.930733506277104" lon="118.8904866474766">
        <ele>41.91293812915683</ele>
        <time>2026-10-01T02:37:55Z</time>
      </trkpt>
      <trkpt lat="31.93034250967731" lon="118.89083875404168">
        <ele>44.86171818897128</ele>
        <time>2026-10-01T02:38:50Z</time>
      </trkpt>
      <trkpt lat="31.93011950982788" lon="118.89104181246594">
        <ele>44.9251318089664</ele>
        <time>2026-10-01T02:38:56Z</time>
      </trkpt>
      <trkpt lat="31.929717487377438" lon="118.89132789919697">
        <ele>44.95683957263827</ele>
        <time>2026-10-01T02:39:04Z</time>
      </trkpt>
      <trkpt lat="31.929287449500745" lon="118.891587980307">
        <ele>45.733668338507414</ele>
        <time>2026-10-01T02:39:12Z</time>
      </trkpt>
      <trkpt lat="31.92878439387862" lon="118.89185506560807">
        <ele>44.10074330493808</ele>
        <time>2026-10-01T02:39:21Z</time>
      </trkpt>
      <trkpt lat="31.928551360231967" lon="118.89194509927029">
        <ele>42.964564334601164</ele>
        <time>2026-10-01T02:39:25Z</time>
      </trkpt>
      <trkpt lat="31.92818429481121" lon="118.89202814365571">
        <ele>42.235297214239836</ele>
        <time>2026-10-01T02:39:32Z</time>
      </trkpt>
      <trkpt lat="31.927753237238225" lon="118.89222620810375">
        <ele>39.640584003180265</ele>
        <time>2026-10-01T02:39:40Z</time>
      </trkpt>
      <trkpt lat="31.927247154951022" lon="118.8923902734128">
        <ele>42.28814221546054</ele>
        <time>2026-10-01T02:39:47Z</time>
      </trkpt>
      <trkpt lat="31.926793081421774" lon="118.89254433160148">
        <ele>40.501965533941984</ele>
        <time>2026-10-01T02:39:54Z</time>
      </trkpt>
      <trkpt lat="31.926459021235868" lon="118.89262637040675">
        <ele>37.39465047046542</ele>
        <time>2026-10-01T02:40:00Z</time>
      </trkpt>
      <trkpt lat="31.925995943378467" lon="118.89277542708957">
        <ele>36.46985722705722</ele>
        <time>2026-10-01T02:40:08Z</time>
      </trkpt>
      <trkpt lat="31.925532860536997" lon="118.89289948040377">
        <ele>36.67595387622714</ele>
        <time>2026-10-01T02:40:18Z</time>
      </trkpt>
      <trkpt lat="31.925279817942812" lon="118.89298551078902">
        <ele>37.19383717700839</ele>
        <time>2026-10-01T02:41:15Z</time>
      </trkpt>
      <trkpt lat="31.92517279531919" lon="118.89299352111355">
        <ele>37.579609882086515</ele>
        <time>2026-10-01T02:41:17Z</time>
      </trkpt>
      <trkpt lat="31.92470971801741" lon="118.89316057643384">
        <ele>36.25319005176425</ele>
        <time>2026-10-01T02:41:25Z</time>
      </trkpt>
      <trkpt lat="31.92419562512425" lon="118.89330663347798">
        <ele>36.17920399829745</ele>
        <time>2026-10-01T02:41:33Z</time>
      </trkpt>
      <trkpt lat="31.92369053436764" lon="118.8934596890686">
        <ele>35.96254063770175</ele>
        <time>2026-10-01T02:41:42Z</time>
      </trkpt>
      <trkpt lat="31.92326545634825" lon="118.89358173455551">
        <ele>35.62961293384433</ele>
        <time>2026-10-01T02:41:48Z</time>
      </trkpt>
      <trkpt lat="31.92275035469679" lon="118.89368078623228">
        <ele>35.41294575855136</ele>
        <time>2026-10-01T02:41:56Z</time>
      </trkpt>
      <trkpt lat="31.922288269125776" lon="118.8938168343053">
        <ele>34.45644475147128</ele>
        <time>2026-10-01T02:42:02Z</time>
      </trkpt>
      <trkpt lat="31.9217931838944" lon="118.89402488695787">
        <ele>34.0125398747623</ele>
        <time>2026-10-01T02:42:10Z</time>
      </trkpt>
      <trkpt lat="31.921384111583325" lon="118.89419192868236">
        <ele>33.52636433765292</ele>
        <time>2026-10-01T02:42:17Z</time>
      </trkpt>
      <trkpt lat="31.920949034842568" lon="118.8943839717274">
        <ele>32.68612004444003</ele>
        <time>2026-10-01T02:42:24Z</time>
      </trkpt>
      <trkpt lat="31.92071699731199" lon="118.89452899430032">
        <ele>31.951565753668547</ele>
        <time>2026-10-01T02:42:35Z</time>
      </trkpt>
      <trkpt lat="31.920331939522818" lon="118.89484902888837">
        <ele>32.590996753424406</ele>
        <time>2026-10-01T02:43:21Z</time>
      </trkpt>
      <trkpt lat="31.91991786902883" lon="118.89514106153462">
        <ele>32.453598987311125</ele>
        <time>2026-10-01T02:43:30Z</time>
      </trkpt>
      <trkpt lat="31.919470791100974" lon="118.89550009011606">
        <ele>31.68734074756503</ele>
        <time>2026-10-01T02:43:38Z</time>
      </trkpt>
      <trkpt lat="31.91919073942063" lon="118.89572410470532">
        <ele>31.86701298877597</ele>
        <time>2026-10-01T02:43:42Z</time>
      </trkpt>
      <trkpt lat="31.918834672002667" lon="118.89605911607369">
        <ele>29.93815327808261</ele>
        <time>2026-10-01T02:43:49Z</time>
      </trkpt>
      <trkpt lat="31.918471597533085" lon="118.89634712636932">
        <ele>30.508885394781828</ele>
        <time>2026-10-01T02:43:57Z</time>
      </trkpt>
      <trkpt lat="31.91825255071562" lon="118.89650013246008">
        <ele>30.249943744391203</ele>
        <time>2026-10-01T02:44:01Z</time>
      </trkpt>
      <trkpt lat="31.917851461489214" lon="118.89690412679067">
        <ele>29.56295109912753</ele>
        <time>2026-10-01T02:44:10Z</time>
      </trkpt>
      <trkpt lat="31.91746537155316" lon="118.89718412765885">
        <ele>30.033276569098234</ele>
        <time>2026-10-01T02:44:17Z</time>
      </trkpt>
      <trkpt lat="31.917390353718673" lon="118.89723712754231">
        <ele>28.14669133350253</ele>
        <time>2026-10-01T02:44:19Z</time>
      </trkpt>
      <trkpt lat="31.917271324163103" lon="118.89735612230477">
        <ele>30.00156880542636</ele>
        <time>2026-10-01T02:44:22Z</time>
      </trkpt>
      <trkpt lat="31.917206306931934" lon="118.89744611560701">
        <ele>29.261731158941984</ele>
        <time>2026-10-01T02:44:23Z</time>
      </trkpt>
      <trkpt lat="31.91679320096156" lon="118.89779909952799">
        <ele>30.033276569098234</ele>
        <time>2026-10-01T02:44:31Z</time>
      </trkpt>
      <trkpt lat="31.916428102656525" lon="118.89811307959519">
        <ele>27.887749683111906</ele>
        <time>2026-10-01T02:44:39Z</time>
      </trkpt>
      <trkpt lat="31.916142033262826" lon="118.89820808836673">
        <ele>27.396286975592375</ele>
        <time>2026-10-01T02:44:46Z</time>
      </trkpt>
      <trkpt lat="31.916056010916197" lon="118.8982570871694">
        <ele>27.491410266608</ele>
        <time>2026-10-01T02:44:49Z</time>
      </trkpt>
      <trkpt lat="31.916003993377057" lon="118.89834207604699">
        <ele>27.253605853766203</ele>
        <time>2026-10-01T02:44:51Z</time>
      </trkpt>
      <trkpt lat="31.915930955834256" lon="118.89861302973038">
        <ele>27.27474309131503</ele>
        <time>2026-10-01T02:45:58Z</time>
      </trkpt>
      <trkpt lat="31.915632869577692" lon="118.89884000932669">
        <ele>27.792630206793547</ele>
        <time>2026-10-01T02:46:13Z</time>
      </trkpt>
      <trkpt lat="31.915520827950022" lon="118.89901098206128">
        <ele>26.603604327887297</ele>
        <time>2026-10-01T02:46:18Z</time>
      </trkpt>
      <trkpt lat="31.915182719523404" lon="118.89931994114804">
        <ele>26.94181538745761</ele>
        <time>2026-10-01T02:46:26Z</time>
      </trkpt>
      <trkpt lat="31.915071680635787" lon="118.89944092185094">
        <ele>26.973523151129484</ele>
        <time>2026-10-01T02:46:28Z</time>
      </trkpt>
      <trkpt lat="31.914722565025514" lon="118.89974187710273">
        <ele>27.813767444342375</ele>
        <time>2026-10-01T02:46:36Z</time>
      </trkpt>
      <trkpt lat="31.91426941141136" lon="118.90011681638738">
        <ele>26.756855975836515</ele>
        <time>2026-10-01T02:46:45Z</time>
      </trkpt>
      <trkpt lat="31.913989300245472" lon="118.90042875155737">
        <ele>27.56539250537753</ele>
        <time>2026-10-01T02:46:51Z</time>
      </trkpt>
      <trkpt lat="31.913794230931916" lon="118.90058472218861">
        <ele>29.108479510992765</ele>
        <time>2026-10-01T02:46:56Z</time>
      </trkpt>
      <trkpt lat="31.913516119138702" lon="118.90086765884445">
        <ele>29.795472156256437</ele>
        <time>2026-10-01T02:47:02Z</time>
      </trkpt>
      <trkpt lat="31.913096972371637" lon="118.90115260333897">
        <ele>29.409699451178312</ele>
        <time>2026-10-01T02:47:10Z</time>
      </trkpt>
      <trkpt lat="31.91268683030911" lon="118.90140755323401">
        <ele>28.749131213873625</ele>
        <time>2026-10-01T02:47:16Z</time>
      </trkpt>
      <trkpt lat="31.912230677486622" lon="118.90165250747576">
        <ele>26.656449329108</ele>
        <time>2026-10-01T02:47:24Z</time>
      </trkpt>
      <trkpt lat="31.91179754383506" lon="118.90182448363487">
        <ele>26.820271503180265</ele>
        <time>2026-10-01T02:47:32Z</time>
      </trkpt>
      <trkpt lat="31.91128037818166" lon="118.90204844603728">
        <ele>26.51905156299472</ele>
        <time>2026-10-01T02:47:41Z</time>
      </trkpt>
      <trkpt lat="31.910791217502613" lon="118.90226840485906">
        <ele>26.51905156299472</ele>
        <time>2026-10-01T02:47:50Z</time>
      </trkpt>
      <trkpt lat="31.910296062394245" lon="118.90245337581015">
        <ele>26.28124715015292</ele>
        <time>2026-10-01T02:47:58Z</time>
      </trkpt>
      <trkpt lat="31.909808900971974" lon="118.90266333391463">
        <ele>25.773930560797453</ele>
        <time>2026-10-01T02:48:05Z</time>
      </trkpt>
      <trkpt lat="31.909293736452494" lon="118.90285529986183">
        <ele>25.668240558356047</ele>
        <time>2026-10-01T02:48:14Z</time>
      </trkpt>
      <trkpt lat="31.90879056620536" lon="118.90307125235978">
        <ele>25.514988910406828</ele>
        <time>2026-10-01T02:48:21Z</time>
      </trkpt>
      <trkpt lat="31.908266408595804" lon="118.9032212336571">
        <ele>27.190190326422453</ele>
        <time>2026-10-01T02:48:29Z</time>
      </trkpt>
      <trkpt lat="31.90771825812909" lon="118.90332623617469">
        <ele>25.182061206549406</ele>
        <time>2026-10-01T02:48:37Z</time>
      </trkpt>
      <trkpt lat="31.90724312798473" lon="118.9034152387998">
        <ele>25.87433720752597</ele>
        <time>2026-10-01T02:48:44Z</time>
      </trkpt>
      <trkpt lat="31.906866023474407" lon="118.90348923904934">
        <ele>22.57149602100253</ele>
        <time>2026-10-01T02:48:51Z</time>
      </trkpt>
      <trkpt lat="31.90652891523837" lon="118.9036032169217">
        <ele>24.553200732916594</ele>
        <time>2026-10-01T02:49:45Z</time>
      </trkpt>
      <trkpt lat="31.90613080095169" lon="118.9036922113162">
        <ele>24.71702290698886</ele>
        <time>2026-10-01T02:49:53Z</time>
      </trkpt>
      <trkpt lat="31.90559166978334" lon="118.90373623920145">
        <ele>24.685315143316984</ele>
        <time>2026-10-01T02:50:02Z</time>
      </trkpt>
      <trkpt lat="31.905206561401048" lon="118.90381423702271">
        <ele>24.50035573169589</ele>
        <time>2026-10-01T02:50:08Z</time>
      </trkpt>
      <trkpt lat="31.904675440160545" lon="118.90383227627937">
        <ele>25.00767232105136</ele>
        <time>2026-10-01T02:50:16Z</time>
      </trkpt>
      <trkpt lat="31.904421365483884" lon="118.90389327005471">
        <ele>24.251980792731047</ele>
        <time>2026-10-01T02:50:20Z</time>
      </trkpt>
      <trkpt lat="31.90396820704115" lon="118.9040782214107">
        <ele>24.611329089850187</ele>
        <time>2026-10-01T02:50:26Z</time>
      </trkpt>
      <trkpt lat="31.903616105496454" lon="118.9041542158397">
        <ele>23.142224323004484</ele>
        <time>2026-10-01T02:50:32Z</time>
      </trkpt>
      <trkpt lat="31.90352507309586" lon="118.90419220528808">
        <ele>23.517430316656828</ele>
        <time>2026-10-01T02:50:34Z</time>
      </trkpt>
      <trkpt lat="31.903273935893306" lon="118.90443610571607">
        <ele>22.50279713794589</ele>
        <time>2026-10-01T02:50:42Z</time>
      </trkpt>
      <trkpt lat="31.90321689582101" lon="118.90451607010905">
        <ele>22.22271443530917</ele>
        <time>2026-10-01T02:50:52Z</time>
      </trkpt>
      <trkpt lat="31.903130865298806" lon="118.90455006043507">
        <ele>23.184502612799406</ele>
        <time>2026-10-01T02:50:55Z</time>
      </trkpt>
      <trkpt lat="31.902762674211417" lon="118.90486193089922">
        <ele>23.57555867359042</ele>
        <time>2026-10-01T02:51:03Z</time>
      </trkpt>
      <trkpt lat="31.902387474635052" lon="118.90518079303331">
        <ele>24.738160144537687</ele>
        <time>2026-10-01T02:51:11Z</time>
      </trkpt>
      <trkpt lat="31.902025253283508" lon="118.9055506198291">
        <ele>24.030030261725187</ele>
        <time>2026-10-01T02:51:19Z</time>
      </trkpt>
      <trkpt lat="31.901816159545778" lon="118.90567256920322">
        <ele>22.99425984546542</ele>
        <time>2026-10-01T02:51:23Z</time>
      </trkpt>
      <trkpt lat="31.901479906424278" lon="118.90611234247454">
        <ele>24.843850146979094</ele>
        <time>2026-10-01T02:51:32Z</time>
      </trkpt>
      <trkpt lat="31.901122638766452" lon="118.90655510554537">
        <ele>25.27718449756503</ele>
        <time>2026-10-01T02:51:41Z</time>
      </trkpt>
      <trkpt lat="31.900879429069242" lon="118.90690590686215">
        <ele>24.79100514575839</ele>
        <time>2026-10-01T02:51:48Z</time>
      </trkpt>
      <trkpt lat="31.900699256601683" lon="118.90719473657354">
        <ele>23.7869424931705</ele>
        <time>2026-10-01T02:51:53Z</time>
      </trkpt>
      <trkpt lat="31.900542123262298" lon="118.90740461242093">
        <ele>23.94019414111972</ele>
        <time>2026-10-01T02:51:57Z</time>
      </trkpt>
      <trkpt lat="31.900265827952015" lon="118.90788631103837">
        <ele>22.43938161060214</ele>
        <time>2026-10-01T02:52:05Z</time>
      </trkpt>
      <trkpt lat="31.899981534011488" lon="118.90834201665001">
        <ele>20.37840748950839</ele>
        <time>2026-10-01T02:52:16Z</time>
      </trkpt>
      <trkpt lat="31.899703224438486" lon="118.90881170037309">
        <ele>19.51702595874667</ele>
        <time>2026-10-01T02:52:24Z</time>
      </trkpt>
      <trkpt lat="31.899646135873745" lon="118.90895160157721">
        <ele>19.75483037158847</ele>
        <time>2026-10-01T02:52:26Z</time>
      </trkpt>
      <trkpt lat="31.899323755945986" lon="118.90950520912823">
        <ele>19.96092702075839</ele>
        <time>2026-10-01T02:52:33Z</time>
      </trkpt>
      <trkpt lat="31.899075440097068" lon="118.90995487716398">
        <ele>20.056050311774015</ele>
        <time>2026-10-01T02:52:39Z</time>
      </trkpt>
      <trkpt lat="31.8988190925241" lon="118.91043850717656">
        <ele>19.279221545904875</ele>
        <time>2026-10-01T02:52:47Z</time>
      </trkpt>
      <trkpt lat="31.89865789890494" lon="118.91069430876809">
        <ele>20.09832478687167</ele>
        <time>2026-10-01T02:52:55Z</time>
      </trkpt>
      <trkpt lat="31.898410567574892" lon="118.91113095955171">
        <ele>19.427189838141203</ele>
        <time>2026-10-01T02:53:04Z</time>
      </trkpt>
      <trkpt lat="31.898091160736705" lon="118.91164453842448">
        <ele>20.39954472705722</ele>
        <time>2026-10-01T02:53:14Z</time>
      </trkpt>
      <trkpt lat="31.897830771324873" lon="118.91213411996534">
        <ele>21.567429553717375</ele>
        <time>2026-10-01T02:53:21Z</time>
      </trkpt>
      <trkpt lat="31.897720576871023" lon="118.91237890416876">
        <ele>21.651982318609953</ele>
        <time>2026-10-01T02:53:25Z</time>
      </trkpt>
      <trkpt lat="31.89752230713866" lon="118.91269862242217">
        <ele>19.9556436650455</ele>
        <time>2026-10-01T02:53:31Z</time>
      </trkpt>
      <trkpt lat="31.897433112429834" lon="118.91294139932553">
        <ele>20.499951373785734</ele>
        <time>2026-10-01T02:53:35Z</time>
      </trkpt>
      <trkpt lat="31.897156759045096" lon="118.91334003793168">
        <ele>20.875153552740812</ele>
        <time>2026-10-01T02:53:44Z</time>
      </trkpt>
      <trkpt lat="31.89689337607742" lon="118.91377163393331">
        <ele>20.88572407886386</ele>
        <time>2026-10-01T02:53:52Z</time>
      </trkpt>
      <trkpt lat="31.89663294765495" lon="118.91425117058074">
        <ele>20.843449603766203</ele>
        <time>2026-10-01T02:53:59Z</time>
      </trkpt>
      <trkpt lat="31.896343509944796" lon="118.9147217071449">
        <ele>20.811741840094328</ele>
        <time>2026-10-01T02:54:10Z</time>
      </trkpt>
      <trkpt lat="31.896290421589846" lon="118.91481661177542">
        <ele>20.706048022955656</ele>
        <time>2026-10-01T02:54:12Z</time>
      </trkpt>
      <trkpt lat="31.896209331721295" lon="118.91490552482178">
        <ele>20.30442525073886</ele>
        <time>2026-10-01T02:54:15Z</time>
      </trkpt>
      <trkpt lat="31.89619722920527" lon="118.91502739602534">
        <ele>20.72718907520175</ele>
        <time>2026-10-01T02:54:19Z</time>
      </trkpt>
      <trkpt lat="31.896105039194847" lon="118.9152331832317">
        <ele>20.637349139899015</ele>
        <time>2026-10-01T02:54:23Z</time>
      </trkpt>
      <trkpt lat="31.895823563693003" lon="118.9157256703745">
        <ele>20.917431842535734</ele>
        <time>2026-10-01T02:54:34Z</time>
      </trkpt>
      <trkpt lat="31.895548082102916" lon="118.9162141487019">
        <ele>21.186944019049406</ele>
        <time>2026-10-01T02:54:44Z</time>
      </trkpt>
      <trkpt lat="31.895267671099457" lon="118.9166107210388">
        <ele>21.963772784918547</ele>
        <time>2026-10-01T02:54:51Z</time>
      </trkpt>
      <trkpt lat="31.894903204087097" lon="118.91704125278333">
        <ele>20.832879077643156</ele>
        <time>2026-10-01T02:55:01Z</time>
      </trkpt>
      <trkpt lat="31.894735984056577" lon="118.91724203082643">
        <ele>21.09182072803378</ele>
        <time>2026-10-01T02:55:05Z</time>
      </trkpt>
      <trkpt lat="31.894362594967912" lon="118.91757466712497">
        <ele>21.651982318609953</ele>
        <time>2026-10-01T02:55:14Z</time>
      </trkpt>
      <trkpt lat="31.89395423245005" lon="118.91786635071507">
        <ele>22.000763904303312</ele>
        <time>2026-10-01T02:55:22Z</time>
      </trkpt>
      <trkpt lat="31.8935569098728" lon="118.91811508179691">
        <ele>19.633286487311125</ele>
        <time>2026-10-01T02:55:29Z</time>
      </trkpt>
      <trkpt lat="31.89316057119682" lon="118.91837779213436">
        <ele>19.495888721197844</ele>
        <time>2026-10-01T02:55:37Z</time>
      </trkpt>
      <trkpt lat="31.89277620744706" lon="118.91866546631474">
        <ele>20.616211902350187</ele>
        <time>2026-10-01T02:55:45Z</time>
      </trkpt>
      <trkpt lat="31.892373849187244" lon="118.9189401543434">
        <ele>20.980847369879484</ele>
        <time>2026-10-01T02:55:55Z</time>
      </trkpt>
      <trkpt lat="31.892018553083595" lon="118.91915990493524">
        <ele>20.82230855152011</ele>
        <time>2026-10-01T02:56:04Z</time>
      </trkpt>
      <trkpt lat="31.8917013451735" lon="118.91929875441014">
        <ele>20.499951373785734</ele>
        <time>2026-10-01T02:56:10Z</time>
      </trkpt>
      <trkpt lat="31.891511182830648" lon="118.9194186161082">
        <ele>20.88572407886386</ele>
        <time>2026-10-01T02:56:14Z</time>
      </trkpt>
      <trkpt lat="31.89107977740108" lon="118.91972425522005">
        <ele>20.230439197272062</ele>
        <time>2026-10-01T02:56:23Z</time>
      </trkpt>
      <trkpt lat="31.890627416690684" lon="118.91997895912543">
        <ele>21.3719034306705</ele>
        <time>2026-10-01T02:56:33Z</time>
      </trkpt>
      <trkpt lat="31.890164036068732" lon="118.92024764186436">
        <ele>20.24100972339511</ele>
        <time>2026-10-01T02:56:43Z</time>
      </trkpt>
      <trkpt lat="31.88985475533886" lon="118.9204503963129">
        <ele>21.59913731738925</ele>
        <time>2026-10-01T02:56:49Z</time>
      </trkpt>
      <trkpt lat="31.889382374853447" lon="118.92071208283095">
        <ele>20.16174031421542</ele>
        <time>2026-10-01T02:56:58Z</time>
      </trkpt>
      <trkpt lat="31.888990026847907" lon="118.92095678201704">
        <ele>20.854016315191984</ele>
        <time>2026-10-01T02:57:04Z</time>
      </trkpt>
      <trkpt lat="31.88851255709397" lon="118.92129335755583">
        <ele>20.262146960943937</ele>
        <time>2026-10-01T02:57:14Z</time>
      </trkpt>
      <trkpt lat="31.888048134246283" lon="118.92158598818092">
        <ele>21.060112964361906</ele>
        <time>2026-10-01T02:57:21Z</time>
      </trkpt>
      <trkpt lat="31.887615750515742" lon="118.9218466570947">
        <ele>20.077187549322844</ele>
        <time>2026-10-01T02:57:29Z</time>
      </trkpt>
      <trkpt lat="31.887435549876308" lon="118.92199046765985">
        <ele>20.01377583667636</ele>
        <time>2026-10-01T02:57:33Z</time>
      </trkpt>
      <trkpt lat="31.88728334855733" lon="118.92213926743258">
        <ele>19.945073138922453</ele>
        <time>2026-10-01T02:57:37Z</time>
      </trkpt>
      <trkpt lat="31.886886938569184" lon="118.92242389075076">
        <ele>20.584504138678312</ele>
        <time>2026-10-01T02:57:45Z</time>
      </trkpt>
      <trkpt lat="31.886501513424175" lon="118.92272049126207">
        <ele>20.758896838873625</ele>
        <time>2026-10-01T02:57:52Z</time>
      </trkpt>
      <trkpt lat="31.88605704022465" lon="118.92304405244651">
        <ele>20.986130725592375</ele>
        <time>2026-10-01T02:58:01Z</time>
      </trkpt>
      <trkpt lat="31.88558751426898" lon="118.92340355635653">
        <ele>19.971497546881437</ele>
        <time>2026-10-01T02:58:09Z</time>
      </trkpt>
      <trkpt lat="31.885218089583265" lon="118.92369215262114">
        <ele>19.89222813770175</ele>
        <time>2026-10-01T02:58:17Z</time>
      </trkpt>
      <trkpt lat="31.88484467997206" lon="118.92396476951355">
        <ele>20.60564137622714</ele>
        <time>2026-10-01T02:58:26Z</time>
      </trkpt>
      <trkpt lat="31.88457037156793" lon="118.92416947877727">
        <ele>16.589386951178312</ele>
        <time>2026-10-01T02:58:31Z</time>
      </trkpt>
      <trkpt lat="31.884307004254396" lon="118.92442211022797">
        <ele>19.654423724859953</ele>
        <time>2026-10-01T02:58:37Z</time>
      </trkpt>
      <trkpt lat="31.88388048729725" lon="118.92476461162444">
        <ele>19.363774310797453</ele>
        <time>2026-10-01T02:58:48Z</time>
      </trkpt>
      <trkpt lat="31.88347501661964" lon="118.92507016400054">
        <ele>21.75238896533847</ele>
        <time>2026-10-01T02:58:56Z</time>
      </trkpt>
      <trkpt lat="31.883076560055358" lon="118.92536273185297">
        <ele>20.637349139899015</ele>
        <time>2026-10-01T02:59:05Z</time>
      </trkpt>
      <trkpt lat="31.882684151469125" lon="118.92561635793876">
        <ele>21.715397845953703</ele>
        <time>2026-10-01T02:59:13Z</time>
      </trkpt>
      <trkpt lat="31.882293659778895" lon="118.9259318793773">
        <ele>22.16986943408847</ele>
        <time>2026-10-01T02:59:21Z</time>
      </trkpt>
      <trkpt lat="31.881939325291093" lon="118.92613058519187">
        <ele>22.333691608160734</ele>
        <time>2026-10-01T02:59:29Z</time>
      </trkpt>
      <trkpt lat="31.88163490962268" lon="118.92639717191213">
        <ele>24.061738025397062</ele>
        <time>2026-10-01T02:59:38Z</time>
      </trkpt>
      <trkpt lat="31.88120941485572" lon="118.92670170242637">
        <ele>25.256047260016203</ele>
        <time>2026-10-01T02:59:48Z</time>
      </trkpt>
      <trkpt lat="31.88078092904515" lon="118.92699624540454">
        <ele>25.958889972418547</ele>
        <time>2026-10-01T02:59:57Z</time>
      </trkpt>
      <trkpt lat="31.880316422531617" lon="118.92729777533867">
        <ele>26.29181767627597</ele>
        <time>2026-10-01T03:00:08Z</time>
      </trkpt>
      <trkpt lat="31.879846967550677" lon="118.92755837153909">
        <ele>26.133278857916594</ele>
        <time>2026-10-01T03:00:16Z</time>
      </trkpt>
      <trkpt lat="31.8794465476528" lon="118.92780198748453">
        <ele>25.451573383063078</ele>
        <time>2026-10-01T03:00:22Z</time>
      </trkpt>
      <trkpt lat="31.87897310452512" lon="118.92804960007952">
        <ele>25.028809558600187</ele>
        <time>2026-10-01T03:00:30Z</time>
      </trkpt>
      <trkpt lat="31.87869683316735" lon="118.92820235811685">
        <ele>24.912549030035734</ele>
        <time>2026-10-01T03:00:35Z</time>
      </trkpt>
      <trkpt lat="31.878349579898234" lon="118.92833116351758">
        <ele>25.93775273486972</ele>
        <time>2026-10-01T03:00:41Z</time>
      </trkpt>
      <trkpt lat="31.877987213934503" lon="118.92853683370292">
        <ele>25.356450092047453</ele>
        <time>2026-10-01T03:00:51Z</time>
      </trkpt>
      <trkpt lat="31.87756589096187" lon="118.92870257806314">
        <ele>25.118645679205656</ele>
        <time>2026-10-01T03:01:33Z</time>
      </trkpt>
      <trkpt lat="31.877098521598906" lon="118.92889328065846">
        <ele>26.334092151373625</ele>
        <time>2026-10-01T03:01:44Z</time>
      </trkpt>
      <trkpt lat="31.87657613364924" lon="118.92908797923945">
        <ele>27.158482562750578</ele>
        <time>2026-10-01T03:01:53Z</time>
      </trkpt>
      <trkpt lat="31.876128810354672" lon="118.9292477322011">
        <ele>27.523118030279875</ele>
        <time>2026-10-01T03:02:01Z</time>
      </trkpt>
      <trkpt lat="31.875679504539484" lon="118.92939450757665">
        <ele>28.395066272467375</ele>
        <time>2026-10-01T03:02:09Z</time>
      </trkpt>
      <trkpt lat="31.87518818923777" lon="118.92954128567516">
        <ele>29.377991687506437</ele>
        <time>2026-10-01T03:02:17Z</time>
      </trkpt>
      <trkpt lat="31.874764916431452" lon="118.929668092997">
        <ele>28.891812335699797</ele>
        <time>2026-10-01T03:02:24Z</time>
      </trkpt>
      <trkpt lat="31.87430365136469" lon="118.92978392304977">
        <ele>27.76092244312167</ele>
        <time>2026-10-01T03:02:32Z</time>
      </trkpt>
      <trkpt lat="31.873797395730552" lon="118.92988678031848">
        <ele>29.874741565436125</ele>
        <time>2026-10-01T03:02:41Z</time>
      </trkpt>
      <trkpt lat="31.873328144406692" lon="118.92999163005099">
        <ele>27.84547520801425</ele>
        <time>2026-10-01T03:02:48Z</time>
      </trkpt>
      <trkpt lat="31.872862899466295" lon="118.93009248624787">
        <ele>26.80970097705722</ele>
        <time>2026-10-01T03:02:54Z</time>
      </trkpt>
      <trkpt lat="31.872378684474278" lon="118.93017038612304">
        <ele>27.58652974292636</ele>
        <time>2026-10-01T03:03:01Z</time>
      </trkpt>
      <trkpt lat="31.871861480435978" lon="118.93023631086936">
        <ele>26.894253741949797</ele>
        <time>2026-10-01T03:03:09Z</time>
      </trkpt>
      <trkpt lat="31.871318311258108" lon="118.93027528774023">
        <ele>28.030434619635344</ele>
        <time>2026-10-01T03:03:17Z</time>
      </trkpt>
      <trkpt lat="31.870830117577082" lon="118.93033821509034">
        <ele>26.27068043872714</ele>
        <time>2026-10-01T03:03:24Z</time>
      </trkpt>
      <trkpt lat="31.87023495580284" lon="118.9303652187264">
        <ele>25.980027209967375</ele>
        <time>2026-10-01T03:03:34Z</time>
      </trkpt>
      <trkpt lat="31.869755725041994" lon="118.93045409665163">
        <ele>26.476777087897062</ele>
        <time>2026-10-01T03:03:42Z</time>
      </trkpt>
      <trkpt lat="31.869157528342058" lon="118.93050405758935">
        <ele>22.50279713794589</ele>
        <time>2026-10-01T03:03:50Z</time>
      </trkpt>
      <trkpt lat="31.868668364366627" lon="118.93054702161558">
        <ele>23.184502612799406</ele>
        <time>2026-10-01T03:03:57Z</time>
      </trkpt>
      <trkpt lat="31.868166172226907" lon="118.9306069549905">
        <ele>24.241414081305265</ele>
        <time>2026-10-01T03:04:04Z</time>
      </trkpt>
      <trkpt lat="31.867691027687894" lon="118.93063893809428">
        <ele>20.80117131397128</ele>
        <time>2026-10-01T03:04:10Z</time>
      </trkpt>
      <trkpt lat="31.867184852822213" lon="118.93068689401568">
        <ele>21.762959491461515</ele>
        <time>2026-10-01T03:04:17Z</time>
      </trkpt>
      <trkpt lat="31.86674870874347" lon="118.93072386410978">
        <ele>20.034913074225187</ele>
        <time>2026-10-01T03:04:23Z</time>
      </trkpt>
      <trkpt lat="31.86623652214148" lon="118.93077880724537">
        <ele>23.681248676031828</ele>
        <time>2026-10-01T03:04:31Z</time>
      </trkpt>
      <trkpt lat="31.865694346122094" lon="118.93082277359814">
        <ele>23.05767537280917</ele>
        <time>2026-10-01T03:04:40Z</time>
      </trkpt>
      <trkpt lat="31.865150157638972" lon="118.93087472499646">
        <ele>24.37352467700839</ele>
        <time>2026-10-01T03:04:48Z</time>
      </trkpt>
      <trkpt lat="31.864584955850788" lon="118.93093266686064">
        <ele>22.94669819995761</ele>
        <time>2026-10-01T03:04:55Z</time>
      </trkpt>
      <trkpt lat="31.864027764800916" lon="118.93098461915255">
        <ele>21.85808278247714</ele>
        <time>2026-10-01T03:05:03Z</time>
      </trkpt>
      <trkpt lat="31.86348155468772" lon="118.93105054388118">
        <ele>19.93450642749667</ele>
        <time>2026-10-01T03:05:11Z</time>
      </trkpt>
      <trkpt lat="31.862987342765038" lon="118.93112444856607">
        <ele>21.979626666754484</ele>
        <time>2026-10-01T03:05:19Z</time>
      </trkpt>
      <trkpt lat="31.86248813278657" lon="118.93119635722708">
        <ele>21.123528491705656</ele>
        <time>2026-10-01T03:05:25Z</time>
      </trkpt>
      <trkpt lat="31.862208012474103" lon="118.93123830282893">
        <ele>21.81580449268222</ele>
        <time>2026-10-01T03:05:30Z</time>
      </trkpt>
      <trkpt lat="31.861934818414248" lon="118.93132915455452">
        <ele>19.194668781012297</ele>
        <time>2026-10-01T03:05:34Z</time>
      </trkpt>
      <trkpt lat="31.861423527239495" lon="118.93145196631565">
        <ele>21.028409015387297</ele>
        <time>2026-10-01T03:05:42Z</time>
      </trkpt>
      <trkpt lat="31.860981269406675" lon="118.93156179599517">
        <ele>21.58857060596347</ele>
        <time>2026-10-01T03:05:48Z</time>
      </trkpt>
      <trkpt lat="31.860410875618253" lon="118.9317425002627">
        <ele>21.424748431891203</ele>
        <time>2026-10-01T03:05:57Z</time>
      </trkpt>
      <trkpt lat="31.85990151459069" lon="118.9319092244668">
        <ele>21.784096729010344</ele>
        <time>2026-10-01T03:06:05Z</time>
      </trkpt>
      <trkpt lat="31.859356106238206" lon="118.93210090208414">
        <ele>19.633286487311125</ele>
        <time>2026-10-01T03:06:14Z</time>
      </trkpt>
      <trkpt lat="31.858885747590634" lon="118.93226961596604">
        <ele>21.59913731738925</ele>
        <time>2026-10-01T03:06:22Z</time>
      </trkpt>
      <trkpt lat="31.858428344613017" lon="118.9324672705395">
        <ele>18.44954777881503</ele>
        <time>2026-10-01T03:06:30Z</time>
      </trkpt>
      <trkpt lat="31.857975947468987" lon="118.93266093063691">
        <ele>22.30198384448886</ele>
        <time>2026-10-01T03:06:37Z</time>
      </trkpt>
      <trkpt lat="31.857514487970057" lon="118.93289151657078">
        <ele>21.826375018805265</ele>
        <time>2026-10-01T03:06:45Z</time>
      </trkpt>
      <trkpt lat="31.857330309112903" lon="118.93298035692958">
        <ele>20.690197955816984</ele>
        <time>2026-10-01T03:06:50Z</time>
      </trkpt>
      <trkpt lat="31.857254294079816" lon="118.93298036379095">
        <ele>3.6581010930240154</ele>
        <time>2026-10-01T03:07:01Z</time>
      </trkpt>
      <trkpt lat="31.857148144795307" lon="118.93306021460603">
        <ele>21.836941730231047</ele>
        <time>2026-10-01T03:07:05Z</time>
      </trkpt>
      <trkpt lat="31.856707739114672" lon="118.93325786008964">
        <ele>21.186944019049406</ele>
        <time>2026-10-01T03:07:15Z</time>
      </trkpt>
      <trkpt lat="31.85649751340942" lon="118.9333716512083">
        <ele>19.205239307135344</ele>
        <time>2026-10-01T03:07:19Z</time>
      </trkpt>
      <trkpt lat="31.856290247194575" lon="118.9335103912478">
        <ele>19.93450642749667</ele>
        <time>2026-10-01T03:07:23Z</time>
      </trkpt>
      <trkpt lat="31.856189155767204" lon="118.9335543119683">
        <ele>21.070683490484953</ele>
        <time>2026-10-01T03:07:25Z</time>
      </trkpt>
      <trkpt lat="31.85610715422664" lon="118.9335453374612">
        <ele>19.416619312018156</ele>
        <time>2026-10-01T03:07:28Z</time>
      </trkpt>
      <trkpt lat="31.85603428110389" lon="118.93345851871324">
        <ele>18.72963048145175</ele>
        <time>2026-10-01T03:07:30Z</time>
      </trkpt>
      <trkpt lat="31.855887168227227" lon="118.93289066543001">
        <ele>23.27962590381503</ele>
        <time>2026-10-01T03:07:40Z</time>
      </trkpt>
      <trkpt lat="31.855734018802444" lon="118.93233676976284">
        <ele>20.542229663580656</ele>
        <time>2026-10-01T03:07:49Z</time>
      </trkpt>
      <trkpt lat="31.855595750815326" lon="118.93185272299478">
        <ele>20.53165913745761</ele>
        <time>2026-10-01T03:07:59Z</time>
      </trkpt>
      <trkpt lat="31.855441586510196" lon="118.93129281080556">
        <ele>19.073124896734953</ele>
        <time>2026-10-01T03:08:08Z</time>
      </trkpt>
      <trkpt lat="31.855319291524985" lon="118.93081472660646">
        <ele>20.410115253180265</ele>
        <time>2026-10-01T03:08:16Z</time>
      </trkpt>
      <trkpt lat="31.855171992478557" lon="118.93032964638762">
        <ele>17.995076190680265</ele>
        <time>2026-10-01T03:08:25Z</time>
      </trkpt>
      <trkpt lat="31.855026829403926" lon="118.92974573521379">
        <ele>19.654423724859953</ele>
        <time>2026-10-01T03:08:33Z</time>
      </trkpt>
      <trkpt lat="31.854865550568455" lon="118.92922968637603">
        <ele>20.31499196216464</ele>
        <time>2026-10-01T03:08:44Z</time>
      </trkpt>
      <trkpt lat="31.854842665885574" lon="118.92914683757223">
        <ele>19.849953662604094</ele>
        <time>2026-10-01T03:08:48Z</time>
      </trkpt>
      <trkpt lat="31.854848743435593" lon="118.92909393207465">
        <ele>19.828816425055265</ele>
        <time>2026-10-01T03:08:54Z</time>
      </trkpt>
    </trkseg>
  </trk>
</gpx>