<?xml version="1.0" encoding="UTF-8"?>
<gpx xmlns="http://www.topografix.com/GPX/1/1" xmlns:gpxtpx="http://www.garmin.com/xmlschemas/TrackPointExtension/v1" xmlns:xsi="http://www.w3.org/2001/XMLSchema-instance" xsi:schemaLocation="http://www.topografix.com/GPX/1/1 http://www.topografix.com/GPX/1/1/gpx.xsd" version="1.1" creator="gpx.py -- https://github.com/tkrajina/gpxpy">
  <trk>
    <name>gpx from keep</name>
    <type>Run</type>
    <trkseg>
      <trkpt lat="32.05187864023262" lon="118.80407523928469">
        <ele>11.970366175286472</ele>
        <time>2026-07-24T10:26:25Z</time>
      </trkpt>
      <trkpt lat="32.05193189318455" lon="118.80421350764958">
        <ele>10.47484081517905</ele>
        <time>2026-07-24T10:26:25Z</time>
      </trkpt>
      <trkpt lat="32.052040142925236" lon="118.80434275341932">
        <ele>14.462031061761081</ele>
        <time>2026-07-24T10:26:25Z</time>
      </trkpt>
      <trkpt lat="32.05214829131018" lon="118.80441388433991">
        <ele>10.789271051995456</ele>
        <time>2026-07-24T10:26:25Z</time>
      </trkpt>
      <trkpt lat="32.05232334435079" lon="118.80442188413197">
        <ele>14.575648005120456</ele>
        <time>2026-07-24T10:26:25Z</time>
      </trkpt>
      <trkpt lat="32.05266760676052" lon="118.80452806295949">
        <ele>14.462031061761081</ele>
        <time>2026-07-24T10:26:25Z</time>
      </trkpt>
      <trkpt lat="32.05294282585546" lon="118.80461821650489">
        <ele>8.361021692864597</ele>
        <time>2026-07-24T10:26:25Z</time>
      </trkpt>
      <trkpt lat="32.053042895501676" lon="118.80464526098547">
        <ele>13.981138880364597</ele>
        <time>2026-07-24T10:26:25Z</time>
      </trkpt>
      <trkpt lat="32.05310390383073" lon="118.8046422494155">
        <ele>14.211016352288425</ele>
        <time>2026-07-24T10:26:25Z</time>
      </trkpt>
      <trkpt lat="32.05322684529072" lon="118.80459314071987">
        <ele>14.094755823723972</ele>
        <time>2026-07-24T10:26:25Z</time>
      </trkpt>
      <trkpt lat="32.05330872156076" lon="118.80451197227285">
        <ele>14.094755823723972</ele>
        <time>2026-07-24T10:26:25Z</time>
      </trkpt>
      <trkpt lat="32.05336358315043" lon="118.80442579648879">
        <ele>13.949431116692722</ele>
        <time>2026-07-24T10:26:25Z</time>
      </trkpt>
      <trkpt lat="32.05339342527503" lon="118.80433160725597">
        <ele>12.818537409417331</ele>
        <time>2026-07-24T10:26:25Z</time>
      </trkpt>
      <trkpt lat="32.05338525556325" lon="118.80423541769495">
        <ele>14.084185297600925</ele>
        <time>2026-07-24T10:26:25Z</time>
      </trkpt>
      <trkpt lat="32.053305953135364" lon="118.80407210219083">
        <ele>13.81203335057944</ele>
        <time>2026-07-24T10:26:25Z</time>
      </trkpt>
      <trkpt lat="32.05315872664005" lon="118.80396089615331">
        <ele>14.263861353509128</ele>
        <time>2026-07-24T10:26:25Z</time>
      </trkpt>
      <trkpt lat="32.05288552104861" lon="118.8038777572115">
        <ele>12.662642176263034</ele>
        <time>2026-07-24T10:26:25Z</time>
      </trkpt>
      <trkpt lat="32.05260930093098" lon="118.80378660286604">
        <ele>13.17524593602866</ele>
        <time>2026-07-24T10:26:25Z</time>
      </trkpt>
      <trkpt lat="32.05228505628299" lon="118.8036874372901">
        <ele>12.63093441259116</ele>
        <time>2026-07-24T10:26:25Z</time>
      </trkpt>
      <trkpt lat="32.05220000773506" lon="118.80367041157339">
        <ele>13.310000116936862</ele>
        <time>2026-07-24T10:26:25Z</time>
      </trkpt>
      <trkpt lat="32.052119024479694" lon="118.80369045846595">
        <ele>12.065489466302097</ele>
        <time>2026-07-24T10:26:25Z</time>
      </trkpt>
      <trkpt lat="32.0520280982016" lon="118.80374457337096">
        <ele>12.712847406975925</ele>
        <time>2026-07-24T10:26:25Z</time>
      </trkpt>
      <trkpt lat="32.051967201308614" lon="118.80381171123419">
        <ele>13.687845881097019</ele>
        <time>2026-07-24T10:26:25Z</time>
      </trkpt>
      <trkpt lat="32.05190952319776" lon="118.80400409597847">
        <ele>12.974432642571628</ele>
        <time>2026-07-24T10:26:25Z</time>
      </trkpt>
      <trkpt lat="32.05190963492565" lon="118.80406822258398">
        <ele>12.4089838815853</ele>
        <time>2026-07-24T10:26:25Z</time>
      </trkpt>
      <trkpt lat="32.051965879791965" lon="118.80420148075282">
        <ele>12.953291590325534</ele>
        <time>2026-07-24T10:26:25Z</time>
      </trkpt>
      <trkpt lat="32.05212215246708" lon="118.80433773596751">
        <ele>11.782766993157566</ele>
        <time>2026-07-24T10:26:25Z</time>
      </trkpt>
      <trkpt lat="32.05242440715564" lon="118.8044449204964">
        <ele>14.345770533196628</ele>
        <time>2026-07-24T10:26:25Z</time>
      </trkpt>
      <trkpt lat="32.05264758477559" lon="118.80451804493681">
        <ele>13.479105646722019</ele>
        <time>2026-07-24T10:26:25Z</time>
      </trkpt>
      <trkpt lat="32.052986821629496" lon="118.80461019656103">
        <ele>13.571585352532566</ele>
        <time>2026-07-24T10:26:25Z</time>
      </trkpt>
      <trkpt lat="32.05307487281025" lon="118.80462822425059">
        <ele>13.487032587639987</ele>
        <time>2026-07-24T10:26:25Z</time>
      </trkpt>
      <trkpt lat="32.053219805155074" lon="118.80457109764869">
        <ele>11.280733759514987</ele>
        <time>2026-07-24T10:26:25Z</time>
      </trkpt>
      <trkpt lat="32.053322561759096" lon="118.8044187863656">
        <ele>13.645567591302097</ele>
        <time>2026-07-24T10:26:25Z</time>
      </trkpt>
      <trkpt lat="32.05336141464745" lon="118.80432960623105">
        <ele>12.599226648919284</ele>
        <time>2026-07-24T10:26:25Z</time>
      </trkpt>
      <trkpt lat="32.053375253335844" lon="118.80423541861406">
        <ele>12.712847406975925</ele>
        <time>2026-07-24T10:26:25Z</time>
      </trkpt>
      <trkpt lat="32.053313967141634" lon="118.80407911530773">
        <ele>11.803904230706394</ele>
        <time>2026-07-24T10:26:25Z</time>
      </trkpt>
      <trkpt lat="32.05325083089706" lon="118.80400898261243">
        <ele>13.027277643792331</ele>
        <time>2026-07-24T10:26:25Z</time>
      </trkpt>
      <trkpt lat="32.05305756983936" lon="118.80388375325599">
        <ele>13.613859827630222</ele>
        <time>2026-07-24T10:26:25Z</time>
      </trkpt>
      <trkpt lat="32.05276535138652" lon="118.80379560629477">
        <ele>13.299429590813816</ele>
        <time>2026-07-24T10:26:25Z</time>
      </trkpt>
      <trkpt lat="32.05248516355766" lon="118.80372348992663">
        <ele>12.786829645745456</ele>
        <time>2026-07-24T10:26:25Z</time>
      </trkpt>
      <trkpt lat="32.05227603512883" lon="118.80367641642108">
        <ele>12.673212702386081</ele>
        <time>2026-07-24T10:26:25Z</time>
      </trkpt>
      <trkpt lat="32.05220001469702" lon="118.80367441946231">
        <ele>11.574026758782566</ele>
        <time>2026-07-24T10:26:25Z</time>
      </trkpt>
      <trkpt lat="32.0521190384062" lon="118.80369847424669">
        <ele>-14.86985141504556</ele>
        <time>2026-07-24T10:26:25Z</time>
      </trkpt>
      <trkpt lat="32.05202811910115" lon="118.80375659705321">
        <ele>12.786829645745456</ele>
        <time>2026-07-24T10:26:25Z</time>
      </trkpt>
      <trkpt lat="32.051972207651744" lon="118.80381471669828">
        <ele>12.482969935052097</ele>
        <time>2026-07-24T10:26:25Z</time>
      </trkpt>
      <trkpt lat="32.051937825973255" lon="118.80376723219786">
        <ele>13.6984125925228</ele>
        <time>2026-07-24T10:26:25Z</time>
      </trkpt>
      <trkpt lat="32.05190340844566" lon="118.80393896801488">
        <ele>13.352274592034519</ele>
        <time>2026-07-24T10:26:25Z</time>
      </trkpt>
      <trkpt lat="32.05195358188849" lon="118.80403214731611">
        <ele>13.405123407952487</ele>
        <time>2026-07-24T10:26:25Z</time>
      </trkpt>
      <trkpt lat="32.051951743853515" lon="118.80412533153816">
        <ele>11.835611994378269</ele>
        <time>2026-07-24T10:26:25Z</time>
      </trkpt>
      <trkpt lat="32.05206104087982" lon="118.80428163054552">
        <ele>13.66670864354819</ele>
        <time>2026-07-24T10:26:25Z</time>
      </trkpt>
      <trkpt lat="32.05212214896704" lon="118.80433573200135">
        <ele>13.32057064305991</ele>
        <time>2026-07-24T10:26:25Z</time>
      </trkpt>
      <trkpt lat="32.052425472195374" lon="118.80448199385384">
        <ele>12.765692408196628</ele>
        <time>2026-07-24T10:26:25Z</time>
      </trkpt>
      <trkpt lat="32.052727721816154" lon="118.80458617266903">
        <ele>13.225447352044284</ele>
        <time>2026-07-24T10:26:25Z</time>
      </trkpt>
      <trkpt lat="32.05302292438006" lon="118.80466430059869">
        <ele>13.25715511571616</ele>
        <time>2026-07-24T10:26:25Z</time>
      </trkpt>
      <trkpt lat="32.05311094574297" lon="118.80466529449976">
        <ele>13.164675409905612</ele>
        <time>2026-07-24T10:26:25Z</time>
      </trkpt>
      <trkpt lat="32.05318492714062" lon="118.80464524793547">
        <ele>13.12239712011069</ele>
        <time>2026-07-24T10:26:25Z</time>
      </trkpt>
      <trkpt lat="32.0532877414189" lon="118.80452600200715">
        <ele>13.624430353753269</ele>
        <time>2026-07-24T10:26:25Z</time>
      </trkpt>
      <trkpt lat="32.05338048013545" lon="118.80436467389946">
        <ele>8.746794397942722</ele>
        <time>2026-07-24T10:26:25Z</time>
      </trkpt>
      <trkpt lat="32.05340733566588" lon="118.80427850089143">
        <ele>13.45796840917319</ele>
        <time>2026-07-24T10:26:25Z</time>
      </trkpt>
      <trkpt lat="32.05340515862376" lon="118.80417730095824">
        <ele>12.242521937005222</ele>
        <time>2026-07-24T10:26:25Z</time>
      </trkpt>
      <trkpt lat="32.05333289280215" lon="118.80403402452549">
        <ele>13.426260645501316</ele>
        <time>2026-07-24T10:26:25Z</time>
      </trkpt>
      <trkpt lat="32.05327477167513" lon="118.80397190723919">
        <ele>12.599226648919284</ele>
        <time>2026-07-24T10:26:25Z</time>
      </trkpt>
      <trkpt lat="32.053118588661924" lon="118.80388675357636">
        <ele>12.076059992425144</ele>
        <time>2026-07-24T10:26:25Z</time>
      </trkpt>
      <trkpt lat="32.052840369845605" lon="118.80379660137525">
        <ele>13.267725641839206</ele>
        <time>2026-07-24T10:26:25Z</time>
      </trkpt>
      <trkpt lat="32.05254211533237" lon="118.80368841563954">
        <ele>13.267725641839206</ele>
        <time>2026-07-24T10:26:25Z</time>
      </trkpt>
      <trkpt lat="32.05230595133067" lon="118.80362431112661">
        <ele>13.687845881097019</ele>
        <time>2026-07-24T10:26:25Z</time>
      </trkpt>
      <trkpt lat="32.052231929607295" lon="118.80362131201441">
        <ele>12.7445551706478</ele>
        <time>2026-07-24T10:26:25Z</time>
      </trkpt>
      <trkpt lat="32.05213995084487" lon="118.80364536778883">
        <ele>12.461828882806003</ele>
        <time>2026-07-24T10:26:25Z</time>
      </trkpt>
      <trkpt lat="32.052072003551025" lon="118.80368445095121">
        <ele>13.037844355218112</ele>
        <time>2026-07-24T10:26:25Z</time>
      </trkpt>
      <trkpt lat="32.0519602224008" lon="118.80382473754788">
        <ele>13.080122645013034</ele>
        <time>2026-07-24T10:26:25Z</time>
      </trkpt>
      <trkpt lat="32.05191739935921" lon="118.80393195289217">
        <ele>11.75105922948569</ele>
        <time>2026-07-24T10:26:25Z</time>
      </trkpt>
      <trkpt lat="32.05190357422416" lon="118.80403415586792">
        <ele>13.090693171136081</ele>
        <time>2026-07-24T10:26:25Z</time>
      </trkpt>
      <trkpt lat="32.05191576727016" lon="118.8041433704834">
        <ele>12.26365917455405</ele>
        <time>2026-07-24T10:26:25Z</time>
      </trkpt>
      <trkpt lat="32.051948931945844" lon="118.80423354571226">
        <ele>12.097197229973972</ele>
        <time>2026-07-24T10:26:25Z</time>
      </trkpt>
      <trkpt lat="32.052004071899304" lon="118.80430668534396">
        <ele>12.3270747018978</ele>
        <time>2026-07-24T10:26:25Z</time>
      </trkpt>
      <trkpt lat="32.05207618246038" lon="118.80436078581059">
        <ele>12.641504938714206</ele>
        <time>2026-07-24T10:26:25Z</time>
      </trkpt>
      <trkpt lat="32.05215325215371" lon="118.80439083824528">
        <ele>12.150042231194675</ele>
        <time>2026-07-24T10:26:25Z</time>
      </trkpt>
      <trkpt lat="32.052365374732794" lon="118.80443390408662">
        <ele>12.641504938714206</ele>
        <time>2026-07-24T10:26:25Z</time>
      </trkpt>
      <trkpt lat="32.05259860890587" lon="118.80453808916305">
        <ele>11.938658411614597</ele>
        <time>2026-07-24T10:26:25Z</time>
      </trkpt>
      <trkpt lat="32.05290580533227" lon="118.80461120599252">
        <ele>11.101057703606784</ele>
        <time>2026-07-24T10:26:25Z</time>
      </trkpt>
      <trkpt lat="32.05309493165051" lon="118.80465928404044">
        <ele>13.582155878655612</ele>
        <time>2026-07-24T10:26:25Z</time>
      </trkpt>
      <trkpt lat="32.053173889605866" lon="118.80462520918913">
        <ele>13.288862879388034</ele>
        <time>2026-07-24T10:26:25Z</time>
      </trkpt>
      <trkpt lat="32.053285711179846" lon="118.804508968429">
        <ele>12.945364649407566</ele>
        <time>2026-07-24T10:26:25Z</time>
      </trkpt>
      <trkpt lat="32.053335582167364" lon="118.80442880501586">
        <ele>13.310000116936862</ele>
        <time>2026-07-24T10:26:25Z</time>
      </trkpt>
      <trkpt lat="32.05338030516459" lon="118.80426447562417">
        <ele>13.17524593602866</ele>
        <time>2026-07-24T10:26:25Z</time>
      </trkpt>
      <trkpt lat="32.053387147623575" lon="118.80417329469064">
        <ele>11.938658411614597</ele>
        <time>2026-07-24T10:26:25Z</time>
      </trkpt>
      <trkpt lat="32.05336398526477" lon="118.80408311862793">
        <ele>12.107763941399753</ele>
        <time>2026-07-24T10:26:25Z</time>
      </trkpt>
      <trkpt lat="32.05331284819932" lon="118.80401098086935">
        <ele>13.101259882561862</ele>
        <time>2026-07-24T10:26:25Z</time>
      </trkpt>
      <trkpt lat="32.05304455299462" lon="118.80387573864552">
        <ele>12.2002436472103</ele>
        <time>2026-07-24T10:26:25Z</time>
      </trkpt>
      <trkpt lat="32.052779389355656" lon="118.80381564449688">
        <ele>13.352274592034519</ele>
        <time>2026-07-24T10:26:25Z</time>
      </trkpt>
      <trkpt lat="32.05263731414194" lon="118.803790608189">
        <ele>13.32057064305991</ele>
        <time>2026-07-24T10:26:25Z</time>
      </trkpt>
      <trkpt lat="32.052562217294934" lon="118.80374452428735">
        <ele>14.158171351067722</ele>
        <time>2026-07-24T10:26:25Z</time>
      </trkpt>
      <trkpt lat="32.052448143119214" lon="118.80371647951642">
        <ele>13.801462824456394</ele>
        <time>2026-07-24T10:26:25Z</time>
      </trkpt>
      <trkpt lat="32.05225897390716" lon="118.80364335290699">
        <ele>14.200445826165378</ele>
        <time>2026-07-24T10:26:25Z</time>
      </trkpt>
      <trkpt lat="32.052183955439084" lon="118.80364235782915">
        <ele>11.89638393651694</ele>
        <time>2026-07-24T10:26:25Z</time>
      </trkpt>
      <trkpt lat="32.05209198016374" lon="118.80366841755617">
        <ele>14.189879114739597</ele>
        <time>2026-07-24T10:26:25Z</time>
      </trkpt>
      <trkpt lat="32.052019052659794" lon="118.80371952486786">
        <ele>13.624430353753269</ele>
        <time>2026-07-24T10:26:25Z</time>
      </trkpt>
      <trkpt lat="32.05191933353429" lon="118.80389387761295">
        <ele>12.002073938958347</ele>
        <time>2026-07-24T10:26:25Z</time>
      </trkpt>
      <trkpt lat="32.051893523118416" lon="118.80400610140445">
        <ele>13.550448114983737</ele>
        <time>2026-07-24T10:26:25Z</time>
      </trkpt>
      <trkpt lat="32.051897703854735" lon="118.80410930482867">
        <ele>13.550448114983737</ele>
        <time>2026-07-24T10:26:25Z</time>
      </trkpt>
      <trkpt lat="32.05193388838601" lon="118.80421050152256">
        <ele>13.196383173577487</ele>
        <time>2026-07-24T10:26:25Z</time>
      </trkpt>
      <trkpt lat="32.051976014920164" lon="118.80427763042879">
        <ele>12.765692408196628</ele>
        <time>2026-07-24T10:26:25Z</time>
      </trkpt>
      <trkpt lat="32.05212923104378" lon="118.80438182259606">
        <ele>12.98499935399741</ele>
        <time>2026-07-24T10:26:25Z</time>
      </trkpt>
      <trkpt lat="32.05245448742239" lon="118.80448700111594">
        <ele>13.225447352044284</ele>
        <time>2026-07-24T10:26:25Z</time>
      </trkpt>
      <trkpt lat="32.05272769726825" lon="118.80457214485152">
        <ele>12.934797937981784</ele>
        <time>2026-07-24T10:26:25Z</time>
      </trkpt>
      <trkpt lat="32.05300487475398" lon="118.80463825056198">
        <ele>12.641504938714206</ele>
        <time>2026-07-24T10:26:25Z</time>
      </trkpt>
      <trkpt lat="32.05307690658638" lon="118.80464726183689">
        <ele>12.712847406975925</ele>
        <time>2026-07-24T10:26:25Z</time>
      </trkpt>
      <trkpt lat="32.053211848963564" lon="118.80459715004733">
        <ele>11.917521174065769</ele>
        <time>2026-07-24T10:26:25Z</time>
      </trkpt>
      <trkpt lat="32.05332764694558" lon="118.80446688117684">
        <ele>13.288862879388034</ele>
        <time>2026-07-24T10:26:25Z</time>
      </trkpt>
      <trkpt lat="32.053388387415524" lon="118.80431056607551">
        <ele>13.069552118889987</ele>
        <time>2026-07-24T10:26:25Z</time>
      </trkpt>
      <trkpt lat="32.05337510300985" lon="118.80414924826692">
        <ele>13.037844355218112</ele>
        <time>2026-07-24T10:26:25Z</time>
      </trkpt>
      <trkpt lat="32.053247711577576" lon="118.80394084843589">
        <ele>12.210814173333347</ele>
        <time>2026-07-24T10:26:25Z</time>
      </trkpt>
      <trkpt lat="32.052978512137415" lon="118.80386071507976">
        <ele>13.101259882561862</ele>
        <time>2026-07-24T10:26:25Z</time>
      </trkpt>
      <trkpt lat="32.05271727797425" lon="118.80375953964344">
        <ele>13.016707117669284</ele>
        <time>2026-07-24T10:26:25Z</time>
      </trkpt>
      <trkpt lat="32.052449071967985" lon="118.8036753985469">
        <ele>13.006140406243503</ele>
        <time>2026-07-24T10:26:25Z</time>
      </trkpt>
      <trkpt lat="32.052256907349104" lon="118.8036052781765">
        <ele>13.415690119378269</ele>
        <time>2026-07-24T10:26:25Z</time>
      </trkpt>
      <trkpt lat="32.0521809199718" lon="118.80362231867367">
        <ele>12.556952173821628</ele>
        <time>2026-07-24T10:26:25Z</time>
      </trkpt>
      <trkpt lat="32.052000104146146" lon="118.80375158975897">
        <ele>13.288862879388034</ele>
        <time>2026-07-24T10:26:25Z</time>
      </trkpt>
      <trkpt lat="32.05194522253961" lon="118.80382674287611">
        <ele>13.027277643792331</ele>
        <time>2026-07-24T10:26:25Z</time>
      </trkpt>
      <trkpt lat="32.05189955238407" lon="118.8040221324986">
        <ele>12.77625911962241</ele>
        <time>2026-07-24T10:26:25Z</time>
      </trkpt>
      <trkpt lat="32.05194184996527" lon="118.8041874552276">
        <ele>12.3270747018978</ele>
        <time>2026-07-24T10:26:25Z</time>
      </trkpt>
      <trkpt lat="32.05197798213439" lon="118.80425859258746">
        <ele>12.4089838815853</ele>
        <time>2026-07-24T10:26:25Z</time>
      </trkpt>
      <trkpt lat="32.052032088643706" lon="118.80431269466649">
        <ele>12.683779413811862</ele>
        <time>2026-07-24T10:26:25Z</time>
      </trkpt>
      <trkpt lat="32.05229835103426" lon="118.8044289003211">
        <ele>12.504107172600925</ele>
        <time>2026-07-24T10:26:25Z</time>
      </trkpt>
      <trkpt lat="32.05248950573959" lon="118.8044930098126">
        <ele>16.493941004388034</ele>
        <time>2026-07-24T10:26:25Z</time>
      </trkpt>
      <trkpt lat="32.05263270765279" lon="118.80459018934805">
        <ele>11.75105922948569</ele>
        <time>2026-07-24T10:26:25Z</time>
      </trkpt>
      <trkpt lat="32.05263082648225" lon="118.8046583246939">
        <ele>7.2724024606868625</ele>
        <time>2026-07-24T10:26:25Z</time>
      </trkpt>
      <trkpt lat="32.0529548811549" lon="118.80464827503688">
        <ele>12.797400171868503</ele>
        <time>2026-07-24T10:26:25Z</time>
      </trkpt>
      <trkpt lat="32.053104914579585" lon="118.80464826125173">
        <ele>13.447397883050144</ele>
        <time>2026-07-24T10:26:25Z</time>
      </trkpt>
      <trkpt lat="32.0531778975134" lon="118.80462921677247">
        <ele>13.132967646233737</ele>
        <time>2026-07-24T10:26:25Z</time>
      </trkpt>
      <trkpt lat="32.05329674342378" lon="118.80452600118001">
        <ele>13.143538172356784</ele>
        <time>2026-07-24T10:26:25Z</time>
      </trkpt>
      <trkpt lat="32.05340937459716" lon="118.80430054431933">
        <ele>14.314062769524753</ele>
        <time>2026-07-24T10:26:25Z</time>
      </trkpt>
      <trkpt lat="32.05337909166961" lon="118.80414223403909">
        <ele>12.514673884026706</ele>
        <time>2026-07-24T10:26:25Z</time>
      </trkpt>
      <trkpt lat="32.05329083806248" lon="118.80400797695805">
        <ele>9.103499109856784</ele>
        <time>2026-07-24T10:26:25Z</time>
      </trkpt>
      <trkpt lat="32.05323673354978" lon="118.80395487712212">
        <ele>12.26365917455405</ele>
        <time>2026-07-24T10:26:25Z</time>
      </trkpt>
      <trkpt lat="32.05291044469312" lon="118.80383066207679">
        <ele>12.337641413323581</ele>
        <time>2026-07-24T10:26:25Z</time>
      </trkpt>
      <trkpt lat="32.052588181298816" lon="118.80372047453987">
        <ele>13.058985407464206</ele>
        <time>2026-07-24T10:26:25Z</time>
      </trkpt>
      <trkpt lat="32.05232496600698" lon="118.80363032120903">
        <ele>8.820776636712253</ele>
        <time>2026-07-24T10:26:25Z</time>
      </trkpt>
      <trkpt lat="32.05216692554805" lon="118.80362732981773">
        <ele>12.599226648919284</ele>
        <time>2026-07-24T10:26:25Z</time>
      </trkpt>
      <trkpt lat="32.05201006980579" lon="118.80373054739918">
        <ele>13.18581264745444</ele>
        <time>2026-07-24T10:26:25Z</time>
      </trkpt>
      <trkpt lat="32.05196416927637" lon="118.80379367597108">
        <ele>12.934797937981784</ele>
        <time>2026-07-24T10:26:25Z</time>
      </trkpt>
      <trkpt lat="32.05190150745094" lon="118.80399608089279">
        <ele>9.386221583001316</ele>
        <time>2026-07-24T10:26:25Z</time>
      </trkpt>
      <trkpt lat="32.05190768512544" lon="118.80409728015793">
        <ele>12.829107935540378</ele>
        <time>2026-07-24T10:26:25Z</time>
      </trkpt>
      <trkpt lat="32.051961940091985" lon="118.80423655046181">
        <ele>12.818537409417331</ele>
        <time>2026-07-24T10:26:25Z</time>
      </trkpt>
      <trkpt lat="32.05209327028622" lon="118.80440887947316">
        <ele>13.12239712011069</ele>
        <time>2026-07-24T10:26:25Z</time>
      </trkpt>
      <trkpt lat="32.05214034031376" lon="118.80444294262712">
        <ele>11.991507227532566</ele>
        <time>2026-07-24T10:26:25Z</time>
      </trkpt>
      <trkpt lat="32.05217327762522" lon="118.80440286021579">
        <ele>12.128904993645847</ele>
        <time>2026-07-24T10:26:25Z</time>
      </trkpt>
      <trkpt lat="32.05229432212287" lon="118.80441286893776">
        <ele>11.740488703362644</ele>
        <time>2026-07-24T10:26:25Z</time>
      </trkpt>
      <trkpt lat="32.05261954698948" lon="118.80450001176482">
        <ele>12.242521937005222</ele>
        <time>2026-07-24T10:26:25Z</time>
      </trkpt>
      <trkpt lat="32.052930805642234" lon="118.80460819773262">
        <ele>14.084185297600925</ele>
        <time>2026-07-24T10:26:25Z</time>
      </trkpt>
      <trkpt lat="32.05307487982678" lon="118.80463223220173">
        <ele>13.959997828118503</ele>
        <time>2026-07-24T10:26:25Z</time>
      </trkpt>
      <trkpt lat="32.05321281236232" lon="118.80457610822646">
        <ele>13.415690119378269</ele>
        <time>2026-07-24T10:26:25Z</time>
      </trkpt>
      <trkpt lat="32.05334065334509" lon="118.8044688839525">
        <ele>12.2002436472103</ele>
        <time>2026-07-24T10:26:25Z</time>
      </trkpt>
      <trkpt lat="32.053377444461745" lon="118.80434463450725">
        <ele>13.164675409905612</ele>
        <time>2026-07-24T10:26:25Z</time>
      </trkpt>
      <trkpt lat="32.05338132987473" lon="118.80427850328108">
        <ele>10.326872522942722</ele>
        <time>2026-07-24T10:26:25Z</time>
      </trkpt>
      <trkpt lat="32.05330093979807" lon="118.804065088799">
        <ele>15.695975000970066</ele>
        <time>2026-07-24T10:26:25Z</time>
      </trkpt>
      <trkpt lat="32.053258825697924" lon="118.80400497396606">
        <ele>13.708983118645847</ele>
        <time>2026-07-24T10:26:25Z</time>
      </trkpt>
      <trkpt lat="32.052962526004826" lon="118.80387073630486">
        <ele>14.073618586175144</ele>
        <time>2026-07-24T10:26:25Z</time>
      </trkpt>
      <trkpt lat="32.05280343653102" lon="118.80383968968633">
        <ele>13.769755060784519</ele>
        <time>2026-07-24T10:26:25Z</time>
      </trkpt>
      <trkpt lat="32.052543190419975" lon="118.80373150038058">
        <ele>12.316504175774753</ele>
        <time>2026-07-24T10:26:25Z</time>
      </trkpt>
      <trkpt lat="32.05220001469702" lon="118.80367441946231">
        <ele>13.550448114983737</ele>
        <time>2026-07-24T10:26:25Z</time>
      </trkpt>
      <trkpt lat="32.052068086227536" lon="118.80373254601444">
        <ele>13.613859827630222</ele>
        <time>2026-07-24T10:26:25Z</time>
      </trkpt>
      <trkpt lat="32.05197628871723" lon="118.80386080717876">
        <ele>13.833170588128269</ele>
        <time>2026-07-24T10:26:25Z</time>
      </trkpt>
      <trkpt lat="32.051920579762914" lon="118.80403515628365">
        <ele>13.341707880608737</ele>
        <time>2026-07-24T10:26:25Z</time>
      </trkpt>
      <trkpt lat="32.05192777868413" lon="118.8041483792805">
        <ele>13.81203335057944</ele>
        <time>2026-07-24T10:26:25Z</time>
      </trkpt>
      <trkpt lat="32.05198900557652" lon="118.80427061535953">
        <ele>13.373415644280612</ele>
        <time>2026-07-24T10:26:25Z</time>
      </trkpt>
      <trkpt lat="32.05204811146045" lon="118.80432371500663">
        <ele>13.613859827630222</ele>
        <time>2026-07-24T10:26:25Z</time>
      </trkpt>
      <trkpt lat="32.0521692504703" lon="118.80438783082305">
        <ele>13.027277643792331</ele>
        <time>2026-07-24T10:26:25Z</time>
      </trkpt>
      <trkpt lat="32.05225528716004" lon="118.8043978427592">
        <ele>13.352274592034519</ele>
        <time>2026-07-24T10:26:25Z</time>
      </trkpt>
      <trkpt lat="32.05252351156823" lon="118.80449200470235">
        <ele>13.101259882561862</ele>
        <time>2026-07-24T10:26:25Z</time>
      </trkpt>
      <trkpt lat="32.05261359647491" lon="118.80452906990837">
        <ele>12.765692408196628</ele>
        <time>2026-07-24T10:26:25Z</time>
      </trkpt>
      <trkpt lat="32.052901739557264" lon="118.80457413283435">
        <ele>12.253092463128269</ele>
        <time>2026-07-24T10:26:25Z</time>
      </trkpt>
      <trkpt lat="32.05308087239307" lon="118.80462722171144">
        <ele>13.719553644768894</ele>
        <time>2026-07-24T10:26:25Z</time>
      </trkpt>
      <trkpt lat="32.05318284951752" lon="118.80460116066168">
        <ele>12.2002436472103</ele>
        <time>2026-07-24T10:26:25Z</time>
      </trkpt>
      <trkpt lat="32.05335067309209" lon="118.80447890288647">
        <ele>12.369349176995456</ele>
        <time>2026-07-24T10:26:25Z</time>
      </trkpt>
      <trkpt lat="32.05340741789388" lon="118.80432559407139">
        <ele>11.772196467034519</ele>
        <time>2026-07-24T10:26:25Z</time>
      </trkpt>
      <trkpt lat="32.05341529721992" lon="118.80425545457044">
        <ele>13.058985407464206</ele>
        <time>2026-07-24T10:26:25Z</time>
      </trkpt>
      <trkpt lat="32.053330981406916" lon="118.80408512561914">
        <ele>10.34800976049155</ele>
        <time>2026-07-24T10:26:25Z</time>
      </trkpt>
      <trkpt lat="32.0532168023793" lon="118.80399696200517">
        <ele>12.525244410149753</ele>
        <time>2026-07-24T10:26:25Z</time>
      </trkpt>
      <trkpt lat="32.05317769772707" lon="118.8039418568467">
        <ele>12.691706354729831</ele>
        <time>2026-07-24T10:26:25Z</time>
      </trkpt>
      <trkpt lat="32.05311561066152" lon="118.80389977953878">
        <ele>13.101259882561862</ele>
        <time>2026-07-24T10:26:25Z</time>
      </trkpt>
      <trkpt lat="32.05300956960509" lon="118.80388976952271">
        <ele>12.231951410882175</ele>
        <time>2026-07-24T10:26:25Z</time>
      </trkpt>
      <trkpt lat="32.0527193376483" lon="118.80379360657446">
        <ele>12.871382410638034</ele>
        <time>2026-07-24T10:26:25Z</time>
      </trkpt>
      <trkpt lat="32.0526732925519" lon="118.80377357132102">
        <ele>12.913660700432956</ele>
        <time>2026-07-24T10:26:25Z</time>
      </trkpt>
      <trkpt lat="32.05255326057334" lon="118.80377057642946">
        <ele>12.892519648186862</ele>
        <time>2026-07-24T10:26:25Z</time>
      </trkpt>
      <trkpt lat="32.05236107497278" lon="118.8036884322768">
        <ele>13.938860590569675</ele>
        <time>2026-07-24T10:26:25Z</time>
      </trkpt>
      <trkpt lat="32.05224102036067" lon="118.80367241174918">
        <ele>13.833170588128269</ele>
        <time>2026-07-24T10:26:25Z</time>
      </trkpt>
      <trkpt lat="32.05212601559688" lon="118.80368444598767">
        <ele>13.236017878167331</ele>
        <time>2026-07-24T10:26:25Z</time>
      </trkpt>
      <trkpt lat="32.05205706287829" lon="118.80372052334805">
        <ele>13.479105646722019</ele>
        <time>2026-07-24T10:26:25Z</time>
      </trkpt>
      <trkpt lat="32.05194024408081" lon="118.80383976900917">
        <ele>11.531748468987644</ele>
        <time>2026-07-24T10:26:25Z</time>
      </trkpt>
      <trkpt lat="32.051904403435785" lon="118.80393596199316">
        <ele>12.578089411370456</ele>
        <time>2026-07-24T10:26:25Z</time>
      </trkpt>
      <trkpt lat="32.05189670887206" lon="118.80411231085886">
        <ele>13.037844355218112</ele>
        <time>2026-07-24T10:26:25Z</time>
      </trkpt>
      <trkpt lat="32.05192589009759" lon="118.80421250621993">
        <ele>13.45796840917319</ele>
        <time>2026-07-24T10:26:25Z</time>
      </trkpt>
      <trkpt lat="32.05197404421219" lon="118.8042946643111">
        <ele>12.620367701165378</ele>
        <time>2026-07-24T10:26:25Z</time>
      </trkpt>
      <trkpt lat="32.052173291633295" lon="118.80441087608943">
        <ele>12.98499935399741</ele>
        <time>2026-07-24T10:26:25Z</time>
      </trkpt>
      <trkpt lat="32.052504489810566" lon="118.80448198659354">
        <ele>12.77625911962241</ele>
        <time>2026-07-24T10:26:25Z</time>
      </trkpt>
      <trkpt lat="32.05279473149001" lon="118.80458316055048">
        <ele>11.552889521233737</ele>
        <time>2026-07-24T10:26:25Z</time>
      </trkpt>
      <trkpt lat="32.05293786333179" lon="118.80464026069518">
        <ele>13.529307062737644</ele>
        <time>2026-07-24T10:26:25Z</time>
      </trkpt>
      <trkpt lat="32.053038913908956" lon="118.80465628322224">
        <ele>12.578089411370456</ele>
        <time>2026-07-24T10:26:25Z</time>
      </trkpt>
      <trkpt lat="32.05320186251932" lon="118.80460616885235">
        <ele>12.065489466302097</ele>
        <time>2026-07-24T10:26:25Z</time>
      </trkpt>
      <trkpt lat="32.053283796620754" lon="118.80455806593918">
        <ele>11.574026758782566</ele>
        <time>2026-07-24T10:26:25Z</time>
      </trkpt>
      <trkpt lat="32.05334469102867" lon="118.80448992527809">
        <ele>12.284796412102878</ele>
        <time>2026-07-24T10:26:25Z</time>
      </trkpt>
      <trkpt lat="32.05339645044392" lon="118.80434563474422">
        <ele>12.432764704339206</ele>
        <time>2026-07-24T10:26:25Z</time>
      </trkpt>
      <trkpt lat="32.05337525158726" lon="118.8042344166326">
        <ele>11.616301233880222</ele>
        <time>2026-07-24T10:26:25Z</time>
      </trkpt>
      <trkpt lat="32.05338303436408" lon="118.80417646139297">
        <ele>13.101259882561862</ele>
        <time>2026-07-24T10:26:25Z</time>
      </trkpt>
      <trkpt lat="32.05331923566396" lon="118.80401482522522">
        <ele>11.867319758050144</ele>
        <time>2026-07-24T10:26:25Z</time>
      </trkpt>
      <trkpt lat="32.05320166295677" lon="118.80391880918103">
        <ele>12.514673884026706</ele>
        <time>2026-07-24T10:26:25Z</time>
      </trkpt>
      <trkpt lat="32.05285043829216" lon="118.8038346754914">
        <ele>14.327276880852878</ele>
        <time>2026-07-24T10:26:25Z</time>
      </trkpt>
      <trkpt lat="32.052511190250726" lon="118.80373551121495">
        <ele>12.422197992913425</ele>
        <time>2026-07-24T10:26:25Z</time>
      </trkpt>
      <trkpt lat="32.0522389920686" lon="118.80365638037948">
        <ele>10.527685816399753</ele>
        <time>2026-07-24T10:26:25Z</time>
      </trkpt>
      <trkpt lat="32.052157970521385" lon="118.80365438388097">
        <ele>11.291304285638034</ele>
        <time>2026-07-24T10:26:25Z</time>
      </trkpt>
      <trkpt lat="32.05200508784591" lon="118.80374156956485">
        <ele>12.662642176263034</ele>
        <time>2026-07-24T10:26:25Z</time>
      </trkpt>
      <trkpt lat="32.051950199258314" lon="118.80381271477127">
        <ele>12.556952173821628</ele>
        <time>2026-07-24T10:26:25Z</time>
      </trkpt>
      <trkpt lat="32.05190149174496" lon="118.80398706309543">
        <ele>13.76182811986655</ele>
        <time>2026-07-24T10:26:25Z</time>
      </trkpt>
      <trkpt lat="32.05190368248635" lon="118.80409627854637">
        <ele>12.892519648186862</ele>
        <time>2026-07-24T10:26:25Z</time>
      </trkpt>
      <trkpt lat="32.05194788801313" lon="118.80420849627383">
        <ele>12.05491894017905</ele>
        <time>2026-07-24T10:26:25Z</time>
      </trkpt>
      <trkpt lat="32.05209317049997" lon="118.80435176639767">
        <ele>12.150042231194675</ele>
        <time>2026-07-24T10:26:25Z</time>
      </trkpt>
      <trkpt lat="32.052393424765896" lon="118.80445895113445">
        <ele>12.316504175774753</ele>
        <time>2026-07-24T10:26:25Z</time>
      </trkpt>
      <trkpt lat="32.05267464337795" lon="118.80454810204242">
        <ele>12.881952936761081</ele>
        <time>2026-07-24T10:26:25Z</time>
      </trkpt>
      <trkpt lat="32.052999882411186" lon="118.80464326096121">
        <ele>11.95979946386069</ele>
        <time>2026-07-24T10:26:25Z</time>
      </trkpt>
      <trkpt lat="32.053129895589805" lon="118.80463423112279">
        <ele>11.84617870580405</ele>
        <time>2026-07-24T10:26:25Z</time>
      </trkpt>
      <trkpt lat="32.05319087234558" lon="118.80461318377549">
        <ele>12.609797175042331</ele>
        <time>2026-07-24T10:26:25Z</time>
      </trkpt>
      <trkpt lat="32.05330471541233" lon="118.80450896668282">
        <ele>12.652075464837253</ele>
        <time>2026-07-24T10:26:25Z</time>
      </trkpt>
      <trkpt lat="32.053347584840374" lon="118.80442880391297">
        <ele>12.189676935784519</ele>
        <time>2026-07-24T10:26:25Z</time>
      </trkpt>
      <trkpt lat="32.05338629425837" lon="118.80425746119947">
        <ele>10.860613520257175</ele>
        <time>2026-07-24T10:26:25Z</time>
      </trkpt>
      <trkpt lat="32.05338617012222" lon="118.80418632053008">
        <ele>11.68764370214194</ele>
        <time>2026-07-24T10:26:25Z</time>
      </trkpt>
      <trkpt lat="32.05331896127008" lon="118.80407510693252">
        <ele>9.856547052972019</ele>
        <time>2026-07-24T10:26:25Z</time>
      </trkpt>
      <trkpt lat="32.05319273770441" lon="118.80396289698223">
        <ele>11.521181757561862</ele>
        <time>2026-07-24T10:26:25Z</time>
      </trkpt>
      <trkpt lat="32.052993569526976" lon="118.80389177494509">
        <ele>12.98499935399741</ele>
        <time>2026-07-24T10:26:25Z</time>
      </trkpt>
      <trkpt lat="32.052848402992346" lon="118.80381463617998">
        <ele>13.550448114983737</ele>
        <time>2026-07-24T10:26:25Z</time>
      </trkpt>
      <trkpt lat="32.05258220259786" lon="118.80373350074223">
        <ele>6.35289257299155</ele>
        <time>2026-07-24T10:26:25Z</time>
      </trkpt>
      <trkpt lat="32.052256008042335" lon="118.803663392621">
        <ele>8.538054163567722</ele>
        <time>2026-07-24T10:26:25Z</time>
      </trkpt>
      <trkpt lat="32.052125970344484" lon="118.8036583947102">
        <ele>12.83967464696616</ele>
        <time>2026-07-24T10:26:25Z</time>
      </trkpt>
      <trkpt lat="32.05204801908612" lon="118.80369647682753">
        <ele>15.006338770501316</ele>
        <time>2026-07-24T10:26:25Z</time>
      </trkpt>
      <trkpt lat="32.051946217534585" lon="118.80382373685993">
        <ele>12.461828882806003</ele>
        <time>2026-07-24T10:26:25Z</time>
      </trkpt>
      <trkpt lat="32.05190649460562" lon="118.80398806461329">
        <ele>13.143538172356784</ele>
        <time>2026-07-24T10:26:25Z</time>
      </trkpt>
      <trkpt lat="32.05190165758899" lon="118.80408225102312">
        <ele>13.500242884270847</ele>
        <time>2026-07-24T10:26:25Z</time>
      </trkpt>
      <trkpt lat="32.05192982980955" lon="118.8041774365246">
        <ele>13.624430353753269</ele>
        <time>2026-07-24T10:26:25Z</time>
      </trkpt>
      <trkpt lat="32.05204112564797" lon="118.80433273349647">
        <ele>12.461828882806003</ele>
        <time>2026-07-24T10:26:25Z</time>
      </trkpt>
      <trkpt lat="32.0521052221889" lon="118.80437982083416">
        <ele>11.761625940911472</ele>
        <time>2026-07-24T10:26:25Z</time>
      </trkpt>
      <trkpt lat="32.052438380503226" lon="118.80442788547009">
        <ele>12.963862116448581</ele>
        <time>2026-07-24T10:26:25Z</time>
      </trkpt>
      <trkpt lat="32.05269758715911" lon="118.80451303041194">
        <ele>12.556952173821628</ele>
        <time>2026-07-24T10:26:25Z</time>
      </trkpt>
      <trkpt lat="32.05283774282762" lon="118.80458415858575">
        <ele>10.852686579339206</ele>
        <time>2026-07-24T10:26:25Z</time>
      </trkpt>
      <trkpt lat="32.053024868685476" lon="118.80463223679679">
        <ele>10.92402523290366</ele>
        <time>2026-07-24T10:26:25Z</time>
      </trkpt>
      <trkpt lat="32.053086882500594" lon="118.8046322310989">
        <ele>12.83967464696616</ele>
        <time>2026-07-24T10:26:25Z</time>
      </trkpt>
      <trkpt lat="32.05320385244236" lon="118.8046001567444">
        <ele>12.504107172600925</ele>
        <time>2026-07-24T10:26:25Z</time>
      </trkpt>
      <trkpt lat="32.053295792281524" lon="118.80455405688988">
        <ele>13.45796840917319</ele>
        <time>2026-07-24T10:26:25Z</time>
      </trkpt>
      <trkpt lat="32.05335966283301" lon="118.80447188816201">
        <ele>13.006140406243503</ele>
        <time>2026-07-24T10:26:25Z</time>
      </trkpt>
      <trkpt lat="32.053411352300174" lon="118.804287518364">
        <ele>13.17524593602866</ele>
        <time>2026-07-24T10:26:25Z</time>
      </trkpt>
      <trkpt lat="32.05341225283435" lon="118.80423040530617">
        <ele>13.080122645013034</ele>
        <time>2026-07-24T10:26:25Z</time>
      </trkpt>
      <trkpt lat="32.05337203420529" lon="118.80411017133179">
        <ele>13.101259882561862</ele>
        <time>2026-07-24T10:26:25Z</time>
      </trkpt>
      <trkpt lat="32.05328077650142" lon="118.80397391064211">
        <ele>12.493536646477878</ele>
        <time>2026-07-24T10:26:25Z</time>
      </trkpt>
      <trkpt lat="32.05320766603756" lon="118.80391981060585">
        <ele>12.691706354729831</ele>
        <time>2026-07-24T10:26:25Z</time>
      </trkpt>
      <trkpt lat="32.05289846293327" lon="118.80384268687934">
        <ele>12.26365917455405</ele>
        <time>2026-07-24T10:26:25Z</time>
      </trkpt>
      <trkpt lat="32.05276636903297" lon="118.8038056259465">
        <ele>13.101259882561862</ele>
        <time>2026-07-24T10:26:25Z</time>
      </trkpt>
      <trkpt lat="32.05243117067124" lon="118.8037345165951">
        <ele>13.341707880608737</ele>
        <time>2026-07-24T10:26:25Z</time>
      </trkpt>
      <trkpt lat="32.05224401928929" lon="118.80367140950119">
        <ele>12.807966883294284</ele>
        <time>2026-07-24T10:26:25Z</time>
      </trkpt>
      <trkpt lat="32.052181998498874" lon="118.80366740731141">
        <ele>10.506548578850925</ele>
        <time>2026-07-24T10:26:25Z</time>
      </trkpt>
      <trkpt lat="32.05201423793363" lon="118.80382673653403">
        <ele>13.949431116692722</ele>
        <time>2026-07-24T10:26:25Z</time>
      </trkpt>
      <trkpt lat="32.05192846810548" lon="118.80397002700025">
        <ele>2.690703089348972</ele>
        <time>2026-07-24T10:26:25Z</time>
      </trkpt>
      <trkpt lat="32.05191468144748" lon="118.80409427357702">
        <ele>13.206949885003269</ele>
        <time>2026-07-24T10:26:25Z</time>
      </trkpt>
      <trkpt lat="32.05196585881571" lon="118.80418945698322">
        <ele>13.164675409905612</ele>
        <time>2026-07-24T10:26:25Z</time>
      </trkpt>
      <trkpt lat="32.052145224109076" lon="118.80437580922306">
        <ele>11.698214228264987</ele>
        <time>2026-07-24T10:26:25Z</time>
      </trkpt>
      <trkpt lat="32.052448440533766" lon="118.80446095004991">
        <ele>12.609797175042331</ele>
        <time>2026-07-24T10:26:25Z</time>
      </trkpt>
      <trkpt lat="32.05264358563644" lon="118.80451904729044">
        <ele>13.299429590813816</ele>
        <time>2026-07-24T10:26:25Z</time>
      </trkpt>
      <trkpt lat="32.05295484080778" lon="118.80462522931559">
        <ele>15.812231714837253</ele>
        <time>2026-07-24T10:26:25Z</time>
      </trkpt>
      <trkpt lat="32.053103907339356" lon="118.80464425339149">
        <ele>6.603907282464206</ele>
        <time>2026-07-24T10:26:25Z</time>
      </trkpt>
      <trkpt lat="32.053171896176636" lon="118.80462921732388">
        <ele>12.683779413811862</ele>
        <time>2026-07-24T10:26:25Z</time>
      </trkpt>
      <trkpt lat="32.053309767352815" lon="118.80453802382">
        <ele>13.582155878655612</ele>
        <time>2026-07-24T10:26:25Z</time>
      </trkpt>
      <trkpt lat="32.05336865607827" lon="118.8044668774087">
        <ele>13.299429590813816</ele>
        <time>2026-07-24T10:26:25Z</time>
      </trkpt>
      <trkpt lat="32.05341539867838" lon="118.8043135695421">
        <ele>13.310000116936862</ele>
        <time>2026-07-24T10:26:25Z</time>
      </trkpt>
      <trkpt lat="32.05341122988209" lon="118.80421737964129">
        <ele>13.246584589593112</ele>
        <time>2026-07-24T10:26:25Z</time>
      </trkpt>
      <trkpt lat="32.053257741717246" lon="118.80395687914574">
        <ele>13.299429590813816</ele>
        <time>2026-07-24T10:26:25Z</time>
      </trkpt>
      <trkpt lat="32.05319065004198" lon="118.8039127983345">
        <ele>16.116095240227878</ele>
        <time>2026-07-24T10:26:25Z</time>
      </trkpt>
      <trkpt lat="32.052993698598314" lon="118.80396592120456">
        <ele>12.860811884514987</ele>
        <time>2026-07-24T10:26:25Z</time>
      </trkpt>
      <trkpt lat="32.05297854874832" lon="118.80388175656596">
        <ele>13.645567591302097</ele>
        <time>2026-07-24T10:26:25Z</time>
      </trkpt>
      <trkpt lat="32.052902467310695" lon="118.80384469046183">
        <ele>12.829107935540378</ele>
        <time>2026-07-24T10:26:25Z</time>
      </trkpt>
      <trkpt lat="32.05259827060605" lon="118.80377057229317">
        <ele>13.81203335057944</ele>
        <time>2026-07-24T10:26:25Z</time>
      </trkpt>
      <trkpt lat="32.052298986308344" lon="118.80364535317376">
        <ele>14.586218531243503</ele>
        <time>2026-07-24T10:26:25Z</time>
      </trkpt>
      <trkpt lat="32.052173939288615" lon="118.80363434297504">
        <ele>14.377478296868503</ele>
        <time>2026-07-24T10:26:25Z</time>
      </trkpt>
      <trkpt lat="32.05204906457603" lon="118.80372252802945">
        <ele>4.783381159417331</ele>
        <time>2026-07-24T10:26:25Z</time>
      </trkpt>
      <trkpt lat="32.05199715224858" lon="118.80377964530025">
        <ele>14.05247753392905</ele>
        <time>2026-07-24T10:26:25Z</time>
      </trkpt>
      <trkpt lat="32.05192856409122" lon="118.80402513576723">
        <ele>14.063048060052097</ele>
        <time>2026-07-24T10:26:25Z</time>
      </trkpt>
      <trkpt lat="32.05193069724374" lon="118.80410128596101">
        <ele>13.843741114251316</ele>
        <time>2026-07-24T10:26:25Z</time>
      </trkpt>
      <trkpt lat="32.052006060098655" lon="118.80429967128237">
        <ele>12.504107172600925</ele>
        <time>2026-07-24T10:26:25Z</time>
      </trkpt>
      <trkpt lat="32.052077212441624" lon="118.80437781943995">
        <ele>12.860811884514987</ele>
        <time>2026-07-24T10:26:25Z</time>
      </trkpt>
      <trkpt lat="32.052152278194" lon="118.80440586809826">
        <ele>11.574026758782566</ele>
        <time>2026-07-24T10:26:25Z</time>
      </trkpt>
      <trkpt lat="32.052290314226525" lon="118.80440886136827">
        <ele>13.267725641839206</ele>
        <time>2026-07-24T10:26:25Z</time>
      </trkpt>
      <trkpt lat="32.05260256948583" lon="118.80451504311452">
        <ele>14.660200770013034</ele>
        <time>2026-07-24T10:26:25Z</time>
      </trkpt>
      <trkpt lat="32.05287180827822" lon="118.8046172210423">
        <ele>12.963862116448581</ele>
        <time>2026-07-24T10:26:25Z</time>
      </trkpt>
      <trkpt lat="32.0530259162757" lon="118.80465929038161">
        <ele>13.529307062737644</ele>
        <time>2026-07-24T10:26:25Z</time>
      </trkpt>
      <trkpt lat="32.05321984723851" lon="118.80459514533761">
        <ele>13.550448114983737</ele>
        <time>2026-07-24T10:26:25Z</time>
      </trkpt>
      <trkpt lat="32.05335461967719" lon="118.80444784097962">
        <ele>12.578089411370456</ele>
        <time>2026-07-24T10:26:25Z</time>
      </trkpt>
      <trkpt lat="32.05337949566703" lon="118.80437369184403">
        <ele>13.069552118889987</ele>
        <time>2026-07-24T10:26:25Z</time>
      </trkpt>
      <trkpt lat="32.05338622431369" lon="118.80421738193907">
        <ele>12.26365917455405</ele>
        <time>2026-07-24T10:26:25Z</time>
      </trkpt>
      <trkpt lat="32.05327579283685" lon="118.80398393087475">
        <ele>13.479105646722019</ele>
        <time>2026-07-24T10:26:25Z</time>
      </trkpt>
      <trkpt lat="32.05315266773704" lon="118.80392783147246">
        <ele>12.139471705071628</ele>
        <time>2026-07-24T10:26:25Z</time>
      </trkpt>
      <trkpt lat="32.053056658556756" lon="118.80393485413207">
        <ele>11.362642939202487</ele>
        <time>2026-07-24T10:26:25Z</time>
      </trkpt>
      <trkpt lat="32.05277336536605" lon="118.80380261937982">
        <ele>12.150042231194675</ele>
        <time>2026-07-24T10:26:25Z</time>
      </trkpt>
      <trkpt lat="32.05244413178074" lon="118.8037104680466">
        <ele>12.786829645745456</ele>
        <time>2026-07-24T10:26:25Z</time>
      </trkpt>
      <trkpt lat="32.05225998283071" lon="118.80364836267401">
        <ele>13.12239712011069</ele>
        <time>2026-07-24T10:26:25Z</time>
      </trkpt>
      <trkpt lat="32.052199976409106" lon="118.80365237607657">
        <ele>13.12239712011069</ele>
        <time>2026-07-24T10:26:25Z</time>
      </trkpt>
      <trkpt lat="32.05205506939701" lon="118.80372453142412">
        <ele>13.479105646722019</ele>
        <time>2026-07-24T10:26:25Z</time>
      </trkpt>
      <trkpt lat="32.05195627379603" lon="118.8038547971653">
        <ele>8.590899164788425</ele>
        <time>2026-07-24T10:26:25Z</time>
      </trkpt>
      <trkpt lat="32.0519255197866" lon="118.8040000865973">
        <ele>12.599226648919284</ele>
        <time>2026-07-24T10:26:25Z</time>
      </trkpt>
      <trkpt lat="32.05191970002958" lon="118.80410429290988">
        <ele>12.892519648186862</ele>
        <time>2026-07-24T10:26:25Z</time>
      </trkpt>
      <trkpt lat="32.0519620135459" lon="118.80427863369759">
        <ele>12.673212702386081</ele>
        <time>2026-07-24T10:26:25Z</time>
      </trkpt>
      <trkpt lat="32.052004117393615" lon="118.80433273689691">
        <ele>13.18581264745444</ele>
        <time>2026-07-24T10:26:25Z</time>
      </trkpt>
      <trkpt lat="32.05211121652491" lon="118.80437581234777">
        <ele>12.588659937493503</ele>
        <time>2026-07-24T10:26:25Z</time>
      </trkpt>
      <trkpt lat="32.05241736531293" lon="118.80442187549305">
        <ele>13.12239712011069</ele>
        <time>2026-07-24T10:26:25Z</time>
      </trkpt>
      <trkpt lat="32.052723628007634" lon="118.80453306774393">
        <ele>11.227888758294284</ele>
        <time>2026-07-24T10:26:25Z</time>
      </trkpt>
      <trkpt lat="32.05286174817669" lon="118.8045841563801">
        <ele>11.835611994378269</ele>
        <time>2026-07-24T10:26:25Z</time>
      </trkpt>
      <trkpt lat="32.05306785371016" lon="118.80461820501719">
        <ele>11.677073176018894</ele>
        <time>2026-07-24T10:26:25Z</time>
      </trkpt>
      <trkpt lat="32.05316785669824" lon="118.80460717396444">
        <ele>11.719351465813816</ele>
        <time>2026-07-24T10:26:25Z</time>
      </trkpt>
      <trkpt lat="32.053189752890184" lon="118.80454504875313">
        <ele>12.05491894017905</ele>
        <time>2026-07-24T10:26:25Z</time>
      </trkpt>
      <trkpt lat="32.05328668161314" lon="118.80449193457976">
        <ele>12.337641413323581</ele>
        <time>2026-07-24T10:26:25Z</time>
      </trkpt>
      <trkpt lat="32.053350555738255" lon="118.80441176990163">
        <ele>12.755121882073581</ele>
        <time>2026-07-24T10:26:25Z</time>
      </trkpt>
      <trkpt lat="32.05336534730226" lon="118.80429052853887">
        <ele>12.26365917455405</ele>
        <time>2026-07-24T10:26:25Z</time>
      </trkpt>
      <trkpt lat="32.053357200371536" lon="118.80420736479344">
        <ele>11.344149286858737</ele>
        <time>2026-07-24T10:26:25Z</time>
      </trkpt>
      <trkpt lat="32.05327282183562" lon="118.80400096476846">
        <ele>13.624430353753269</ele>
        <time>2026-07-24T10:26:25Z</time>
      </trkpt>
      <trkpt lat="32.05321571317072" lon="118.80394586126081">
        <ele>13.991705591790378</ele>
        <time>2026-07-24T10:26:25Z</time>
      </trkpt>
      <trkpt lat="32.052918455190145" lon="118.80383567121596">
        <ele>13.426260645501316</ele>
        <time>2026-07-24T10:26:25Z</time>
      </trkpt>
      <trkpt lat="32.05278828683348" lon="118.80375552522264">
        <ele>13.6984125925228</ele>
        <time>2026-07-24T10:26:25Z</time>
      </trkpt>
      <trkpt lat="32.05259517763593" lon="118.80371746797742">
        <ele>12.723414118401706</ele>
        <time>2026-07-24T10:26:25Z</time>
      </trkpt>
      <trkpt lat="32.052324971226675" lon="118.80363332712369">
        <ele>11.980936701409519</ele>
        <time>2026-07-24T10:26:25Z</time>
      </trkpt>
      <trkpt lat="32.05213291622424" lon="118.80362633097148">
        <ele>11.740488703362644</ele>
        <time>2026-07-24T10:26:25Z</time>
      </trkpt>
      <trkpt lat="32.05206612061163" lon="118.80375258566607">
        <ele>9.48134487401694</ele>
        <time>2026-07-24T10:26:25Z</time>
      </trkpt>
      <trkpt lat="32.051989241070075" lon="118.80383174870599">
        <ele>13.016707117669284</ele>
        <time>2026-07-24T10:26:25Z</time>
      </trkpt>
      <trkpt lat="32.05193845288933" lon="118.80396000631065">
        <ele>13.058985407464206</ele>
        <time>2026-07-24T10:26:25Z</time>
      </trkpt>
      <trkpt lat="32.05192672429999" lon="118.80411731799907">
        <ele>12.578089411370456</ele>
        <time>2026-07-24T10:26:25Z</time>
      </trkpt>
      <trkpt lat="32.05199200099862" lon="118.80426760913784">
        <ele>12.599226648919284</ele>
        <time>2026-07-24T10:26:25Z</time>
      </trkpt>
      <trkpt lat="32.05209620967775" lon="118.80437380975894">
        <ele>12.702276880852878</ele>
        <time>2026-07-24T10:26:25Z</time>
      </trkpt>
      <trkpt lat="32.052208315200126" lon="118.80441989073195">
        <ele>12.316504175774753</ele>
        <time>2026-07-24T10:26:25Z</time>
      </trkpt>
      <trkpt lat="32.052358388934834" lon="118.80444292259237">
        <ele>12.609797175042331</ele>
        <time>2026-07-24T10:26:25Z</time>
      </trkpt>
      <trkpt lat="32.05264265728115" lon="118.80456012882206">
        <ele>12.139471705071628</ele>
        <time>2026-07-24T10:26:25Z</time>
      </trkpt>
      <trkpt lat="32.05291082924804" lon="118.80462423137155">
        <ele>12.461828882806003</ele>
        <time>2026-07-24T10:26:25Z</time>
      </trkpt>
      <trkpt lat="32.05299692209555" lon="118.80466630696479">
        <ele>12.818537409417331</ele>
        <time>2026-07-24T10:26:25Z</time>
      </trkpt>
      <trkpt lat="32.05306094162073" lon="118.80466930704826">
        <ele>12.461828882806003</ele>
        <time>2026-07-24T10:26:25Z</time>
      </trkpt>
      <trkpt lat="32.05319489077638" lon="118.80462320328381">
        <ele>12.556952173821628</ele>
        <time>2026-07-24T10:26:25Z</time>
      </trkpt>
      <trkpt lat="32.053312748740616" lon="118.80452700169567">
        <ele>12.461828882806003</ele>
        <time>2026-07-24T10:26:25Z</time>
      </trkpt>
      <trkpt lat="32.053373534596794" lon="118.80439673802489">
        <ele>12.786829645745456</ele>
        <time>2026-07-24T10:26:25Z</time>
      </trkpt>
      <trkpt lat="32.05338821601769" lon="118.80421237184952">
        <ele>12.860811884514987</ele>
        <time>2026-07-24T10:26:25Z</time>
      </trkpt>
      <trkpt lat="32.05336403417015" lon="118.80411117404655">
        <ele>13.613859827630222</ele>
        <time>2026-07-24T10:26:25Z</time>
      </trkpt>
      <trkpt lat="32.053263709908876" lon="118.80393784103526">
        <ele>12.683779413811862</ele>
        <time>2026-07-24T10:26:25Z</time>
      </trkpt>
      <trkpt lat="32.05319962065784" lon="118.80389476193794">
        <ele>13.32057064305991</ele>
        <time>2026-07-24T10:26:25Z</time>
      </trkpt>
      <trkpt lat="32.05289440801688" lon="118.80381162602805">
        <ele>11.938658411614597</ele>
        <time>2026-07-24T10:26:25Z</time>
      </trkpt>
      <trkpt lat="32.052715298430584" lon="118.80377156351268">
        <ele>12.913660700432956</ele>
        <time>2026-07-24T10:26:25Z</time>
      </trkpt>
      <trkpt lat="32.05258516844199" lon="118.80371346100479">
        <ele>12.578089411370456</ele>
        <time>2026-07-24T10:26:25Z</time>
      </trkpt>
      <trkpt lat="32.05236008519439" lon="118.80369444420401">
        <ele>12.097197229973972</ele>
        <time>2026-07-24T10:26:25Z</time>
      </trkpt>
      <trkpt lat="32.05221298104888" lon="118.80365337685353">
        <ele>11.616301233880222</ele>
        <time>2026-07-24T10:26:25Z</time>
      </trkpt>
      <trkpt lat="32.05216199055701" lon="118.8036654052055">
        <ele>13.624430353753269</ele>
        <time>2026-07-24T10:26:25Z</time>
      </trkpt>
      <trkpt lat="32.05208310524659" lon="118.8037415623954">
        <ele>11.312441523186862</ele>
        <time>2026-07-24T10:26:25Z</time>
      </trkpt>
      <trkpt lat="32.05197940795933" lon="118.80392894126418">
        <ele>12.90309017430991</ele>
        <time>2026-07-24T10:26:25Z</time>
      </trkpt>
      <trkpt lat="32.05194070122156" lon="118.8041022870212">
        <ele>13.790892298333347</ele>
        <time>2026-07-24T10:26:25Z</time>
      </trkpt>
      <trkpt lat="32.05201001550888" lon="118.80427361937564">
        <ele>13.769755060784519</ele>
        <time>2026-07-24T10:26:25Z</time>
      </trkpt>
      <trkpt lat="32.05210316748005" lon="118.80434875952872">
        <ele>12.723414118401706</ele>
        <time>2026-07-24T10:26:25Z</time>
      </trkpt>
      <trkpt lat="32.052440414226524" lon="118.80444692299562">
        <ele>13.027277643792331</ele>
        <time>2026-07-24T10:26:25Z</time>
      </trkpt>
      <trkpt lat="32.0526435488353" lon="118.80449800558779">
        <ele>13.981138880364597</ele>
        <time>2026-07-24T10:26:25Z</time>
      </trkpt>
      <trkpt lat="32.05274364473558" lon="118.80454007980991">
        <ele>12.451262171380222</ele>
        <time>2026-07-24T10:26:25Z</time>
      </trkpt>
      <trkpt lat="32.05279466311503" lon="118.80454408306841">
        <ele>11.698214228264987</ele>
        <time>2026-07-24T10:26:25Z</time>
      </trkpt>
      <trkpt lat="32.05283697895075" lon="118.80462710561812">
        <ele>8.873621637932956</ele>
        <time>2026-07-24T10:26:25Z</time>
      </trkpt>
      <trkpt lat="32.052885841559075" lon="118.80465359154068">
        <ele>13.278292353264987</ele>
        <time>2026-07-24T10:26:25Z</time>
      </trkpt>
      <trkpt lat="32.05294586636808" lon="118.80462473787705">
        <ele>14.063048060052097</ele>
        <time>2026-07-24T10:26:25Z</time>
      </trkpt>
      <trkpt lat="32.05316582643986" lon="118.80459014036441">
        <ele>14.409186060540378</ele>
        <time>2026-07-24T10:26:25Z</time>
      </trkpt>
      <trkpt lat="32.053314728154824" lon="118.80451497767923">
        <ele>13.53987758886069</ele>
        <time>2026-07-24T10:26:25Z</time>
      </trkpt>
      <trkpt lat="32.05337161996071" lon="118.80444583544747">
        <ele>13.864878351800144</ele>
        <time>2026-07-24T10:26:25Z</time>
      </trkpt>
      <trkpt lat="32.053399375868864" lon="118.80430254920351">
        <ele>14.023413355462253</ele>
        <time>2026-07-24T10:26:25Z</time>
      </trkpt>
      <trkpt lat="32.053389151564495" lon="118.8041752984678">
        <ele>12.620367701165378</ele>
        <time>2026-07-24T10:26:25Z</time>
      </trkpt>
      <trkpt lat="32.05336599094958" lon="118.80408612438121">
        <ele>14.932356531731784</ele>
        <time>2026-07-24T10:26:25Z</time>
      </trkpt>
      <trkpt lat="32.053244684745174" lon="118.80392581906325">
        <ele>13.938860590569675</ele>
        <time>2026-07-24T10:26:25Z</time>
      </trkpt>
      <trkpt lat="32.05312256863098" lon="118.80387472950036">
        <ele>13.708983118645847</ele>
        <time>2026-07-24T10:26:25Z</time>
      </trkpt>
      <trkpt lat="32.05296755850207" lon="118.80388877140737">
        <ele>14.002276117913425</ele>
        <time>2026-07-24T10:26:25Z</time>
      </trkpt>
      <trkpt lat="32.05262827032668" lon="118.80376656164032">
        <ele>12.210814173333347</ele>
        <time>2026-07-24T10:26:25Z</time>
      </trkpt>
      <trkpt lat="32.05248513395876" lon="118.80370645638664">
        <ele>14.430323298089206</ele>
        <time>2026-07-24T10:26:25Z</time>
      </trkpt>
      <trkpt lat="32.05222396262082" lon="118.80364135218069">
        <ele>10.8289057565853</ele>
        <time>2026-07-24T10:26:25Z</time>
      </trkpt>
      <trkpt lat="32.05204413660475" lon="118.80376461137207">
        <ele>7.713663752190769</ele>
        <time>2026-07-24T10:26:25Z</time>
      </trkpt>
      <trkpt lat="32.05194935592161" lon="118.80390289263917">
        <ele>13.740690882317722</ele>
        <time>2026-07-24T10:26:25Z</time>
      </trkpt>
      <trkpt lat="32.05193066056662" lon="118.80408024439988">
        <ele>14.002276117913425</ele>
        <time>2026-07-24T10:26:25Z</time>
      </trkpt>
      <trkpt lat="32.05199399794676" lon="118.80426560499012">
        <ele>12.860811884514987</ele>
        <time>2026-07-24T10:26:25Z</time>
      </trkpt>
      <trkpt lat="32.052043106845375" lon="118.80432171150045">
        <ele>12.652075464837253</ele>
        <time>2026-07-24T10:26:25Z</time>
      </trkpt>
      <trkpt lat="32.052236305685064" lon="118.80441087029955">
        <ele>14.1158930612728</ele>
        <time>2026-07-24T10:26:25Z</time>
      </trkpt>
      <trkpt lat="32.05255153708616" lon="118.80450302397138">
        <ele>12.210814173333347</ele>
        <time>2026-07-24T10:26:25Z</time>
      </trkpt>
      <trkpt lat="32.05286072515962" lon="118.80457113064175">
        <ele>14.189879114739597</ele>
        <time>2026-07-24T10:26:25Z</time>
      </trkpt>
      <trkpt lat="32.05298485977197" lon="118.80463224047284">
        <ele>13.624430353753269</ele>
        <time>2026-07-24T10:26:25Z</time>
      </trkpt>
      <trkpt lat="32.053064903912535" lon="118.80464726293971">
        <ele>12.829107935540378</ele>
        <time>2026-07-24T10:26:25Z</time>
      </trkpt>
      <trkpt lat="32.053237840726936" lon="118.80458913176027">
        <ele>14.48316829930991</ele>
        <time>2026-07-24T10:26:25Z</time>
      </trkpt>
      <trkpt lat="32.05330378705144" lon="118.80455004820847">
        <ele>14.031340296380222</ele>
        <time>2026-07-24T10:26:25Z</time>
      </trkpt>
      <trkpt lat="32.05338762002147" lon="118.80444383000727">
        <ele>11.928091700188816</ele>
        <time>2026-07-24T10:26:25Z</time>
      </trkpt>
      <trkpt lat="32.05340044608448" lon="118.8043426284269">
        <ele>13.645567591302097</ele>
        <time>2026-07-24T10:26:25Z</time>
      </trkpt>
      <trkpt lat="32.05338828770836" lon="118.80425345308845">
        <ele>14.575648005120456</ele>
        <time>2026-07-24T10:26:25Z</time>
      </trkpt>
      <trkpt lat="32.05330789770781" lon="118.80404003869289">
        <ele>14.377478296868503</ele>
        <time>2026-07-24T10:26:25Z</time>
      </trkpt>
      <trkpt lat="32.05322973024575" lon="118.80395387578862">
        <ele>12.599226648919284</ele>
        <time>2026-07-24T10:26:25Z</time>
      </trkpt>
      <trkpt lat="32.053159632671765" lon="118.80390678932689">
        <ele>12.807966883294284</ele>
        <time>2026-07-24T10:26:25Z</time>
      </trkpt>
      <trkpt lat="32.05306860542062" lon="118.80390278978693">
        <ele>9.333376581780612</ele>
        <time>2026-07-24T10:26:25Z</time>
      </trkpt>
      <trkpt lat="32.05283840773389" lon="118.80381864499766">
        <ele>10.004515345208347</ele>
        <time>2026-07-24T10:26:25Z</time>
      </trkpt>
      <trkpt lat="32.0525852607402" lon="118.80376656559278">
        <ele>12.924227411858737</ele>
        <time>2026-07-24T10:26:25Z</time>
      </trkpt>
      <trkpt lat="32.05254419760846" lon="118.80373550818166">
        <ele>13.164675409905612</ele>
        <time>2026-07-24T10:26:25Z</time>
      </trkpt>
      <trkpt lat="32.05224802366241" lon="118.80367341307799">
        <ele>12.755121882073581</ele>
        <time>2026-07-24T10:26:25Z</time>
      </trkpt>
      <trkpt lat="32.05214500416965" lon="118.80367542649006">
        <ele>13.101259882561862</ele>
        <time>2026-07-24T10:26:25Z</time>
      </trkpt>
      <trkpt lat="32.052072064483305" lon="118.80371951999629">
        <ele>12.599226648919284</ele>
        <time>2026-07-24T10:26:25Z</time>
      </trkpt>
      <trkpt lat="32.05190655045486" lon="118.80402012789929">
        <ele>11.655935938470066</ele>
        <time>2026-07-24T10:26:25Z</time>
      </trkpt>
      <trkpt lat="32.0518956946747" lon="118.80410429511568">
        <ele>15.080324823968112</ele>
        <time>2026-07-24T10:26:25Z</time>
      </trkpt>
      <trkpt lat="32.05202911247138" lon="118.8043267227015">
        <ele>11.19618099462241</ele>
        <time>2026-07-24T10:26:25Z</time>
      </trkpt>
      <trkpt lat="32.05226536994583" lon="118.80444393312412">
        <ele>14.105326349847019</ele>
        <time>2026-07-24T10:26:25Z</time>
      </trkpt>
      <trkpt lat="32.052452409896134" lon="118.8044429139535">
        <ele>13.9071528268978</ele>
        <time>2026-07-24T10:26:25Z</time>
      </trkpt>
      <trkpt lat="32.05274164779555" lon="118.80454208396644">
        <ele>14.493738825432956</ele>
        <time>2026-07-24T10:26:25Z</time>
      </trkpt>
      <trkpt lat="32.05287082559556" lon="118.8046272410107">
        <ele>14.430323298089206</ele>
        <time>2026-07-24T10:26:25Z</time>
      </trkpt>
      <trkpt lat="32.05298692864048" lon="118.80467131782574">
        <ele>13.959997828118503</ele>
        <time>2026-07-24T10:26:25Z</time>
      </trkpt>
      <trkpt lat="32.05306593922551" lon="118.804667302612">
        <ele>13.687845881097019</ele>
        <time>2026-07-24T10:26:25Z</time>
      </trkpt>
      <trkpt lat="32.0532068916958" lon="118.80462220019332">
        <ele>13.143538172356784</ele>
        <time>2026-07-24T10:26:25Z</time>
      </trkpt>
      <trkpt lat="32.05341666676965" lon="118.80446687299721">
        <ele>12.26365917455405</ele>
        <time>2026-07-24T10:26:25Z</time>
      </trkpt>
      <trkpt lat="32.05343751558783" lon="118.80437769444832">
        <ele>3.1530978037044406</ele>
        <time>2026-07-24T10:26:25Z</time>
      </trkpt>
      <trkpt lat="32.05339106638809" lon="118.80412620125871">
        <ele>12.160612757317722</ele>
        <time>2026-07-24T10:26:25Z</time>
      </trkpt>
      <trkpt lat="32.053251674095804" lon="118.8039188045852">
        <ele>13.582155878655612</ele>
        <time>2026-07-24T10:26:25Z</time>
      </trkpt>
      <trkpt lat="32.05301654675534" lon="118.80387574121919">
        <ele>14.303496058098972</ele>
        <time>2026-07-24T10:26:25Z</time>
      </trkpt>
      <trkpt lat="32.052727323751895" lon="118.80378458807155">
        <ele>13.769755060784519</ele>
        <time>2026-07-24T10:26:25Z</time>
      </trkpt>
      <trkpt lat="32.052426096430544" lon="118.80369243419224">
        <ele>12.012644465081394</ele>
        <time>2026-07-24T10:26:25Z</time>
      </trkpt>
      <trkpt lat="32.05223497899502" lon="118.80364936694382">
        <ele>13.613859827630222</ele>
        <time>2026-07-24T10:26:25Z</time>
      </trkpt>
      <trkpt lat="32.05205908247844" lon="118.80373154486848">
        <ele>13.415690119378269</ele>
        <time>2026-07-24T10:26:25Z</time>
      </trkpt>
      <trkpt lat="32.051931449582895" lon="118.80395900497707">
        <ele>13.11183040868491</ele>
        <time>2026-07-24T10:26:25Z</time>
      </trkpt>
      <trkpt lat="32.05192657935588" lon="118.804034153754">
        <ele>13.843741114251316</ele>
        <time>2026-07-24T10:26:25Z</time>
      </trkpt>
      <trkpt lat="32.05195989768337" lon="118.80421250309513">
        <ele>13.415690119378269</ele>
        <time>2026-07-24T10:26:25Z</time>
      </trkpt>
      <trkpt lat="32.05199701435777" lon="118.80427462255247">
        <ele>14.59678905736655</ele>
        <time>2026-07-24T10:26:25Z</time>
      </trkpt>
      <trkpt lat="32.05211417518444" lon="118.80435176446768">
        <ele>11.740488703362644</ele>
        <time>2026-07-24T10:26:25Z</time>
      </trkpt>
      <trkpt lat="32.052437417060744" lon="118.80444892724107">
        <ele>13.790892298333347</ele>
        <time>2026-07-24T10:26:25Z</time>
      </trkpt>
      <trkpt lat="32.052716666764844" lon="118.80455611407481">
        <ele>13.058985407464206</ele>
        <time>2026-07-24T10:26:25Z</time>
      </trkpt>
      <trkpt lat="32.05297993234475" lon="118.80467432443439">
        <ele>12.924227411858737</ele>
        <time>2026-07-24T10:26:25Z</time>
      </trkpt>
      <trkpt lat="32.05304294989293" lon="118.80467632262166">
        <ele>11.867319758050144</ele>
        <time>2026-07-24T10:26:25Z</time>
      </trkpt>
      <trkpt lat="32.05323082338601" lon="118.80458011452002">
        <ele>26.014055903069675</ele>
        <time>2026-07-24T10:26:25Z</time>
      </trkpt>
      <trkpt lat="32.05332769249848" lon="118.80449293279725">
        <ele>13.164675409905612</ele>
        <time>2026-07-24T10:26:25Z</time>
      </trkpt>
      <trkpt lat="32.05339829693122" lon="118.80425746009654">
        <ele>13.790892298333347</ele>
        <time>2026-07-24T10:26:25Z</time>
      </trkpt>
      <trkpt lat="32.053336877982275" lon="118.80402500635462">
        <ele>14.4514643503353</ele>
        <time>2026-07-24T10:26:25Z</time>
      </trkpt>
      <trkpt lat="32.0532857584227" lon="118.80396288843406">
        <ele>14.063048060052097</ele>
        <time>2026-07-24T10:26:25Z</time>
      </trkpt>
      <trkpt lat="32.05321465713285" lon="118.80391379810472">
        <ele>8.997809107415378</ele>
        <time>2026-07-24T10:26:25Z</time>
      </trkpt>
      <trkpt lat="32.05290049126828" lon="118.8038587182986">
        <ele>14.137030298821628</ele>
        <time>2026-07-24T10:26:25Z</time>
      </trkpt>
      <trkpt lat="32.05257621170872" lon="118.80373951313354">
        <ele>14.073618586175144</ele>
        <time>2026-07-24T10:26:25Z</time>
      </trkpt>
      <trkpt lat="32.052297996526164" lon="118.80365136509667">
        <ele>14.063048060052097</ele>
        <time>2026-07-24T10:26:25Z</time>
      </trkpt>
      <trkpt lat="32.05220595860607" lon="118.80364135383522">
        <ele>12.755121882073581</ele>
        <time>2026-07-24T10:26:25Z</time>
      </trkpt>
      <trkpt lat="32.05212996949646" lon="118.80365739237054">
        <ele>12.945364649407566</ele>
        <time>2026-07-24T10:26:25Z</time>
      </trkpt>
      <trkpt lat="32.05203614701325" lon="118.80377162592407">
        <ele>12.924227411858737</ele>
        <time>2026-07-24T10:26:25Z</time>
      </trkpt>
      <trkpt lat="32.05192941773546" lon="118.80394096957845">
        <ele>14.303496058098972</ele>
        <time>2026-07-24T10:26:25Z</time>
      </trkpt>
      <trkpt lat="32.05190357946139" lon="118.80403716180253">
        <ele>14.105326349847019</ele>
        <time>2026-07-24T10:26:25Z</time>
      </trkpt>
      <trkpt lat="32.051900739462845" lon="118.80412934414424">
        <ele>13.436831171624362</ele>
        <time>2026-07-24T10:26:25Z</time>
      </trkpt>
      <trkpt lat="32.051943881876134" lon="118.8042054906985">
        <ele>12.892519648186862</ele>
        <time>2026-07-24T10:26:25Z</time>
      </trkpt>
      <trkpt lat="32.05214720529975" lon="118.80436478721943">
        <ele>9.0400873972103</ele>
        <time>2026-07-24T10:26:25Z</time>
      </trkpt>
      <trkpt lat="32.0523043085938" lon="118.80440385016061">
        <ele>14.575648005120456</ele>
        <time>2026-07-24T10:26:25Z</time>
      </trkpt>
      <trkpt lat="32.05260856030857" lon="118.80450903064774">
        <ele>14.335203821770847</ele>
        <time>2026-07-24T10:26:25Z</time>
      </trkpt>
      <trkpt lat="32.05289077568285" lon="118.80459617756067">
        <ele>13.508169825188816</ele>
        <time>2026-07-24T10:26:25Z</time>
      </trkpt>
      <trkpt lat="32.05301695989283" lon="118.80468534290829">
        <ele>14.462031061761081</ele>
        <time>2026-07-24T10:26:25Z</time>
      </trkpt>
      <trkpt lat="32.053098955351906" lon="118.80467230952131">
        <ele>12.337641413323581</ele>
        <time>2026-07-24T10:26:25Z</time>
      </trkpt>
      <trkpt lat="32.053245839002045" lon="118.80458712705082">
        <ele>15.016909296624362</ele>
        <time>2026-07-24T10:26:25Z</time>
      </trkpt>
      <trkpt lat="32.0533436873016" lon="118.80448792139892">
        <ele>14.514876062981784</ele>
        <time>2026-07-24T10:26:25Z</time>
      </trkpt>
      <trkpt lat="32.05340250254054" lon="118.80437469171386">
        <ele>14.493738825432956</ele>
        <time>2026-07-24T10:26:25Z</time>
      </trkpt>
      <trkpt lat="32.0534183083816" lon="118.8042614661858">
        <ele>14.787031824700534</ele>
        <time>2026-07-24T10:26:25Z</time>
      </trkpt>
      <trkpt lat="32.053366020641526" lon="118.80410315802753">
        <ele>23.165682489983737</ele>
        <time>2026-07-24T10:26:25Z</time>
      </trkpt>
      <trkpt lat="32.05327981815933" lon="118.80399795819211">
        <ele>11.906954462639987</ele>
        <time>2026-07-24T10:26:25Z</time>
      </trkpt>
      <trkpt lat="32.05321672386048" lon="118.80395187302977">
        <ele>12.90309017430991</ele>
        <time>2026-07-24T10:26:25Z</time>
      </trkpt>
      <trkpt lat="32.05303933297706" lon="118.80392003316827">
        <ele>13.32057064305991</ele>
        <time>2026-07-24T10:26:25Z</time>
      </trkpt>
      <trkpt lat="32.052945892815316" lon="118.80383834392752">
        <ele>12.044352228753269</ele>
        <time>2026-07-24T10:26:25Z</time>
      </trkpt>
      <trkpt lat="32.05294562062669" lon="118.80384530499185">
        <ele>14.05247753392905</ele>
        <time>2026-07-24T10:26:25Z</time>
      </trkpt>
      <trkpt lat="32.05288653173256" lon="118.80388376897369">
        <ele>12.871382410638034</ele>
        <time>2026-07-24T10:26:25Z</time>
      </trkpt>
      <trkpt lat="32.052830453006756" lon="118.80384569905493">
        <ele>14.639063532464206</ele>
        <time>2026-07-24T10:26:25Z</time>
      </trkpt>
      <trkpt lat="32.05247516481042" lon="118.803725494792">
        <ele>13.708983118645847</ele>
        <time>2026-07-24T10:26:25Z</time>
      </trkpt>
      <trkpt lat="32.052285981668966" lon="118.80364435239694">
        <ele>13.708983118645847</ele>
        <time>2026-07-24T10:26:25Z</time>
      </trkpt>
      <trkpt lat="32.05219695137861" lon="118.80363834874743">
        <ele>14.253290827386081</ele>
        <time>2026-07-24T10:26:25Z</time>
      </trkpt>
      <trkpt lat="32.052104029837615" lon="118.80369546970755">
        <ele>14.75532406102866</ele>
        <time>2026-07-24T10:26:25Z</time>
      </trkpt>
      <trkpt lat="32.05202416349834" lon="118.80378264874062">
        <ele>15.267924006097019</ele>
        <time>2026-07-24T10:26:25Z</time>
      </trkpt>
      <trkpt lat="32.05195932676603" lon="118.80388485615417">
        <ele>13.550448114983737</ele>
        <time>2026-07-24T10:26:25Z</time>
      </trkpt>
      <trkpt lat="32.0519125343391" lon="118.80401010756916">
        <ele>15.006338770501316</ele>
        <time>2026-07-24T10:26:25Z</time>
      </trkpt>
      <trkpt lat="32.05192979136218" lon="118.80415539295734">
        <ele>14.105326349847019</ele>
        <time>2026-07-24T10:26:25Z</time>
      </trkpt>
      <trkpt lat="32.05199802157755" lon="118.804278630389">
        <ele>14.536013300530612</ele>
        <time>2026-07-24T10:26:25Z</time>
      </trkpt>
      <trkpt lat="32.052074199518536" lon="118.80437080582986">
        <ele>15.299631769768894</ele>
        <time>2026-07-24T10:26:25Z</time>
      </trkpt>
      <trkpt lat="32.05222130934388" lon="118.80441487961532">
        <ele>14.4514643503353</ele>
        <time>2026-07-24T10:26:25Z</time>
      </trkpt>
      <trkpt lat="32.05237238329947" lon="118.804437911382">
        <ele>13.843741114251316</ele>
        <time>2026-07-24T10:26:25Z</time>
      </trkpt>
      <trkpt lat="32.05263858452179" lon="118.80451904774995">
        <ele>14.023413355462253</ele>
        <time>2026-07-24T10:26:25Z</time>
      </trkpt>
      <trkpt lat="32.05283274522022" lon="118.8045861630194">
        <ele>14.504309351556003</ele>
        <time>2026-07-24T10:26:25Z</time>
      </trkpt>
      <trkpt lat="32.05296693295727" lon="118.8046763296061">
        <ele>14.17930858861655</ele>
        <time>2026-07-24T10:26:25Z</time>
      </trkpt>
      <trkpt lat="32.053050951675544" lon="118.80467632188646">
        <ele>13.479105646722019</ele>
        <time>2026-07-24T10:26:25Z</time>
      </trkpt>
      <trkpt lat="32.05326875646666" lon="118.80453702560176">
        <ele>14.314062769524753</ele>
        <time>2026-07-24T10:26:25Z</time>
      </trkpt>
      <trkpt lat="32.053342592483396" lon="118.80443381429563">
        <ele>14.031340296380222</ele>
        <time>2026-07-24T10:26:25Z</time>
      </trkpt>
      <trkpt lat="32.05337112483581" lon="118.80416227437702">
        <ele>14.253290827386081</ele>
        <time>2026-07-24T10:26:25Z</time>
      </trkpt>
      <trkpt lat="32.053362981549206" lon="118.80408111476187">
        <ele>14.38804882299155</ele>
        <time>2026-07-24T10:26:25Z</time>
      </trkpt>
      <trkpt lat="32.05326068830956" lon="118.80392581759259">
        <ele>13.833170588128269</ele>
        <time>2026-07-24T10:26:25Z</time>
      </trkpt>
      <trkpt lat="32.053178582851245" lon="118.80387572632861">
        <ele>13.582155878655612</ele>
        <time>2026-07-24T10:26:25Z</time>
      </trkpt>
      <trkpt lat="32.05309655935107" lon="118.80387272793907">
        <ele>14.17930858861655</ele>
        <time>2026-07-24T10:26:25Z</time>
      </trkpt>
      <trkpt lat="32.05280935074045" lon="118.803789590405">
        <ele>15.236216242425144</ele>
        <time>2026-07-24T10:26:25Z</time>
      </trkpt>
      <trkpt lat="32.05243309450991" lon="118.80369042960372">
        <ele>14.1158930612728</ele>
        <time>2026-07-24T10:26:25Z</time>
      </trkpt>
      <trkpt lat="32.052243974041836" lon="118.8036453582293">
        <ele>15.112032587639987</ele>
        <time>2026-07-24T10:26:25Z</time>
      </trkpt>
      <trkpt lat="32.052065113422024" lon="118.8037485778639">
        <ele>15.225649530999362</ele>
        <time>2026-07-24T10:26:25Z</time>
      </trkpt>
      <trkpt lat="32.05194846209918" lon="118.80396401329953">
        <ele>11.447195704095066</ele>
        <time>2026-07-24T10:26:25Z</time>
      </trkpt>
      <trkpt lat="32.05191771879816" lon="118.80411531486722">
        <ele>13.479105646722019</ele>
        <time>2026-07-24T10:26:25Z</time>
      </trkpt>
      <trkpt lat="32.051960896158214" lon="118.80421150102215">
        <ele>13.571585352532566</ele>
        <time>2026-07-24T10:26:25Z</time>
      </trkpt>
      <trkpt lat="32.05205312307515" lon="118.80432972644464">
        <ele>13.447397883050144</ele>
        <time>2026-07-24T10:26:25Z</time>
      </trkpt>
      <trkpt lat="32.05211721786332" lon="118.80437581179636">
        <ele>13.76182811986655</ele>
        <time>2026-07-24T10:26:25Z</time>
      </trkpt>
      <trkpt lat="32.052423426200484" lon="118.8044559424223">
        <ele>13.246584589593112</ele>
        <time>2026-07-24T10:26:25Z</time>
      </trkpt>
      <trkpt lat="32.05270859662129" lon="118.80451703734478">
        <ele>11.84617870580405</ele>
        <time>2026-07-24T10:26:25Z</time>
      </trkpt>
      <trkpt lat="32.05293683328833" lon="118.80462322699444">
        <ele>17.717310602776706</ele>
        <time>2026-07-24T10:26:25Z</time>
      </trkpt>
      <trkpt lat="32.05299692735951" lon="118.8046693129299">
        <ele>13.959997828118503</ele>
        <time>2026-07-24T10:26:25Z</time>
      </trkpt>
      <trkpt lat="32.05306293329317" lon="118.80466429692267">
        <ele>13.624430353753269</ele>
        <time>2026-07-24T10:26:25Z</time>
      </trkpt>
      <trkpt lat="32.053124882196805" lon="118.80462721766777">
        <ele>13.225447352044284</ele>
        <time>2026-07-24T10:26:25Z</time>
      </trkpt>
      <trkpt lat="32.053222861936455" lon="118.80460316096026">
        <ele>12.358782465569675</ele>
        <time>2026-07-24T10:26:25Z</time>
      </trkpt>
      <trkpt lat="32.053344580669524" lon="118.80442680021955">
        <ele>14.105326349847019</ele>
        <time>2026-07-24T10:26:25Z</time>
      </trkpt>
      <trkpt lat="32.05337245034868" lon="118.80434864289985">
        <ele>16.25084942113608</ele>
        <time>2026-07-24T10:26:25Z</time>
      </trkpt>
      <trkpt lat="32.053368131157896" lon="118.80416628257406">
        <ele>11.95979946386069</ele>
        <time>2026-07-24T10:26:25Z</time>
      </trkpt>
      <trkpt lat="32.053306838136" lon="118.80400597153188">
        <ele>14.010203058831394</ele>
        <time>2026-07-24T10:26:25Z</time>
      </trkpt>
      <trkpt lat="32.053241722451936" lon="118.80394786282456">
        <ele>13.550448114983737</ele>
        <time>2026-07-24T10:26:25Z</time>
      </trkpt>
      <trkpt lat="32.053041604635894" lon="118.80390579819692">
        <ele>13.981138880364597</ele>
        <time>2026-07-24T10:26:25Z</time>
      </trkpt>
      <trkpt lat="32.052907435310765" lon="118.80382565247844">
        <ele>13.500242884270847</ele>
        <time>2026-07-24T10:26:25Z</time>
      </trkpt>
      <trkpt lat="32.052622241121135" lon="118.80375053061317">
        <ele>14.398615534417331</ele>
        <time>2026-07-24T10:26:25Z</time>
      </trkpt>
      <trkpt lat="32.05234900093926" lon="118.80364735252141">
        <ele>12.337641413323581</ele>
        <time>2026-07-24T10:26:25Z</time>
      </trkpt>
      <trkpt lat="32.05228198251696" lon="118.80364535473639">
        <ele>14.59678905736655</ele>
        <time>2026-07-24T10:26:25Z</time>
      </trkpt>
      <trkpt lat="32.052086098949935" lon="118.80373755422629">
        <ele>14.168738062493503</ele>
        <time>2026-07-24T10:26:25Z</time>
      </trkpt>
      <trkpt lat="32.052043155542705" lon="118.80377563317627">
        <ele>14.073618586175144</ele>
        <time>2026-07-24T10:26:25Z</time>
      </trkpt>
      <trkpt lat="32.051958420716936" lon="118.80393896295973">
        <ele>14.4514643503353</ele>
        <time>2026-07-24T10:26:25Z</time>
      </trkpt>
      <trkpt lat="32.051928569328055" lon="118.80402814170141">
        <ele>13.635000879876316</ele>
        <time>2026-07-24T10:26:25Z</time>
      </trkpt>
      <trkpt lat="32.051923741100445" lon="118.80412733807094">
        <ele>14.409186060540378</ele>
        <time>2026-07-24T10:26:25Z</time>
      </trkpt>
      <trkpt lat="32.051956897014044" lon="118.80421250337083">
        <ele>13.81203335057944</ele>
        <time>2026-07-24T10:26:25Z</time>
      </trkpt>
      <trkpt lat="32.05200600587102" lon="118.80426860983313">
        <ele>13.938860590569675</ele>
        <time>2026-07-24T10:26:25Z</time>
      </trkpt>
      <trkpt lat="32.05217824022292" lon="118.804380816109">
        <ele>13.415690119378269</ele>
        <time>2026-07-24T10:26:25Z</time>
      </trkpt>
      <trkpt lat="32.05248446432742" lon="118.80446996460778">
        <ele>10.4114252878353</ele>
        <time>2026-07-24T10:26:25Z</time>
      </trkpt>
      <trkpt lat="32.05278872664573" lon="118.80458115712787">
        <ele>12.662642176263034</ele>
        <time>2026-07-24T10:26:25Z</time>
      </trkpt>
      <trkpt lat="32.05298193454519" lon="118.80467532623908">
        <ele>12.90309017430991</ele>
        <time>2026-07-24T10:26:25Z</time>
      </trkpt>
      <trkpt lat="32.05310697643713" lon="118.80468333065998">
        <ele>13.196383173577487</ele>
        <time>2026-07-24T10:26:25Z</time>
      </trkpt>
      <trkpt lat="32.05324193457632" lon="118.80464223673307">
        <ele>14.575648005120456</ele>
        <time>2026-07-24T10:26:25Z</time>
      </trkpt>
      <trkpt lat="32.05329886659113" lon="118.80459614006452">
        <ele>14.723616297356784</ele>
        <time>2026-07-24T10:26:25Z</time>
      </trkpt>
      <trkpt lat="32.05338167824514" lon="118.80447789805201">
        <ele>14.356341059319675</ele>
        <time>2026-07-24T10:26:25Z</time>
      </trkpt>
      <trkpt lat="32.053404585277754" lon="118.80442178478258">
        <ele>12.807966883294284</ele>
        <time>2026-07-24T10:26:25Z</time>
      </trkpt>
      <trkpt lat="32.05337911089038" lon="118.80415325581974">
        <ele>14.75532406102866</ele>
        <time>2026-07-24T10:26:25Z</time>
      </trkpt>
      <trkpt lat="32.05332395190628" lon="118.80406909459998">
        <ele>9.61610286962241</ele>
        <time>2026-07-24T10:26:25Z</time>
      </trkpt>
      <trkpt lat="32.05328778504032" lon="118.80397791790773">
        <ele>15.685404474847019</ele>
        <time>2026-07-24T10:26:25Z</time>
      </trkpt>
      <trkpt lat="32.0532206514937" lon="118.8039097896484">
        <ele>12.641504938714206</ele>
        <time>2026-07-24T10:26:25Z</time>
      </trkpt>
      <trkpt lat="32.05304156278705" lon="118.8038817507752">
        <ele>16.19007747899741</ele>
        <time>2026-07-24T10:26:25Z</time>
      </trkpt>
      <trkpt lat="32.05282938830251" lon="118.80380862607913">
        <ele>13.11183040868491</ele>
        <time>2026-07-24T10:26:25Z</time>
      </trkpt>
      <trkpt lat="32.05252815573361" lon="118.80371346624415">
        <ele>13.236017878167331</ele>
        <time>2026-07-24T10:26:25Z</time>
      </trkpt>
      <trkpt lat="32.052374008254496" lon="118.80364835219525">
        <ele>9.248823816888034</ele>
        <time>2026-07-24T10:26:25Z</time>
      </trkpt>
      <trkpt lat="32.05221396735068" lon="118.80364536098686">
        <ele>13.04841488134116</ele>
        <time>2026-07-24T10:26:25Z</time>
      </trkpt>
      <trkpt lat="32.05213699716363" lon="118.80367242130865">
        <ele>14.639063532464206</ele>
        <time>2026-07-24T10:26:25Z</time>
      </trkpt>
      <trkpt lat="32.051956373178456" lon="118.80391190978074">
        <ele>14.4514643503353</ele>
        <time>2026-07-24T10:26:25Z</time>
      </trkpt>
      <trkpt lat="32.051941507649914" lon="118.80399106732878">
        <ele>11.62422817479819</ele>
        <time>2026-07-24T10:26:25Z</time>
      </trkpt>
      <trkpt lat="32.05193981631138" lon="118.8041684177816">
        <ele>14.48316829930991</ele>
        <time>2026-07-24T10:26:25Z</time>
      </trkpt>
      <trkpt lat="32.05197703263585" lon="118.80428765015897">
        <ele>14.649634058587253</ele>
        <time>2026-07-24T10:26:25Z</time>
      </trkpt>
      <trkpt lat="32.052065197510835" lon="118.80437080665699">
        <ele>13.6984125925228</ele>
        <time>2026-07-24T10:26:25Z</time>
      </trkpt>
      <trkpt lat="32.05213826106366" lon="118.80439785351187">
        <ele>14.253290827386081</ele>
        <time>2026-07-24T10:26:25Z</time>
      </trkpt>
      <trkpt lat="32.05227227169267" lon="118.8043868193731">
        <ele>5.4201685739681125</ele>
        <time>2026-07-24T10:26:25Z</time>
      </trkpt>
      <trkpt lat="32.05257448439387" lon="118.80446995633652">
        <ele>14.2427241159603</ele>
        <time>2026-07-24T10:26:25Z</time>
      </trkpt>
      <trkpt lat="32.052860786534" lon="118.80460620019089">
        <ele>14.1158930612728</ele>
        <time>2026-07-24T10:26:25Z</time>
      </trkpt>
      <trkpt lat="32.053017958360776" lon="118.80468434082775">
        <ele>14.62849300634116</ele>
        <time>2026-07-24T10:26:25Z</time>
      </trkpt>
      <trkpt lat="32.053147934686805" lon="118.80465426922866">
        <ele>12.924227411858737</ele>
        <time>2026-07-24T10:26:25Z</time>
      </trkpt>
      <trkpt lat="32.05330675090948" lon="118.80452900621943">
        <ele>14.010203058831394</ele>
        <time>2026-07-24T10:26:25Z</time>
      </trkpt>
      <trkpt lat="32.05335863633301" lon="118.80445685847664">
        <ele>15.048617060296237</ele>
        <time>2026-07-24T10:26:25Z</time>
      </trkpt>
      <trkpt lat="32.05339143182947" lon="118.80433561537204">
        <ele>14.409186060540378</ele>
        <time>2026-07-24T10:26:25Z</time>
      </trkpt>
      <trkpt lat="32.053396292987976" lon="118.80425545631674">
        <ele>12.652075464837253</ele>
        <time>2026-07-24T10:26:25Z</time>
      </trkpt>
      <trkpt lat="32.05333189956238" lon="118.80403803253036">
        <ele>14.62849300634116</ele>
        <time>2026-07-24T10:26:25Z</time>
      </trkpt>
      <trkpt lat="32.05328575493334" lon="118.80396088448">
        <ele>14.38804882299155</ele>
        <time>2026-07-24T10:26:25Z</time>
      </trkpt>
      <trkpt lat="32.0531675943485" lon="118.80388374314512">
        <ele>9.9939448190853</ele>
        <time>2026-07-24T10:26:25Z</time>
      </trkpt>
      <trkpt lat="32.05289536816575" lon="118.80378858052589">
        <ele>13.959997828118503</ele>
        <time>2026-07-24T10:26:25Z</time>
      </trkpt>
      <trkpt lat="32.052609191204276" lon="118.80372347852877">
        <ele>14.765894587151706</ele>
        <time>2026-07-24T10:26:25Z</time>
      </trkpt>
      <trkpt lat="32.052337988045664" lon="118.80364134170193">
        <ele>13.656138117425144</ele>
        <time>2026-07-24T10:26:25Z</time>
      </trkpt>
      <trkpt lat="32.05220994731833" lon="118.80363433966598">
        <ele>13.656138117425144</ele>
        <time>2026-07-24T10:26:25Z</time>
      </trkpt>
      <trkpt lat="32.05207805885718" lon="118.8037155115529">
        <ele>14.787031824700534</ele>
        <time>2026-07-24T10:26:25Z</time>
      </trkpt>
      <trkpt lat="32.05195638713062" lon="118.80391992559069">
        <ele>12.818537409417331</ele>
        <time>2026-07-24T10:26:25Z</time>
      </trkpt>
      <trkpt lat="32.05192153809254" lon="118.80401110871978">
        <ele>12.348211939446628</ele>
        <time>2026-07-24T10:26:25Z</time>
      </trkpt>
      <trkpt lat="32.05192269720551" lon="118.80410228867555">
        <ele>14.4514643503353</ele>
        <time>2026-07-24T10:26:25Z</time>
      </trkpt>
      <trkpt lat="32.0519428466926" lon="118.80418545117439">
        <ele>13.550448114983737</ele>
        <time>2026-07-24T10:26:25Z</time>
      </trkpt>
      <trkpt lat="32.05202306913979" lon="118.80430267566751">
        <ele>12.691706354729831</ele>
        <time>2026-07-24T10:26:25Z</time>
      </trkpt>
      <trkpt lat="32.05211621238859" lon="118.80437280593722">
        <ele>14.126463587395847</ele>
        <time>2026-07-24T10:26:25Z</time>
      </trkpt>
      <trkpt lat="32.05240942483034" lon="118.80445694569396">
        <ele>13.9071528268978</ele>
        <time>2026-07-24T10:26:25Z</time>
      </trkpt>
      <trkpt lat="32.05269860315507" lon="118.8045220481939">
        <ele>12.599226648919284</ele>
        <time>2026-07-24T10:26:25Z</time>
      </trkpt>
      <trkpt lat="32.052915786515484" lon="118.80459918122493">
        <ele>14.1158930612728</ele>
        <time>2026-07-24T10:26:25Z</time>
      </trkpt>
      <trkpt lat="32.05306587255897" lon="118.80462922706546">
        <ele>13.550448114983737</ele>
        <time>2026-07-24T10:26:25Z</time>
      </trkpt>
      <trkpt lat="32.053200851774" lon="118.80460015702012">
        <ele>14.023413355462253</ele>
        <time>2026-07-24T10:26:25Z</time>
      </trkpt>
      <trkpt lat="32.05329973182365" lon="118.80451898700176">
        <ele>12.786829645745456</ele>
        <time>2026-07-24T10:26:25Z</time>
      </trkpt>
      <trkpt lat="32.053375410766286" lon="118.80432559701246">
        <ele>14.82930629979819</ele>
        <time>2026-07-24T10:26:25Z</time>
      </trkpt>
      <trkpt lat="32.05335202800358" lon="118.80410917119062">
        <ele>14.292925531975925</ele>
        <time>2026-07-24T10:26:25Z</time>
      </trkpt>
      <trkpt lat="32.05331185146736" lon="118.80401298491695">
        <ele>13.991705591790378</ele>
        <time>2026-07-24T10:26:25Z</time>
      </trkpt>
      <trkpt lat="32.05324770111156" lon="118.80393483657609">
        <ele>14.17930858861655</ele>
        <time>2026-07-24T10:26:25Z</time>
      </trkpt>
      <trkpt lat="32.05304552009467" lon="118.80385670102001">
        <ele>14.649634058587253</ele>
        <time>2026-07-24T10:26:25Z</time>
      </trkpt>
      <trkpt lat="32.05277440392491" lon="118.80382466272866">
        <ele>14.744753534905612</ele>
        <time>2026-07-24T10:26:25Z</time>
      </trkpt>
      <trkpt lat="32.05272532679035" lon="118.80378659220362">
        <ele>14.189879114739597</ele>
        <time>2026-07-24T10:26:25Z</time>
      </trkpt>
      <trkpt lat="32.05261528310583" lon="118.8037755806001">
        <ele>14.232153589837253</ele>
        <time>2026-07-24T10:26:25Z</time>
      </trkpt>
      <trkpt lat="32.05248414592306" lon="118.80371347028856">
        <ele>13.518740351311862</ele>
        <time>2026-07-24T10:26:25Z</time>
      </trkpt>
      <trkpt lat="32.05243106099225" lon="118.80367139231242">
        <ele>14.525446589104831</ele>
        <time>2026-07-24T10:26:25Z</time>
      </trkpt>
      <trkpt lat="32.05220994383849" lon="118.80363233572281">
        <ele>11.344149286858737</ele>
        <time>2026-07-24T10:26:25Z</time>
      </trkpt>
      <trkpt lat="32.05212999212124" lon="118.80367041800764">
        <ele>14.702479059807956</ele>
        <time>2026-07-24T10:26:25Z</time>
      </trkpt>
      <trkpt lat="32.052008219168464" lon="118.80381671733855">
        <ele>13.97056835424155</ele>
        <time>2026-07-24T10:26:25Z</time>
      </trkpt>
      <trkpt lat="32.05193347620036" lon="118.80397403444935">
        <ele>14.221583063714206</ele>
        <time>2026-07-24T10:26:25Z</time>
      </trkpt>
      <trkpt lat="32.0519316328495" lon="118.80406421264718">
        <ele>13.582155878655612</ele>
        <time>2026-07-24T10:26:25Z</time>
      </trkpt>
      <trkpt lat="32.051956774670515" lon="118.80414236473526">
        <ele>14.440893824212253</ele>
        <time>2026-07-24T10:26:25Z</time>
      </trkpt>
      <trkpt lat="32.052115114157985" lon="118.80431669496934">
        <ele>14.4514643503353</ele>
        <time>2026-07-24T10:26:25Z</time>
      </trkpt>
      <trkpt lat="32.052331379410624" lon="118.80444092110422">
        <ele>14.094755823723972</ele>
        <time>2026-07-24T10:26:25Z</time>
      </trkpt>
      <trkpt lat="32.052462469933594" lon="118.80447597854125">
        <ele>14.504309351556003</ele>
        <time>2026-07-24T10:26:25Z</time>
      </trkpt>
      <trkpt lat="32.052592512934815" lon="118.80448398247697">
        <ele>14.211016352288425</ele>
        <time>2026-07-24T10:26:25Z</time>
      </trkpt>
      <trkpt lat="32.05286771094051" lon="118.8045621121175">
        <ele>14.81873958837241</ele>
        <time>2026-07-24T10:26:25Z</time>
      </trkpt>
      <trkpt lat="32.053058863982855" lon="118.80462521975784">
        <ele>14.440893824212253</ele>
        <time>2026-07-24T10:26:25Z</time>
      </trkpt>
      <trkpt lat="32.053138899349236" lon="118.80463523228353">
        <ele>14.430323298089206</ele>
        <time>2026-07-24T10:26:25Z</time>
      </trkpt>
      <trkpt lat="32.05330266765601" lon="118.80448191325416">
        <ele>14.921786005608737</ele>
        <time>2026-07-24T10:26:25Z</time>
      </trkpt>
      <trkpt lat="32.05336943217926" lon="118.80433862334338">
        <ele>14.1158930612728</ele>
        <time>2026-07-24T10:26:25Z</time>
      </trkpt>
      <trkpt lat="32.05335814116404" lon="118.80417329735609">
        <ele>14.797598536126316</ele>
        <time>2026-07-24T10:26:25Z</time>
      </trkpt>
      <trkpt lat="32.05328184652992" lon="118.80401398965226">
        <ele>14.54658382665366</ele>
        <time>2026-07-24T10:26:25Z</time>
      </trkpt>
      <trkpt lat="32.053215727126805" lon="118.80395387707544">
        <ele>10.736426050774753</ele>
        <time>2026-07-24T10:26:25Z</time>
      </trkpt>
      <trkpt lat="32.05300049612229" lon="118.80384868935445">
        <ele>14.681341822259128</ele>
        <time>2026-07-24T10:26:25Z</time>
      </trkpt>
      <trkpt lat="32.0528624461953" lon="118.80383768031325">
        <ele>14.398615534417331</ele>
        <time>2026-07-24T10:26:25Z</time>
      </trkpt>
      <trkpt lat="32.05266924289094" lon="118.80374551642555">
        <ele>14.681341822259128</ele>
        <time>2026-07-24T10:26:25Z</time>
      </trkpt>
      <trkpt lat="32.05253118600312" lon="118.80373049951038">
        <ele>14.776461298577487</ele>
        <time>2026-07-24T10:26:25Z</time>
      </trkpt>
      <trkpt lat="32.05236803824139" lon="118.80366638824245">
        <ele>13.447397883050144</ele>
        <time>2026-07-24T10:26:25Z</time>
      </trkpt>
      <trkpt lat="32.05228499362688" lon="118.80365136629162">
        <ele>13.592722590081394</ele>
        <time>2026-07-24T10:26:25Z</time>
      </trkpt>
      <trkpt lat="32.052151019432756" lon="118.8036834417173">
        <ele>14.274431879632175</ele>
        <time>2026-07-24T10:26:25Z</time>
      </trkpt>
      <trkpt lat="32.05209006153408" lon="118.80371551044989">
        <ele>13.769755060784519</ele>
        <time>2026-07-24T10:26:25Z</time>
      </trkpt>
      <trkpt lat="32.051944269375575" lon="118.80385379629303">
        <ele>17.027678187005222</ele>
        <time>2026-07-24T10:26:25Z</time>
      </trkpt>
      <trkpt lat="32.05188144715026" lon="118.80396401945758">
        <ele>13.822600062005222</ele>
        <time>2026-07-24T10:26:25Z</time>
      </trkpt>
      <trkpt lat="32.05141071846213" lon="118.8040879238733">
        <ele>13.341707880608737</ele>
        <time>2026-07-24T10:26:25Z</time>
      </trkpt>
      <trkpt lat="32.05144769804522" lon="118.80403240141301">
        <ele>13.154104883782566</ele>
        <time>2026-07-24T10:26:25Z</time>
      </trkpt>
      <trkpt lat="32.05166035596405" lon="118.8039399923259">
        <ele>13.730120356194675</ele>
        <time>2026-07-24T10:26:25Z</time>
      </trkpt>
      <trkpt lat="32.05158111047383" lon="118.80396712886105">
        <ele>13.582155878655612</ele>
        <time>2026-07-24T10:26:25Z</time>
      </trkpt>
      <trkpt lat="32.051804266029414" lon="118.80386984076651">
        <ele>13.6984125925228</ele>
        <time>2026-07-24T10:26:25Z</time>
      </trkpt>
      <trkpt lat="32.05183511784551" lon="118.80378066216446">
        <ele>14.462031061761081</ele>
        <time>2026-07-24T10:26:25Z</time>
      </trkpt>
      <trkpt lat="32.0518880042805" lon="118.80370851520685">
        <ele>13.18581264745444</ele>
        <time>2026-07-24T10:26:25Z</time>
      </trkpt>
      <trkpt lat="32.05188189328661" lon="118.80364539150365">
        <ele>13.991705591790378</ele>
        <time>2026-07-24T10:26:25Z</time>
      </trkpt>
      <trkpt lat="32.051855810935116" lon="118.80360130715168">
        <ele>14.189879114739597</ele>
        <time>2026-07-24T10:26:25Z</time>
      </trkpt>
      <trkpt lat="32.05184567480942" lon="118.80352415635058">
        <ele>14.4514643503353</ele>
        <time>2026-07-24T10:26:25Z</time>
      </trkpt>
      <trkpt lat="32.051902432153824" lon="118.80337686173961">
        <ele>14.514876062981784</ele>
        <time>2026-07-24T10:26:25Z</time>
      </trkpt>
      <trkpt lat="32.05195034739751" lon="118.80332174915269">
        <ele>4.542936976067722</ele>
        <time>2026-07-24T10:26:25Z</time>
      </trkpt>
      <trkpt lat="32.052011312423176" lon="118.80329368849422">
        <ele>14.536013300530612</ele>
        <time>2026-07-24T10:26:25Z</time>
      </trkpt>
      <trkpt lat="32.052038207442344" lon="118.80322956023115">
        <ele>14.158171351067722</ele>
        <time>2026-07-24T10:26:25Z</time>
      </trkpt>
      <trkpt lat="32.05198936130466" lon="118.80332475146676">
        <ele>14.094755823723972</ele>
        <time>2026-07-24T10:26:25Z</time>
      </trkpt>
      <trkpt lat="32.05193742086617" lon="118.80336583688329">
        <ele>14.38804882299155</ele>
        <time>2026-07-24T10:26:25Z</time>
      </trkpt>
      <trkpt lat="32.051756491612124" lon="118.80342997944948">
        <ele>13.769755060784519</ele>
        <time>2026-07-24T10:26:25Z</time>
      </trkpt>
      <trkpt lat="32.0517322412456" lon="118.80386483750699">
        <ele>13.426260645501316</ele>
        <time>2026-07-24T10:26:25Z</time>
      </trkpt>
      <trkpt lat="32.05169885343042" lon="118.8042205429316">
        <ele>14.05247753392905</ele>
        <time>2026-07-24T10:26:25Z</time>
      </trkpt>
      <trkpt lat="32.05166365991697" lon="118.80468646923464">
        <ele>13.97056835424155</ele>
        <time>2026-07-24T10:26:25Z</time>
      </trkpt>
      <trkpt lat="32.051622520911856" lon="118.8051824593893">
        <ele>14.639063532464206</ele>
        <time>2026-07-24T10:26:25Z</time>
      </trkpt>
      <trkpt lat="32.051570918382495" lon="118.80541492773452">
        <ele>13.508169825188816</ele>
        <time>2026-07-24T10:26:25Z</time>
      </trkpt>
      <trkpt lat="32.0515117908266" lon="118.8059169370878">
        <ele>13.143538172356784</ele>
        <time>2026-07-24T10:26:25Z</time>
      </trkpt>
      <trkpt lat="32.051506232747975" lon="118.80616743995051">
        <ele>13.415690119378269</ele>
        <time>2026-07-24T10:26:25Z</time>
      </trkpt>
      <trkpt lat="32.05143055142013" lon="118.80635682728398">
        <ele>13.730120356194675</ele>
        <time>2026-07-24T10:26:25Z</time>
      </trkpt>
      <trkpt lat="32.0512585734467" lon="118.80639091156156">
        <ele>13.164675409905612</ele>
        <time>2026-07-24T10:26:25Z</time>
      </trkpt>
      <trkpt lat="32.05099352315553" lon="118.80639594597561">
        <ele>13.267725641839206</ele>
        <time>2026-07-24T10:26:25Z</time>
      </trkpt>
      <trkpt lat="32.05071740640327" lon="118.80636490889009">
        <ele>13.154104883782566</ele>
        <time>2026-07-24T10:26:25Z</time>
      </trkpt>
      <trkpt lat="32.050402209867165" lon="118.80629379487418">
        <ele>13.288862879388034</ele>
        <time>2026-07-24T10:26:25Z</time>
      </trkpt>
      <trkpt lat="32.05025527294717" lon="118.80634791709356">
        <ele>13.508169825188816</ele>
        <time>2026-07-24T10:26:25Z</time>
      </trkpt>
      <trkpt lat="32.050080445371755" lon="118.80646717289456">
        <ele>13.39455288182944</ele>
        <time>2026-07-24T10:26:25Z</time>
      </trkpt>
      <trkpt lat="32.04976838271757" lon="118.80647120961402">
        <ele>13.154104883782566</ele>
        <time>2026-07-24T10:26:25Z</time>
      </trkpt>
      <trkpt lat="32.04963738365319" lon="118.80648825591055">
        <ele>12.712847406975925</ele>
        <time>2026-07-24T10:26:25Z</time>
      </trkpt>
      <trkpt lat="32.04955931818402" lon="118.80646120865761">
        <ele>14.126463587395847</ele>
        <time>2026-07-24T10:26:25Z</time>
      </trkpt>
      <trkpt lat="32.0493932454804" lon="118.80644118360252">
        <ele>14.366907770745456</ele>
        <time>2026-07-24T10:26:25Z</time>
      </trkpt>
      <trkpt lat="32.049231109674864" lon="118.80638508566653">
        <ele>13.677275354973972</ele>
        <time>2026-07-24T10:26:25Z</time>
      </trkpt>
      <trkpt lat="32.04909109789482" lon="118.80639612068238">
        <ele>13.341707880608737</ele>
        <time>2026-07-24T10:26:25Z</time>
      </trkpt>
      <trkpt lat="32.049054276326785" lon="118.80650133566351">
        <ele>13.656138117425144</ele>
        <time>2026-07-24T10:26:25Z</time>
      </trkpt>
      <trkpt lat="32.049057494115694" lon="118.80662358142445">
        <ele>13.101259882561862</ele>
        <time>2026-07-24T10:26:25Z</time>
      </trkpt>
      <trkpt lat="32.04910161259241" lon="118.8066847004807">
        <ele>15.119959528557956</ele>
        <time>2026-07-24T10:26:25Z</time>
      </trkpt>
      <trkpt lat="32.049125532481895" lon="118.80663660140839">
        <ele>15.75938671361655</ele>
        <time>2026-07-24T10:26:25Z</time>
      </trkpt>
      <trkpt lat="32.04889040688627" lon="118.80659554027667">
        <ele>16.67097347509116</ele>
        <time>2026-07-24T10:26:25Z</time>
      </trkpt>
      <trkpt lat="32.04892726746703" lon="118.80651236950314">
        <ele>16.68154018651694</ele>
        <time>2026-07-24T10:26:25Z</time>
      </trkpt>
      <trkpt lat="32.04900304918454" lon="118.80641022677757">
        <ele>16.19007747899741</ele>
        <time>2026-07-24T10:26:25Z</time>
      </trkpt>
      <trkpt lat="32.048897110121274" lon="118.80641201303871">
        <ele>16.200648005120456</ele>
        <time>2026-07-24T10:26:25Z</time>
      </trkpt>
      <trkpt lat="32.04885042717419" lon="118.80637443056182">
        <ele>14.314062769524753</ele>
        <time>2026-07-24T10:26:25Z</time>
      </trkpt>
      <trkpt lat="32.048846979873744" lon="118.80646649856816">
        <ele>15.791094477288425</ele>
        <time>2026-07-24T10:26:25Z</time>
      </trkpt>
      <trkpt lat="32.04892726746703" lon="118.80651236950314">
        <ele>16.147803003899753</ele>
        <time>2026-07-24T10:26:25Z</time>
      </trkpt>
      <trkpt lat="32.048621250551506" lon="118.80654145607758">
        <ele>17.381746943108737</ele>
        <time>2026-07-24T10:26:25Z</time>
      </trkpt>
      <trkpt lat="32.048629362689155" lon="118.80660358038602">
        <ele>17.45572918187827</ele>
        <time>2026-07-24T10:26:25Z</time>
      </trkpt>
      <trkpt lat="32.04878750133799" lon="118.80666168289997">
        <ele>17.006540949456394</ele>
        <time>2026-07-24T10:26:25Z</time>
      </trkpt>
      <trkpt lat="32.04867741260428" lon="118.80662562036079">
        <ele>16.46223324071616</ele>
        <time>2026-07-24T10:26:25Z</time>
      </trkpt>
      <trkpt lat="32.04876155785542" lon="118.80669675592975">
        <ele>16.126665766350925</ele>
        <time>2026-07-24T10:26:25Z</time>
      </trkpt>
      <trkpt lat="32.04858651866921" lon="118.8066967720023">
        <ele>16.39881771337241</ele>
        <time>2026-07-24T10:26:25Z</time>
      </trkpt>
      <trkpt lat="32.04866458779964" lon="118.80672582338337">
        <ele>16.596987421624362</ele>
        <time>2026-07-24T10:26:25Z</time>
      </trkpt>
      <trkpt lat="32.04863138271959" lon="118.80661460239313">
        <ele>18.607760126702487</ele>
        <time>2026-07-24T10:26:25Z</time>
      </trkpt>
      <trkpt lat="32.048725464305605" lon="118.80664866236033">
        <ele>16.943125422112644</ele>
        <time>2026-07-24T10:26:25Z</time>
      </trkpt>
      <trkpt lat="32.04866552745344" lon="118.80669175465395">
        <ele>17.16243618261069</ele>
        <time>2026-07-24T10:26:25Z</time>
      </trkpt>
      <trkpt lat="32.04871246673701" lon="118.8066516696081">
        <ele>17.236418421380222</ele>
        <time>2026-07-24T10:26:25Z</time>
      </trkpt>
      <trkpt lat="32.048757469689846" lon="118.80664765740342">
        <ele>17.215281183831394</ele>
        <time>2026-07-24T10:26:25Z</time>
      </trkpt>
      <trkpt lat="32.048727548461365" lon="118.80669575703385">
        <ele>17.363245661370456</ele>
        <time>2026-07-24T10:26:25Z</time>
      </trkpt>
      <trkpt lat="32.0486625730987" lon="118.80671780741557">
        <ele>17.45572918187827</ele>
        <time>2026-07-24T10:26:25Z</time>
      </trkpt>
      <trkpt lat="32.048763556521905" lon="118.80669575372748">
        <ele>17.445162470452487</ele>
        <time>2026-07-24T10:26:25Z</time>
      </trkpt>
      <trkpt lat="32.04872847388112" lon="118.8066536721745">
        <ele>17.844141657464206</ele>
        <time>2026-07-24T10:26:25Z</time>
      </trkpt>
      <trkpt lat="32.0487665393811" lon="118.80668573326695">
        <ele>17.9471918893978</ele>
        <time>2026-07-24T10:26:25Z</time>
      </trkpt>
      <trkpt lat="32.048751439856595" lon="118.80663162567002">
        <ele>18.052881891839206</ele>
        <time>2026-07-24T10:26:25Z</time>
      </trkpt>
      <trkpt lat="32.04878833955267" lon="118.80657049922047">
        <ele>18.126864130608737</ele>
        <time>2026-07-24T10:26:25Z</time>
      </trkpt>
      <trkpt lat="32.04877042808657" lon="118.80662260576655">
        <ele>18.14800518285483</ele>
        <time>2026-07-24T10:26:25Z</time>
      </trkpt>
      <trkpt lat="32.04872247788009" lon="118.80665667877958">
        <ele>17.896990473382175</ele>
        <time>2026-07-24T10:26:25Z</time>
      </trkpt>
      <trkpt lat="32.04867746958475" lon="118.80665768493058">
        <ele>17.434588129632175</ele>
        <time>2026-07-24T10:27:29Z</time>
      </trkpt>
      <trkpt lat="32.048734521529305" lon="118.80667972409563">
        <ele>17.47686260472983</ele>
        <time>2026-07-24T10:27:29Z</time>
      </trkpt>
      <trkpt lat="32.0487694492284" lon="118.80663463006988">
        <ele>17.363245661370456</ele>
        <time>2026-07-24T10:27:29Z</time>
      </trkpt>
      <trkpt lat="32.048720448940635" lon="118.80664064667677">
        <ele>17.31040447484702</ele>
        <time>2026-07-24T12:15:35Z</time>
      </trkpt>
      <trkpt lat="32.048720448940635" lon="118.80664064667677">
        <ele>16.909997328184545</ele>
        <time>2026-07-24T12:15:37Z</time>
      </trkpt>
    </trkseg>
  </trk>
</gpx>