<?xml version="1.0" encoding="UTF-8"?>
<gpx xmlns="http://www.topografix.com/GPX/1/1" xmlns:gpxtpx="http://www.garmin.com/xmlschemas/TrackPointExtension/v1" xmlns:xsi="http://www.w3.org/2001/XMLSchema-instance" xsi:schemaLocation="http://www.topografix.com/GPX/1/1 http://www.topografix.com/GPX/1/1/gpx.xsd" version="1.1" creator="gpx.py -- https://github.com/tkrajina/gpxpy">
  <trk>
    <name>gpx from keep</name>
    <type>Run</type>
    <trkseg>
      <trkpt lat="32.05189527413155" lon="118.80386281857444">
        <ele>8.813044117763638</ele>
        <time>2026-08-01T10:31:38Z</time>
      </trkpt>
      <trkpt lat="32.051943365046206" lon="118.80390890504712">
        <ele>-17.90826935879886</ele>
        <time>2026-08-01T10:31:41Z</time>
      </trkpt>
      <trkpt lat="32.05195078032104" lon="118.80414637320659">
        <ele>14.412020253017545</ele>
        <time>2026-08-01T10:31:47Z</time>
      </trkpt>
      <trkpt lat="32.051998969331024" lon="118.80424857084004">
        <ele>15.775438832119107</ele>
        <time>2026-08-01T10:31:50Z</time>
      </trkpt>
      <trkpt lat="32.05207313803654" lon="118.80433573650464">
        <ele>-37.476949168369174</ele>
        <time>2026-08-01T10:31:53Z</time>
      </trkpt>
      <trkpt lat="32.05217325486402" lon="118.80438983442328">
        <ele>9.587229298427701</ele>
        <time>2026-08-01T10:31:56Z</time>
      </trkpt>
      <trkpt lat="32.05247646779939" lon="118.80447297129872">
        <ele>5.856340931728482</ele>
        <time>2026-08-01T10:32:06Z</time>
      </trkpt>
      <trkpt lat="32.05284576740722" lon="118.80459718368348">
        <ele>11.109179066494107</ele>
        <time>2026-08-01T10:32:15Z</time>
      </trkpt>
      <trkpt lat="32.05305089728429" lon="118.80464526025027">
        <ele>9.346781300380826</ele>
        <time>2026-08-01T10:32:21Z</time>
      </trkpt>
      <trkpt lat="32.05317792733542" lon="118.80464625056682">
        <ele>13.511011647060513</ele>
        <time>2026-08-01T10:32:24Z</time>
      </trkpt>
      <trkpt lat="32.05334482598767" lon="118.80456707821348">
        <ele>-0.8074774276465178</ele>
        <time>2026-08-01T10:32:30Z</time>
      </trkpt>
      <trkpt lat="32.053384780153685" lon="118.80430545097497">
        <ele>9.943941639736295</ele>
        <time>2026-08-01T10:32:36Z</time>
      </trkpt>
      <trkpt lat="32.053432348668025" lon="118.80418410735658">
        <ele>9.190889881923795</ele>
        <time>2026-08-01T10:32:39Z</time>
      </trkpt>
      <trkpt lat="32.05339293933809" lon="118.80405305659951">
        <ele>9.064058827236295</ele>
        <time>2026-08-01T10:32:42Z</time>
      </trkpt>
      <trkpt lat="32.0533207557514" lon="118.80395687335502">
        <ele>-2.8182425033301115</ele>
        <time>2026-08-01T10:32:45Z</time>
      </trkpt>
      <trkpt lat="32.05324562044377" lon="118.8038887458545">
        <ele>9.869951771572232</ele>
        <time>2026-08-01T10:32:48Z</time>
      </trkpt>
      <trkpt lat="32.05316355510256" lon="118.80386170005043">
        <ele>9.378489064052701</ele>
        <time>2026-08-01T10:32:51Z</time>
      </trkpt>
      <trkpt lat="32.053098554566574" lon="118.80386972182863">
        <ele>10.279505299404263</ele>
        <time>2026-08-01T10:32:54Z</time>
      </trkpt>
      <trkpt lat="32.052815359046676" lon="118.80379359775037">
        <ele>7.1563363540917635</ele>
        <time>2026-08-01T10:33:06Z</time>
      </trkpt>
      <trkpt lat="32.052475070803396" lon="118.803671388268">
        <ele>9.09576659090817</ele>
        <time>2026-08-01T10:33:18Z</time>
      </trkpt>
      <trkpt lat="32.052323979703445" lon="118.80363833707372">
        <ele>9.57666258700192</ele>
        <time>2026-08-01T10:33:24Z</time>
      </trkpt>
      <trkpt lat="32.052190970921316" lon="118.80365037296009">
        <ele>10.279505299404263</ele>
        <time>2026-08-01T10:33:30Z</time>
      </trkpt>
      <trkpt lat="32.052091002567536" lon="118.80368144328757">
        <ele>9.169748829677701</ele>
        <time>2026-08-01T10:33:33Z</time>
      </trkpt>
      <trkpt lat="32.05197315734674" lon="118.80378565935052">
        <ele>9.869951771572232</ele>
        <time>2026-08-01T10:33:36Z</time>
      </trkpt>
      <trkpt lat="32.05192330827283" lon="118.80387884760893">
        <ele>10.533167408779263</ele>
        <time>2026-08-01T10:33:39Z</time>
      </trkpt>
      <trkpt lat="32.0518974629336" lon="118.80397103182662">
        <ele>9.463045643642545</ele>
        <time>2026-08-01T10:33:42Z</time>
      </trkpt>
      <trkpt lat="32.05189063068633" lon="118.80406822433025">
        <ele>9.840891407802701</ele>
        <time>2026-08-01T10:33:45Z</time>
      </trkpt>
      <trkpt lat="32.051909800879905" lon="118.80416341063722">
        <ele>9.357355641201138</ele>
        <time>2026-08-01T10:33:48Z</time>
      </trkpt>
      <trkpt lat="32.05194192513844" lon="118.80423054041142">
        <ele>7.26996092684567</ele>
        <time>2026-08-01T10:33:51Z</time>
      </trkpt>
      <trkpt lat="32.05203114616784" lon="118.80434576019606">
        <ele>3.581339405849576</ele>
        <time>2026-08-01T10:33:54Z</time>
      </trkpt>
      <trkpt lat="32.052173291633295" lon="118.80441087608943">
        <ele>10.007349537685513</ele>
        <time>2026-08-01T10:34:00Z</time>
      </trkpt>
      <trkpt lat="32.052433505518685" lon="118.80450002885864">
        <ele>8.580523060634732</ele>
        <time>2026-08-01T10:34:12Z</time>
      </trkpt>
      <trkpt lat="32.05266064025701" lon="118.80454810332904">
        <ele>9.922800587490201</ele>
        <time>2026-08-01T10:34:21Z</time>
      </trkpt>
      <trkpt lat="32.052795772046565" lon="118.80460620616446">
        <ele>9.735201405361295</ele>
        <time>2026-08-01T10:34:27Z</time>
      </trkpt>
      <trkpt lat="32.05306294908518" lon="118.80467331481819">
        <ele>9.201456593349576</ele>
        <time>2026-08-01T10:34:36Z</time>
      </trkpt>
      <trkpt lat="32.05325892432953" lon="118.80463421926744">
        <ele>7.7957711685448885</ele>
        <time>2026-08-01T10:34:45Z</time>
      </trkpt>
      <trkpt lat="32.053336824205665" lon="118.80456707894871">
        <ele>10.247797535732388</ele>
        <time>2026-08-01T10:34:48Z</time>
      </trkpt>
      <trkpt lat="32.053416566936924" lon="118.80440975986717">
        <ele>7.103495167568326</ele>
        <time>2026-08-01T10:34:54Z</time>
      </trkpt>
      <trkpt lat="32.05342944029331" lon="118.80433561187951">
        <ele>9.692919300869107</ele>
        <time>2026-08-01T10:34:57Z</time>
      </trkpt>
      <trkpt lat="32.053370943167934" lon="118.80405806851444">
        <ele>10.187029408290982</ele>
        <time>2026-08-01T10:35:06Z</time>
      </trkpt>
      <trkpt lat="32.05325969157514" lon="118.80392782163742">
        <ele>9.64007811434567</ele>
        <time>2026-08-01T10:35:09Z</time>
      </trkpt>
      <trkpt lat="32.05290143745904" lon="118.80382765697952">
        <ele>7.774630116298795</ele>
        <time>2026-08-01T10:35:18Z</time>
      </trkpt>
      <trkpt lat="32.05255614108441" lon="118.80370143999662">
        <ele>8.855318592861295</ele>
        <time>2026-08-01T10:35:27Z</time>
      </trkpt>
      <trkpt lat="32.05236597863011" lon="118.80363232138342">
        <ele>7.86975340731442</ele>
        <time>2026-08-01T10:35:33Z</time>
      </trkpt>
      <trkpt lat="32.05221992867058" lon="118.80362231508884">
        <ele>9.777475880458951</ele>
        <time>2026-08-01T10:35:39Z</time>
      </trkpt>
      <trkpt lat="32.05209898172525" lon="118.80366841691274">
        <ele>9.346781300380826</ele>
        <time>2026-08-01T10:35:42Z</time>
      </trkpt>
      <trkpt lat="32.05201908748626" lon="118.80373956433131">
        <ele>9.526461170986295</ele>
        <time>2026-08-01T10:35:45Z</time>
      </trkpt>
      <trkpt lat="32.051958214983884" lon="118.80382072983285">
        <ele>9.537027882412076</ele>
        <time>2026-08-01T10:35:48Z</time>
      </trkpt>
      <trkpt lat="32.05190253036254" lon="118.80400910651049">
        <ele>10.490892933681607</ele>
        <time>2026-08-01T10:35:54Z</time>
      </trkpt>
      <trkpt lat="32.051901652349834" lon="118.80407924508631">
        <ele>2.722605274990201</ele>
        <time>2026-08-01T10:35:57Z</time>
      </trkpt>
      <trkpt lat="32.05194792647711" lon="118.80423053985999">
        <ele>8.593737171962857</ele>
        <time>2026-08-01T10:36:00Z</time>
      </trkpt>
      <trkpt lat="32.05205316157687" lon="118.80435177007382">
        <ele>9.526461170986295</ele>
        <time>2026-08-01T10:36:06Z</time>
      </trkpt>
      <trkpt lat="32.05219731449783" lon="118.8044208937273">
        <ele>9.904306935146451</ele>
        <time>2026-08-01T10:36:12Z</time>
      </trkpt>
      <trkpt lat="32.052519554485855" lon="118.80451705471431">
        <ele>8.760202931240201</ele>
        <time>2026-08-01T10:36:27Z</time>
      </trkpt>
      <trkpt lat="32.052626662480165" lon="118.80456514022599">
        <ele>8.612230824306607</ele>
        <time>2026-08-01T10:36:33Z</time>
      </trkpt>
      <trkpt lat="32.0529178273" lon="118.80462222675291">
        <ele>8.194750355556607</ele>
        <time>2026-08-01T10:36:45Z</time>
      </trkpt>
      <trkpt lat="32.052984891349105" lon="118.80465027625601">
        <ele>9.251665638759732</ele>
        <time>2026-08-01T10:36:48Z</time>
      </trkpt>
      <trkpt lat="32.053123945130274" lon="118.80466328932839">
        <ele>9.608370350673795</ele>
        <time>2026-08-01T10:36:54Z</time>
      </trkpt>
      <trkpt lat="32.053190931986066" lon="118.80464725136014">
        <ele>9.49475340731442</ele>
        <time>2026-08-01T10:36:57Z</time>
      </trkpt>
      <trkpt lat="32.05329280563825" lon="118.80456207305873">
        <ele>5.647600697353482</ele>
        <time>2026-08-01T10:37:03Z</time>
      </trkpt>
      <trkpt lat="32.05336158095368" lon="118.80442479468807">
        <ele>8.834185170009732</ele>
        <time>2026-08-01T10:37:09Z</time>
      </trkpt>
      <trkpt lat="32.053399382867134" lon="118.80430655713388">
        <ele>9.452478932216763</ele>
        <time>2026-08-01T10:37:12Z</time>
      </trkpt>
      <trkpt lat="32.053395203591215" lon="118.80420435535781">
        <ele>7.74292235262692</ele>
        <time>2026-08-01T10:37:15Z</time>
      </trkpt>
      <trkpt lat="32.05329077698422" lon="118.80397290774575">
        <ele>8.580523060634732</ele>
        <time>2026-08-01T10:37:24Z</time>
      </trkpt>
      <trkpt lat="32.05317860726085" lon="118.80388975398878">
        <ele>10.049631642177701</ele>
        <time>2026-08-01T10:37:30Z</time>
      </trkpt>
      <trkpt lat="32.05289841065087" lon="118.80381262763493">
        <ele>8.813044117763638</ele>
        <time>2026-08-01T10:37:39Z</time>
      </trkpt>
      <trkpt lat="32.05261220406209" lon="118.80373049206501">
        <ele>8.120768116787076</ele>
        <time>2026-08-01T10:37:51Z</time>
      </trkpt>
      <trkpt lat="32.05226591283542" lon="118.80360728129148">
        <ele>10.165888356044888</ele>
        <time>2026-08-01T10:38:06Z</time>
      </trkpt>
      <trkpt lat="32.052119953344096" lon="118.80364937751443">
        <ele>5.750650929287076</ele>
        <time>2026-08-01T10:38:12Z</time>
      </trkpt>
      <trkpt lat="32.052027085788076" lon="118.80373755964933">
        <ele>10.490892933681607</ele>
        <time>2026-08-01T10:38:15Z</time>
      </trkpt>
      <trkpt lat="32.05193628676594" lon="118.8038648187568">
        <ele>9.809183644130826</ele>
        <time>2026-08-01T10:38:18Z</time>
      </trkpt>
      <trkpt lat="32.05190046709263" lon="118.80397303550522">
        <ele>9.64007811434567</ele>
        <time>2026-08-01T10:38:21Z</time>
      </trkpt>
      <trkpt lat="32.05190378905605" lon="118.80415739930726">
        <ele>5.1217904556542635</ele>
        <time>2026-08-01T10:38:24Z</time>
      </trkpt>
      <trkpt lat="32.05194093890395" lon="118.80423855635479">
        <ele>9.336214588955045</ele>
        <time>2026-08-01T10:38:27Z</time>
      </trkpt>
      <trkpt lat="32.05199507514029" lon="118.80430969211896">
        <ele>9.441904591396451</ele>
        <time>2026-08-01T10:38:30Z</time>
      </trkpt>
      <trkpt lat="32.05205917691768" lon="118.80435978538948">
        <ele>2.994761036708951</ele>
        <time>2026-08-01T10:38:33Z</time>
      </trkpt>
      <trkpt lat="32.05213524813864" lon="118.80439083989954">
        <ele>-7.981248332187533</ele>
        <time>2026-08-01T10:38:36Z</time>
      </trkpt>
      <trkpt lat="32.0522702659945" lon="118.80438381360531">
        <ele>5.383371876552701</ele>
        <time>2026-08-01T10:38:42Z</time>
      </trkpt>
      <trkpt lat="32.05251347254541" lon="118.80447096392783">
        <ele>9.922800587490201</ele>
        <time>2026-08-01T10:38:51Z</time>
      </trkpt>
      <trkpt lat="32.05264965358226" lon="118.80455712221884">
        <ele>8.686213063076138</ele>
        <time>2026-08-01T10:38:57Z</time>
      </trkpt>
      <trkpt lat="32.05300688572537" lon="118.8046442623059">
        <ele>9.399630116298795</ele>
        <time>2026-08-01T10:39:10Z</time>
      </trkpt>
      <trkpt lat="32.05319389230764" lon="118.8046242053634">
        <ele>9.30450682528317</ele>
        <time>2026-08-01T10:39:16Z</time>
      </trkpt>
      <trkpt lat="32.053399612185395" lon="118.80443781699573">
        <ele>9.209383534267545</ele>
        <time>2026-08-01T10:39:37Z</time>
      </trkpt>
      <trkpt lat="32.05343549063537" lon="118.80436366686095">
        <ele>5.676668690517545</ele>
        <time>2026-08-01T10:39:40Z</time>
      </trkpt>
      <trkpt lat="32.05343933054917" lon="118.80427148407549">
        <ele>9.264872120693326</ele>
        <time>2026-08-01T10:39:43Z</time>
      </trkpt>
      <trkpt lat="32.05336898463207" lon="118.80408211618936">
        <ele>9.209383534267545</ele>
        <time>2026-08-01T10:39:49Z</time>
      </trkpt>
      <trkpt lat="32.05325171246868" lon="118.80394084806822">
        <ele>8.876459645107388</ele>
        <time>2026-08-01T10:39:55Z</time>
      </trkpt>
      <trkpt lat="32.05296748528237" lon="118.80384668843743">
        <ele>9.618937062099576</ele>
        <time>2026-08-01T10:40:07Z</time>
      </trkpt>
      <trkpt lat="32.052827377402174" lon="118.80380261441627">
        <ele>9.566095875576138</ele>
        <time>2026-08-01T10:40:13Z</time>
      </trkpt>
      <trkpt lat="32.05273536386539" lon="118.8038066307704">
        <ele>9.209383534267545</ele>
        <time>2026-08-01T10:40:19Z</time>
      </trkpt>
      <trkpt lat="32.052575148802354" lon="118.80370344219563">
        <ele>5.0583749283105135</ele>
        <time>2026-08-01T10:40:28Z</time>
      </trkpt>
      <trkpt lat="32.052304935450145" lon="118.80361529347631">
        <ele>8.937235401943326</ele>
        <time>2026-08-01T10:40:37Z</time>
      </trkpt>
      <trkpt lat="32.052074972890615" lon="118.80366641517448">
        <ele>5.676668690517545</ele>
        <time>2026-08-01T10:40:46Z</time>
      </trkpt>
      <trkpt lat="32.05197408092983" lon="118.80374157241424">
        <ele>6.947603749111295</ele>
        <time>2026-08-01T10:40:52Z</time>
      </trkpt>
      <trkpt lat="32.05191133174935" lon="118.80389387834825">
        <ele>9.378489064052701</ele>
        <time>2026-08-01T10:40:58Z</time>
      </trkpt>
      <trkpt lat="32.05189063767128" lon="118.8040722322453">
        <ele>9.201456593349576</ele>
        <time>2026-08-01T10:41:04Z</time>
      </trkpt>
      <trkpt lat="32.05190379429855" lon="118.80416040524788">
        <ele>9.336214588955045</ele>
        <time>2026-08-01T10:41:07Z</time>
      </trkpt>
      <trkpt lat="32.05198906855284" lon="118.80430668672251">
        <ele>7.8908944595605135</ele>
        <time>2026-08-01T10:41:13Z</time>
      </trkpt>
      <trkpt lat="32.052047165489135" lon="118.80435477657527">
        <ele>9.085199879482388</ele>
        <time>2026-08-01T10:41:16Z</time>
      </trkpt>
      <trkpt lat="32.05226528238691" lon="118.80439383390403">
        <ele>8.905527638271451</ele>
        <time>2026-08-01T10:41:25Z</time>
      </trkpt>
      <trkpt lat="32.052587588925704" lon="118.80452807031166">
        <ele>9.473612355068326</ele>
        <time>2026-08-01T10:41:37Z</time>
      </trkpt>
      <trkpt lat="32.0527317051733" lon="118.80457615243147">
        <ele>9.378489064052701</ele>
        <time>2026-08-01T10:41:43Z</time>
      </trkpt>
      <trkpt lat="32.052832734699365" lon="118.8045801510972">
        <ele>8.686213063076138</ele>
        <time>2026-08-01T10:41:46Z</time>
      </trkpt>
      <trkpt lat="32.052993860023385" lon="118.80463123765793">
        <ele>5.919756459072232</ele>
        <time>2026-08-01T10:41:52Z</time>
      </trkpt>
      <trkpt lat="32.05313688487047" lon="118.80462721656495">
        <ele>8.340075062587857</ele>
        <time>2026-08-01T10:41:59Z</time>
      </trkpt>
      <trkpt lat="32.053261800485664" lon="118.80456307789446">
        <ele>8.47748045809567</ele>
        <time>2026-08-01T10:42:05Z</time>
      </trkpt>
      <trkpt lat="32.05339749792578" lon="118.804372688206">
        <ele>8.654505299404263</ele>
        <time>2026-08-01T10:42:14Z</time>
      </trkpt>
      <trkpt lat="32.05340632494821" lon="118.8042724890906">
        <ele>8.131342457607388</ele>
        <time>2026-08-01T10:42:17Z</time>
      </trkpt>
      <trkpt lat="32.05337803728855" lon="118.80411117275976">
        <ele>9.064058827236295</ele>
        <time>2026-08-01T10:42:23Z</time>
      </trkpt>
      <trkpt lat="32.05324968237075" lon="118.80392381465083">
        <ele>8.958368824794888</ele>
        <time>2026-08-01T10:42:32Z</time>
      </trkpt>
      <trkpt lat="32.05316256708278" lon="118.80386871397042">
        <ele>8.633371876552701</ele>
        <time>2026-08-01T10:42:35Z</time>
      </trkpt>
      <trkpt lat="32.0528954186951" lon="118.80381763778372">
        <ele>6.39007811434567</ele>
        <time>2026-08-01T10:42:44Z</time>
      </trkpt>
      <trkpt lat="32.05261518731827" lon="118.80372047205807">
        <ele>-2.2739386092871428</ele>
        <time>2026-08-01T10:42:56Z</time>
      </trkpt>
      <trkpt lat="32.05228894058028" lon="118.80362030480364">
        <ele>6.276461170986295</ele>
        <time>2026-08-01T10:43:11Z</time>
      </trkpt>
      <trkpt lat="32.05219191372672" lon="118.80361730780581">
        <ele>7.5553231704980135</ele>
        <time>2026-08-01T10:43:14Z</time>
      </trkpt>
      <trkpt lat="32.05206002176312" lon="118.80369647572452">
        <ele>6.255327748134732</ele>
        <time>2026-08-01T10:43:20Z</time>
      </trkpt>
      <trkpt lat="32.05200710396618" lon="118.80375058714202">
        <ele>5.605326222255826</ele>
        <time>2026-08-01T10:43:23Z</time>
      </trkpt>
      <trkpt lat="32.05193637046022" lon="118.80391291359517">
        <ele>0.36569456942379475</ele>
        <time>2026-08-01T10:43:29Z</time>
      </trkpt>
      <trkpt lat="32.0519227863055" lon="118.80415338964043">
        <ele>8.749628590419888</ele>
        <time>2026-08-01T10:43:35Z</time>
      </trkpt>
      <trkpt lat="32.05195597897501" lon="118.80425959659121">
        <ele>8.488047169521451</ele>
        <time>2026-08-01T10:43:38Z</time>
      </trkpt>
      <trkpt lat="32.05200911150934" lon="118.80432872850545">
        <ele>7.513048695400357</ele>
        <time>2026-08-01T10:43:41Z</time>
      </trkpt>
      <trkpt lat="32.05230336616036" lon="118.80443691573859">
        <ele>8.728495167568326</ele>
        <time>2026-08-01T10:43:53Z</time>
      </trkpt>
      <trkpt lat="32.052623656551745" lon="118.80456213454154">
        <ele>5.10064940340817</ele>
        <time>2026-08-01T10:44:09Z</time>
      </trkpt>
      <trkpt lat="32.05297588057162" lon="118.80464526714285">
        <ele>8.686213063076138</ele>
        <time>2026-08-01T10:44:24Z</time>
      </trkpt>
      <trkpt lat="32.05313395964081" lon="118.8046703023279">
        <ele>8.55938963778317</ele>
        <time>2026-08-01T10:44:30Z</time>
      </trkpt>
      <trkpt lat="32.05324489840744" lon="118.80462119471339">
        <ele>8.152475880458951</ele>
        <time>2026-08-01T10:44:36Z</time>
      </trkpt>
      <trkpt lat="32.053412476760776" lon="118.80435865905733">
        <ele>8.089060353115201</ele>
        <time>2026-08-01T10:44:48Z</time>
      </trkpt>
      <trkpt lat="32.05341223185316" lon="118.80421838153057">
        <ele>8.14190916903317</ele>
        <time>2026-08-01T10:44:54Z</time>
      </trkpt>
      <trkpt lat="32.0533760141356" lon="118.80409814721193">
        <ele>8.990076588466763</ele>
        <time>2026-08-01T10:45:00Z</time>
      </trkpt>
      <trkpt lat="32.053250713990295" lon="118.80394185013682">
        <ele>-0.012151194736361504</ele>
        <time>2026-08-01T10:45:06Z</time>
      </trkpt>
      <trkpt lat="32.053191652008756" lon="118.8039138002188">
        <ele>4.6091866958886385</ele>
        <time>2026-08-01T10:45:09Z</time>
      </trkpt>
      <trkpt lat="32.05291747065363" lon="118.80384468908306">
        <ele>8.876459645107388</ele>
        <time>2026-08-01T10:45:21Z</time>
      </trkpt>
      <trkpt lat="32.052657224542415" lon="118.80373649976819">
        <ele>9.190889881923795</ele>
        <time>2026-08-01T10:45:33Z</time>
      </trkpt>
      <trkpt lat="32.05248513047682" lon="118.80370445244105">
        <ele>9.021784352138638</ele>
        <time>2026-08-01T10:45:39Z</time>
      </trkpt>
      <trkpt lat="32.05218792327291" lon="118.80362332000165">
        <ele>8.781336354091763</ele>
        <time>2026-08-01T10:45:51Z</time>
      </trkpt>
      <trkpt lat="32.05209694473323" lon="118.80364737568489">
        <ele>8.707354115322232</ele>
        <time>2026-08-01T10:45:54Z</time>
      </trkpt>
      <trkpt lat="32.05197412447184" lon="118.80376662175368">
        <ele>8.844751881435513</ele>
        <time>2026-08-01T10:46:00Z</time>
      </trkpt>
      <trkpt lat="32.05189036194074" lon="118.80391391979933">
        <ele>7.74292235262692</ele>
        <time>2026-08-01T10:46:06Z</time>
      </trkpt>
      <trkpt lat="32.05189670188482" lon="118.80410830294119">
        <ele>6.421785878017545</ele>
        <time>2026-08-01T10:46:12Z</time>
      </trkpt>
      <trkpt lat="32.05196597770824" lon="118.8042575917085">
        <ele>8.329508351162076</ele>
        <time>2026-08-01T10:46:18Z</time>
      </trkpt>
      <trkpt lat="32.05201810651766" lon="118.80432471974663">
        <ele>8.863245533779263</ele>
        <time>2026-08-01T10:46:21Z</time>
      </trkpt>
      <trkpt lat="32.052124226427175" lon="118.804379819088">
        <ele>9.180323170498013</ele>
        <time>2026-08-01T10:46:27Z</time>
      </trkpt>
      <trkpt lat="32.05243344244439" lon="118.80446395738377">
        <ele>8.728495167568326</ele>
        <time>2026-08-01T10:46:42Z</time>
      </trkpt>
      <trkpt lat="32.05274772276728" lon="118.80458416685688">
        <ele>7.47076659090817</ele>
        <time>2026-08-01T10:46:57Z</time>
      </trkpt>
      <trkpt lat="32.0528727821934" lon="118.80460219113861">
        <ele>8.466906117275357</ele>
        <time>2026-08-01T10:47:03Z</time>
      </trkpt>
      <trkpt lat="32.05301089889735" lon="118.8046512758547">
        <ele>8.62280516512692</ele>
        <time>2026-08-01T10:47:06Z</time>
      </trkpt>
      <trkpt lat="32.05314495156375" lon="118.80466428938678">
        <ele>9.042925404384732</ele>
        <time>2026-08-01T10:47:09Z</time>
      </trkpt>
      <trkpt lat="32.05326390088613" lon="118.8046201909796">
        <ele>7.103495167568326</ele>
        <time>2026-08-01T10:47:12Z</time>
      </trkpt>
      <trkpt lat="32.05334779685264" lon="118.80455004416469">
        <ele>7.177477406337857</ele>
        <time>2026-08-01T10:47:15Z</time>
      </trkpt>
      <trkpt lat="32.053403574547964" lon="118.80441577296793">
        <ele>7.9226022232323885</ele>
        <time>2026-08-01T10:47:21Z</time>
      </trkpt>
      <trkpt lat="32.05341334574845" lon="118.80428351025104">
        <ele>6.4112191665917635</ele>
        <time>2026-08-01T10:47:24Z</time>
      </trkpt>
      <trkpt lat="32.053342912487565" lon="118.80404404338923">
        <ele>7.417925404384732</ele>
        <time>2026-08-01T10:47:33Z</time>
      </trkpt>
      <trkpt lat="32.05330680846771" lon="118.80398893791252">
        <ele>7.1563363540917635</ele>
        <time>2026-08-01T10:47:36Z</time>
      </trkpt>
      <trkpt lat="32.05322266065911" lon="118.80391479934563">
        <ele>7.449633168056607</ele>
        <time>2026-08-01T10:47:42Z</time>
      </trkpt>
      <trkpt lat="32.05302056682541" lon="118.8038867625842">
        <ele>7.690081166103482</ele>
        <time>2026-08-01T10:47:54Z</time>
      </trkpt>
      <trkpt lat="32.05276034678748" lon="118.80379360280584">
        <ele>8.067926930263638</ele>
        <time>2026-08-01T10:48:06Z</time>
      </trkpt>
      <trkpt lat="32.052615319690865" lon="118.80379662205667">
        <ele>8.297800587490201</ele>
        <time>2026-08-01T10:48:12Z</time>
      </trkpt>
      <trkpt lat="32.052544206315694" lon="118.80374051804829">
        <ele>6.72564940340817</ele>
        <time>2026-08-01T10:48:15Z</time>
      </trkpt>
      <trkpt lat="32.05232397448353" lon="118.8036353311588">
        <ele>8.593737171962857</ele>
        <time>2026-08-01T10:48:21Z</time>
      </trkpt>
      <trkpt lat="32.052145993949765" lon="118.80366941456478">
        <ele>7.3967843521386385</ele>
        <time>2026-08-01T10:48:27Z</time>
      </trkpt>
      <trkpt lat="32.052061065511815" lon="118.80372152495342">
        <ele>8.215891407802701</ele>
        <time>2026-08-01T10:48:30Z</time>
      </trkpt>
      <trkpt lat="32.05188542361819" lon="118.8039499914131">
        <ele>8.569956349208951</ele>
        <time>2026-08-01T10:48:39Z</time>
      </trkpt>
      <trkpt lat="32.05186756095454" lon="118.8040311532422">
        <ele>8.403490589931607</ele>
        <time>2026-08-01T10:48:42Z</time>
      </trkpt>
      <trkpt lat="32.0519068718727" lon="118.80420449211806">
        <ele>8.728495167568326</ele>
        <time>2026-08-01T10:48:48Z</time>
      </trkpt>
      <trkpt lat="32.052000092003105" lon="118.80431870950387">
        <ele>7.262033985927701</ele>
        <time>2026-08-01T10:48:54Z</time>
      </trkpt>
      <trkpt lat="32.05227035004362" lon="118.80443190884813">
        <ele>7.753496693447232</ele>
        <time>2026-08-01T10:49:07Z</time>
      </trkpt>
      <trkpt lat="32.052459434227885" lon="118.8044559391138">
        <ele>7.145769642665982</ele>
        <time>2026-08-01T10:49:16Z</time>
      </trkpt>
      <trkpt lat="32.05250757459468" lon="118.80453008163614">
        <ele>8.297800587490201</ele>
        <time>2026-08-01T10:49:19Z</time>
      </trkpt>
      <trkpt lat="32.05261858181567" lon="118.80452005157402">
        <ele>8.163042591884732</ele>
        <time>2026-08-01T10:49:22Z</time>
      </trkpt>
      <trkpt lat="32.05294281708581" lon="118.80461320656714">
        <ele>8.131342457607388</ele>
        <time>2026-08-01T10:49:37Z</time>
      </trkpt>
      <trkpt lat="32.05300388681119" lon="118.80464526456961">
        <ele>8.35064940340817</ele>
        <time>2026-08-01T10:49:40Z</time>
      </trkpt>
      <trkpt lat="32.05312391705859" lon="118.80464725751753">
        <ele>8.519754933193326</ele>
        <time>2026-08-01T10:49:46Z</time>
      </trkpt>
      <trkpt lat="32.05324686202193" lon="118.80460015279259">
        <ele>7.5236154068261385</ele>
        <time>2026-08-01T10:49:52Z</time>
      </trkpt>
      <trkpt lat="32.053357706189956" lon="118.80449693798265">
        <ele>8.770769642665982</ele>
        <time>2026-08-01T10:49:58Z</time>
      </trkpt>
      <trkpt lat="32.05343734934468" lon="118.80428250606296">
        <ele>7.53418211825192</ele>
        <time>2026-08-01T10:50:07Z</time>
      </trkpt>
      <trkpt lat="32.05342921640862" lon="118.80420735817582">
        <ele>8.131342457607388</ele>
        <time>2026-08-01T10:50:10Z</time>
      </trkpt>
      <trkpt lat="32.053392052635004" lon="118.80411818532964">
        <ele>7.502474354580045</ele>
        <time>2026-08-01T10:50:13Z</time>
      </trkpt>
      <trkpt lat="32.05325978054772" lon="118.80397892245867">
        <ele>7.439066456630826</ele>
        <time>2026-08-01T10:50:22Z</time>
      </trkpt>
      <trkpt lat="32.05314465200155" lon="118.80391981639659">
        <ele>9.190889881923795</ele>
        <time>2026-08-01T10:50:28Z</time>
      </trkpt>
      <trkpt lat="32.05309656109448" lon="118.80387372991463">
        <ele>8.14190916903317</ele>
        <time>2026-08-01T10:50:31Z</time>
      </trkpt>
      <trkpt lat="32.05281640980102" lon="118.80382265491863">
        <ele>8.184183644130826</ele>
        <time>2026-08-01T10:50:46Z</time>
      </trkpt>
      <trkpt lat="32.05258926337386" lon="118.8037675671989">
        <ele>8.601664112880826</ele>
        <time>2026-08-01T10:50:55Z</time>
      </trkpt>
      <trkpt lat="32.05252124821295" lon="118.80376757344929">
        <ele>8.41406493075192</ele>
        <time>2026-08-01T10:50:58Z</time>
      </trkpt>
      <trkpt lat="32.05235714546274" lon="118.80372951353088">
        <ele>8.916094349697232</ele>
        <time>2026-08-01T10:51:07Z</time>
      </trkpt>
      <trkpt lat="32.05218398676241" lon="118.80366039332296">
        <ele>4.012033985927701</ele>
        <time>2026-08-01T10:51:10Z</time>
      </trkpt>
      <trkpt lat="32.05210696088541" lon="118.80365539054073">
        <ele>7.53418211825192</ele>
        <time>2026-08-01T10:51:13Z</time>
      </trkpt>
      <trkpt lat="32.05195812786972" lon="118.8037706311196">
        <ele>8.403490589931607</ele>
        <time>2026-08-01T10:51:19Z</time>
      </trkpt>
      <trkpt lat="32.051895328179405" lon="118.80389387981886">
        <ele>6.4429269302636385</ele>
        <time>2026-08-01T10:51:25Z</time>
      </trkpt>
      <trkpt lat="32.05186558844095" lon="118.80404718507818">
        <ele>6.58032469637692</ele>
        <time>2026-08-01T10:51:31Z</time>
      </trkpt>
      <trkpt lat="32.0519609853374" lon="118.80426260207726">
        <ele>8.593737171962857</ele>
        <time>2026-08-01T10:51:40Z</time>
      </trkpt>
      <trkpt lat="32.05206820868334" lon="118.80437681828333">
        <ele>8.62280516512692</ele>
        <time>2026-08-01T10:51:46Z</time>
      </trkpt>
      <trkpt lat="32.05221134564156" lon="118.80443692419364">
        <ele>8.01507811434567</ele>
        <time>2026-08-01T10:51:52Z</time>
      </trkpt>
      <trkpt lat="32.05252654202661" lon="118.80450903818372">
        <ele>8.067926930263638</ele>
        <time>2026-08-01T10:52:04Z</time>
      </trkpt>
      <trkpt lat="32.052658671367205" lon="118.8045661392719">
        <ele>7.9410958755761385</ele>
        <time>2026-08-01T10:52:10Z</time>
      </trkpt>
      <trkpt lat="32.05297790207041" lon="118.80465729081638">
        <ele>6.91589598543942</ele>
        <time>2026-08-01T10:52:26Z</time>
      </trkpt>
      <trkpt lat="32.05311697515552" lon="118.80468132576375">
        <ele>7.898821400478482</ele>
        <time>2026-08-01T10:52:32Z</time>
      </trkpt>
      <trkpt lat="32.05319694911268" lon="118.80465626870185">
        <ele>7.658373402431607</ele>
        <time>2026-08-01T10:52:35Z</time>
      </trkpt>
      <trkpt lat="32.053293795342164" lon="118.80455606104688">
        <ele>8.110201405361295</ele>
        <time>2026-08-01T10:52:41Z</time>
      </trkpt>
      <trkpt lat="32.053378586491576" lon="118.80442579511018">
        <ele>8.35064940340817</ele>
        <time>2026-08-01T10:52:47Z</time>
      </trkpt>
      <trkpt lat="32.05341932084738" lon="118.80426847996758">
        <ele>8.152475880458951</ele>
        <time>2026-08-01T10:52:53Z</time>
      </trkpt>
      <trkpt lat="32.0533810676548" lon="118.80412820613728">
        <ele>8.025644825771451</ele>
        <time>2026-08-01T10:52:59Z</time>
      </trkpt>
      <trkpt lat="32.05329783787648" lon="118.80400697433687">
        <ele>6.054514454677701</ele>
        <time>2026-08-01T10:53:05Z</time>
      </trkpt>
      <trkpt lat="32.05301661301656" lon="118.80391381630416">
        <ele>7.93316893465817</ele>
        <time>2026-08-01T10:53:17Z</time>
      </trkpt>
      <trkpt lat="32.05285640826051" lon="118.80381663939387">
        <ele>8.361216114833951</ele>
        <time>2026-08-01T10:53:23Z</time>
      </trkpt>
      <trkpt lat="32.05256222948608" lon="118.80375153810179">
        <ele>-0.609303904697299</ele>
        <time>2026-08-01T10:53:38Z</time>
      </trkpt>
      <trkpt lat="32.05244118160825" lon="118.80373952554244">
        <ele>-3.0481237899512053</ele>
        <time>2026-08-01T10:53:44Z</time>
      </trkpt>
      <trkpt lat="32.05240511263819" lon="118.80370445979452">
        <ele>7.67950682528317</ele>
        <time>2026-08-01T10:53:47Z</time>
      </trkpt>
      <trkpt lat="32.0521869804704" lon="118.80365638515923">
        <ele>7.230326222255826</ele>
        <time>2026-08-01T10:53:59Z</time>
      </trkpt>
      <trkpt lat="32.05211496615048" lon="118.8036573937493">
        <ele>7.449633168056607</ele>
        <time>2026-08-01T10:54:02Z</time>
      </trkpt>
      <trkpt lat="32.05193220918301" lon="118.80382073222262">
        <ele>9.272799061611295</ele>
        <time>2026-08-01T10:54:11Z</time>
      </trkpt>
      <trkpt lat="32.05190433716243" lon="118.80389788689529">
        <ele>9.36792235262692</ele>
        <time>2026-08-01T10:54:14Z</time>
      </trkpt>
      <trkpt lat="32.0518936313557" lon="118.80406822405452">
        <ele>8.308367298915982</ele>
        <time>2026-08-01T10:54:20Z</time>
      </trkpt>
      <trkpt lat="32.05190778470615" lon="118.80415439299917">
        <ele>4.315897511318326</ele>
        <time>2026-08-01T10:54:23Z</time>
      </trkpt>
      <trkpt lat="32.05194995490145" lon="118.80424657138012">
        <ele>8.612230824306607</ele>
        <time>2026-08-01T10:54:26Z</time>
      </trkpt>
      <trkpt lat="32.052091184056145" lon="118.80435978244856">
        <ele>8.152475880458951</ele>
        <time>2026-08-01T10:54:32Z</time>
      </trkpt>
      <trkpt lat="32.052455456109236" lon="118.80446896528774">
        <ele>8.569956349208951</ele>
        <time>2026-08-01T10:54:44Z</time>
      </trkpt>
      <trkpt lat="32.05277471475812" lon="118.8045761484797">
        <ele>7.838045643642545</ele>
        <time>2026-08-01T10:54:53Z</time>
      </trkpt>
      <trkpt lat="32.0530288941364" lon="118.80464626426011">
        <ele>8.120768116787076</ele>
        <time>2026-08-01T10:55:06Z</time>
      </trkpt>
      <trkpt lat="32.053167904056224" lon="118.80463422763053">
        <ele>8.509180592373013</ele>
        <time>2026-08-01T10:55:12Z</time>
      </trkpt>
      <trkpt lat="32.053234857594894" lon="118.80459915190812">
        <ele>8.184183644130826</ele>
        <time>2026-08-01T10:55:15Z</time>
      </trkpt>
      <trkpt lat="32.05341231506015" lon="118.8044432195963">
        <ele>7.386217640712857</ele>
        <time>2026-08-01T10:55:24Z</time>
      </trkpt>
      <trkpt lat="32.05340448548115" lon="118.80436467169366">
        <ele>8.025644825771451</ele>
        <time>2026-08-01T10:55:30Z</time>
      </trkpt>
      <trkpt lat="32.05343223980447" lon="118.8042203836548">
        <ele>8.593737171962857</ele>
        <time>2026-08-01T10:55:36Z</time>
      </trkpt>
      <trkpt lat="32.053385042341404" lon="118.80411317607535">
        <ele>8.947802113369107</ele>
        <time>2026-08-01T10:55:39Z</time>
      </trkpt>
      <trkpt lat="32.05325674498373" lon="118.80395888319157">
        <ele>9.180323170498013</ele>
        <time>2026-08-01T10:55:45Z</time>
      </trkpt>
      <trkpt lat="32.053070583197666" lon="118.8038897639158">
        <ele>8.392923878505826</ele>
        <time>2026-08-01T10:55:51Z</time>
      </trkpt>
      <trkpt lat="32.05292050792826" lon="118.80386573028794">
        <ele>8.41406493075192</ele>
        <time>2026-08-01T10:55:57Z</time>
      </trkpt>
      <trkpt lat="32.05259724773938" lon="118.80375754672626">
        <ele>8.403490589931607</ele>
        <time>2026-08-01T10:56:12Z</time>
      </trkpt>
      <trkpt lat="32.05247313128307" lon="118.80370645748965">
        <ele>6.0756478775292635</ele>
        <time>2026-08-01T10:56:18Z</time>
      </trkpt>
      <trkpt lat="32.052352079928745" lon="118.8036924409942">
        <ele>8.593737171962857</ele>
        <time>2026-08-01T10:56:24Z</time>
      </trkpt>
      <trkpt lat="32.052201938574356" lon="118.80363033251507">
        <ele>7.544756459072232</ele>
        <time>2026-08-01T10:56:30Z</time>
      </trkpt>
      <trkpt lat="32.05215593179379" lon="118.80363234068642">
        <ele>7.040079640224576</ele>
        <time>2026-08-01T10:56:33Z</time>
      </trkpt>
      <trkpt lat="32.05199712611945" lon="118.8037646156921">
        <ele>8.519754933193326</ele>
        <time>2026-08-01T10:56:42Z</time>
      </trkpt>
      <trkpt lat="32.051898372445876" lon="118.80391892894528">
        <ele>8.163042591884732</ele>
        <time>2026-08-01T10:56:48Z</time>
      </trkpt>
      <trkpt lat="32.05189964666456" lon="118.80407623933345">
        <ele>6.1073556412011385</ele>
        <time>2026-08-01T10:56:54Z</time>
      </trkpt>
      <trkpt lat="32.05196295080698" lon="118.80424256225899">
        <ele>8.488047169521451</ele>
        <time>2026-08-01T10:57:00Z</time>
      </trkpt>
      <trkpt lat="32.05206416228054" lon="118.80435076707957">
        <ele>7.7957711685448885</ele>
        <time>2026-08-01T10:57:06Z</time>
      </trkpt>
      <trkpt lat="32.05236341632418" lon="118.8044579519065">
        <ele>9.03235106356442</ele>
        <time>2026-08-01T10:57:21Z</time>
      </trkpt>
      <trkpt lat="32.052687676078754" lon="118.80456513462">
        <ele>8.266092823818326</ele>
        <time>2026-08-01T10:57:36Z</time>
      </trkpt>
      <trkpt lat="32.05289879500306" lon="118.80460619669864">
        <ele>7.439066456630826</ele>
        <time>2026-08-01T10:57:48Z</time>
      </trkpt>
      <trkpt lat="32.05298487380569" lon="118.80464025637585">
        <ele>8.329508351162076</ele>
        <time>2026-08-01T10:57:54Z</time>
      </trkpt>
      <trkpt lat="32.05309191519181" lon="118.80465026642261">
        <ele>7.040079640224576</ele>
        <time>2026-08-01T10:58:00Z</time>
      </trkpt>
      <trkpt lat="32.053298803468486" lon="118.80456006853393">
        <ele>9.661211537197232</ele>
        <time>2026-08-01T10:58:09Z</time>
      </trkpt>
      <trkpt lat="32.053365714981126" lon="118.8045009451902">
        <ele>6.757357167080045</ele>
        <time>2026-08-01T10:58:12Z</time>
      </trkpt>
      <trkpt lat="32.05341540742704" lon="118.804318579456">
        <ele>7.8908944595605135</ele>
        <time>2026-08-01T10:58:21Z</time>
      </trkpt>
      <trkpt lat="32.053404287774484" lon="118.80425144765437">
        <ele>8.28723387606442</ele>
        <time>2026-08-01T10:58:24Z</time>
      </trkpt>
      <trkpt lat="32.053300838544764" lon="118.80400697406112">
        <ele>12.942919300869107</ele>
        <time>2026-08-01T10:58:33Z</time>
      </trkpt>
      <trkpt lat="32.05325873496169" lon="118.80395287114617">
        <ele>6.841906117275357</ele>
        <time>2026-08-01T10:58:36Z</time>
      </trkpt>
      <trkpt lat="32.05297148965983" lon="118.80384869202005">
        <ele>6.894754933193326</ele>
        <time>2026-08-01T10:58:51Z</time>
      </trkpt>
      <trkpt lat="32.0527462792134" lon="118.80375653105683">
        <ele>8.297800587490201</ele>
        <time>2026-08-01T10:59:06Z</time>
      </trkpt>
      <trkpt lat="32.05243811999682" lon="118.80370445676121">
        <ele>8.466906117275357</ele>
        <time>2026-08-01T10:59:24Z</time>
      </trkpt>
      <trkpt lat="32.05228600429127" lon="118.80365737803128">
        <ele>9.169748829677701</ele>
        <time>2026-08-01T10:59:30Z</time>
      </trkpt>
      <trkpt lat="32.052105000468735" lon="118.80367843608367">
        <ele>4.68316893465817</ele>
        <time>2026-08-01T10:59:36Z</time>
      </trkpt>
      <trkpt lat="32.05204903497738" lon="118.80370549448989">
        <ele>8.41406493075192</ele>
        <time>2026-08-01T10:59:39Z</time>
      </trkpt>
      <trkpt lat="32.05196617320711" lon="118.80379567973574">
        <ele>8.968943165615201</ele>
        <time>2026-08-01T10:59:42Z</time>
      </trkpt>
      <trkpt lat="32.05191331475927" lon="118.80388385840644">
        <ele>7.230326222255826</ele>
        <time>2026-08-01T10:59:45Z</time>
      </trkpt>
      <trkpt lat="32.05189145112624" lon="118.8039650205155">
        <ele>8.82361082918942</ele>
        <time>2026-08-01T10:59:48Z</time>
      </trkpt>
      <trkpt lat="32.05190778994853" lon="118.80415739893962">
        <ele>6.884188221767545</ele>
        <time>2026-08-01T10:59:54Z</time>
      </trkpt>
      <trkpt lat="32.05193191766183" lon="118.80422753538646">
        <ele>6.612032460048795</ele>
        <time>2026-08-01T10:59:57Z</time>
      </trkpt>
      <trkpt lat="32.052019164493565" lon="118.80435778509874">
        <ele>6.5380502212792635</ele>
        <time>2026-08-01T11:00:00Z</time>
      </trkpt>
      <trkpt lat="32.05211427321966" lon="118.80440787555897">
        <ele>8.686213063076138</ele>
        <time>2026-08-01T11:00:03Z</time>
      </trkpt>
      <trkpt lat="32.05219730223973" lon="118.80441387983667">
        <ele>7.608171986415982</ele>
        <time>2026-08-01T11:00:06Z</time>
      </trkpt>
      <trkpt lat="32.05247550787468" lon="118.8044960170561">
        <ele>8.844751881435513</ele>
        <time>2026-08-01T11:00:18Z</time>
      </trkpt>
      <trkpt lat="32.052746727804916" lon="118.80458717291">
        <ele>7.544756459072232</ele>
        <time>2026-08-01T11:00:30Z</time>
      </trkpt>
      <trkpt lat="32.05302393337609" lon="118.80466931044859">
        <ele>7.4919076431542635</ele>
        <time>2026-08-01T11:00:42Z</time>
      </trkpt>
      <trkpt lat="32.053096972454135" lon="118.80468232959038">
        <ele>7.114061878994107</ele>
        <time>2026-08-01T11:00:45Z</time>
      </trkpt>
      <trkpt lat="32.053286849889155" lon="118.8045881252699">
        <ele>8.675646351650357</ele>
        <time>2026-08-01T11:00:55Z</time>
      </trkpt>
      <trkpt lat="32.05337359063176" lon="118.8044288015234">
        <ele>8.184183644130826</ele>
        <time>2026-08-01T11:01:01Z</time>
      </trkpt>
      <trkpt lat="32.053420308827064" lon="118.80426146600199">
        <ele>9.904306935146451</ele>
        <time>2026-08-01T11:01:07Z</time>
      </trkpt>
      <trkpt lat="32.05337303792167" lon="118.80411217519882">
        <ele>9.053492115810513</ele>
        <time>2026-08-01T11:01:13Z</time>
      </trkpt>
      <trkpt lat="32.05328277345727" lon="118.80397190650386">
        <ele>8.41406493075192</ele>
        <time>2026-08-01T11:01:19Z</time>
      </trkpt>
      <trkpt lat="32.05320662221735" lon="118.80389476129452">
        <ele>7.8274789322167635</ele>
        <time>2026-08-01T11:01:22Z</time>
      </trkpt>
      <trkpt lat="32.052907438796225" lon="118.80382765642803">
        <ele>8.665079640224576</ele>
        <time>2026-08-01T11:01:34Z</time>
      </trkpt>
      <trkpt lat="32.05260318638418" lon="118.80372147513414">
        <ele>8.089060353115201</ele>
        <time>2026-08-01T11:01:49Z</time>
      </trkpt>
      <trkpt lat="32.05247009927873" lon="118.8036884222577">
        <ele>7.86975340731442</ele>
        <time>2026-08-01T11:01:55Z</time>
      </trkpt>
      <trkpt lat="32.052360239736096" lon="118.80372231096803">
        <ele>7.86975340731442</ele>
        <time>2026-08-01T11:02:01Z</time>
      </trkpt>
      <trkpt lat="32.05214887456287" lon="118.80360027824845">
        <ele>8.01507811434567</ele>
        <time>2026-08-01T11:02:07Z</time>
      </trkpt>
      <trkpt lat="32.052083872239926" lon="118.80360729802078">
        <ele>7.80633787997067</ele>
        <time>2026-08-01T11:02:10Z</time>
      </trkpt>
      <trkpt lat="32.05196805521166" lon="118.80372754534017">
        <ele>8.791910694912076</ele>
        <time>2026-08-01T11:02:19Z</time>
      </trkpt>
      <trkpt lat="32.05189732339461" lon="118.80389087370745">
        <ele>8.20532469637692</ele>
        <time>2026-08-01T11:02:25Z</time>
      </trkpt>
      <trkpt lat="32.051890468351104" lon="118.80397504037872">
        <ele>8.152475880458951</ele>
        <time>2026-08-01T11:02:28Z</time>
      </trkpt>
      <trkpt lat="32.05195690925224" lon="118.80421951723878">
        <ele>8.791910694912076</ele>
        <time>2026-08-01T11:02:37Z</time>
      </trkpt>
      <trkpt lat="32.052001069480426" lon="118.80430568363708">
        <ele>8.654505299404263</ele>
        <time>2026-08-01T11:02:40Z</time>
      </trkpt>
      <trkpt lat="32.05212525991473" lon="118.80439885669068">
        <ele>7.322802113369107</ele>
        <time>2026-08-01T11:02:46Z</time>
      </trkpt>
      <trkpt lat="32.052403455025484" lon="118.80447498197819">
        <ele>2.4398828018456697</ele>
        <time>2026-08-01T11:02:58Z</time>
      </trkpt>
      <trkpt lat="32.05260158854153" lon="118.80452606505277">
        <ele>7.658373402431607</ele>
        <time>2026-08-01T11:03:07Z</time>
      </trkpt>
      <trkpt lat="32.05270471493566" lon="118.80458517279568">
        <ele>5.605326222255826</ele>
        <time>2026-08-01T11:03:13Z</time>
      </trkpt>
      <trkpt lat="32.05297686149756" lon="118.8046342451837">
        <ele>8.163042591884732</ele>
        <time>2026-08-01T11:03:25Z</time>
      </trkpt>
      <trkpt lat="32.05304491875494" lon="118.80465828664724">
        <ele>8.215891407802701</ele>
        <time>2026-08-01T11:03:28Z</time>
      </trkpt>
      <trkpt lat="32.053188942066946" lon="118.80465326347255">
        <ele>7.2514596451073885</ele>
        <time>2026-08-01T11:03:34Z</time>
      </trkpt>
      <trkpt lat="32.05330784229267" lon="118.80458110943049">
        <ele>7.9728036392480135</ele>
        <time>2026-08-01T11:03:40Z</time>
      </trkpt>
      <trkpt lat="32.05336375309027" lon="118.80452298906407">
        <ele>7.9410958755761385</ele>
        <time>2026-08-01T11:03:43Z</time>
      </trkpt>
      <trkpt lat="32.0534374473252" lon="118.80433861709359">
        <ele>5.711016224697232</ele>
        <time>2026-08-01T11:03:52Z</time>
      </trkpt>
      <trkpt lat="32.05342528720546" lon="118.80424843977912">
        <ele>8.004511402919888</ele>
        <time>2026-08-01T11:03:55Z</time>
      </trkpt>
      <trkpt lat="32.05339613914223" lon="118.80416728198088">
        <ele>8.089060353115201</ele>
        <time>2026-08-01T11:03:58Z</time>
      </trkpt>
      <trkpt lat="32.05329788325992" lon="118.80403302576428">
        <ele>6.810198353603482</ele>
        <time>2026-08-01T11:04:04Z</time>
      </trkpt>
      <trkpt lat="32.053167679800154" lon="118.80393283997627">
        <ele>8.329508351162076</ele>
        <time>2026-08-01T11:04:10Z</time>
      </trkpt>
      <trkpt lat="32.052907438796225" lon="118.80382765642803">
        <ele>8.226458119228482</ele>
        <time>2026-08-01T11:04:22Z</time>
      </trkpt>
      <trkpt lat="32.05263622856816" lon="118.80374151156519">
        <ele>7.5553231704980135</ele>
        <time>2026-08-01T11:04:34Z</time>
      </trkpt>
      <trkpt lat="32.052451149011624" lon="118.80371948515965">
        <ele>8.110201405361295</ele>
        <time>2026-08-01T11:04:43Z</time>
      </trkpt>
      <trkpt lat="32.052280018616166" lon="118.80366639633128">
        <ele>8.255526112392545</ele>
        <time>2026-08-01T11:04:52Z</time>
      </trkpt>
      <trkpt lat="32.052061051582626" lon="118.80371350916963">
        <ele>8.297800587490201</ele>
        <time>2026-08-01T11:05:01Z</time>
      </trkpt>
      <trkpt lat="32.05197515953508" lon="118.80378666114079">
        <ele>7.962236927822232</ele>
        <time>2026-08-01T11:05:04Z</time>
      </trkpt>
      <trkpt lat="32.05189140053519" lon="118.80393596318801">
        <ele>7.6372323501855135</ele>
        <time>2026-08-01T11:05:10Z</time>
      </trkpt>
      <trkpt lat="32.051895663236" lon="118.80408625949055">
        <ele>7.47076659090817</ele>
        <time>2026-08-01T11:05:16Z</time>
      </trkpt>
      <trkpt lat="32.051957970676746" lon="118.80425458649842">
        <ele>7.7006478775292635</ele>
        <time>2026-08-01T11:05:22Z</time>
      </trkpt>
      <trkpt lat="32.05206519225939" lon="118.80436780070619">
        <ele>8.266092823818326</ele>
        <time>2026-08-01T11:05:29Z</time>
      </trkpt>
      <trkpt lat="32.05237344658363" lon="118.80447398274997">
        <ele>7.3967843521386385</ele>
        <time>2026-08-01T11:05:44Z</time>
      </trkpt>
      <trkpt lat="32.05244042648787" lon="118.80445393688998">
        <ele>7.8274789322167635</ele>
        <time>2026-08-01T11:05:47Z</time>
      </trkpt>
      <trkpt lat="32.052515464231966" lon="118.80446595381802">
        <ele>8.601664112880826</ele>
        <time>2026-08-01T11:05:50Z</time>
      </trkpt>
      <trkpt lat="32.05257554594174" lon="118.80450502573726">
        <ele>7.7957711685448885</ele>
        <time>2026-08-01T11:05:53Z</time>
      </trkpt>
      <trkpt lat="32.052878788791915" lon="118.80460519654928">
        <ele>6.014879750087857</ele>
        <time>2026-08-01T11:06:08Z</time>
      </trkpt>
      <trkpt lat="32.053066925411606" lon="118.80465928661367">
        <ele>7.06122069247067</ele>
        <time>2026-08-01T11:06:17Z</time>
      </trkpt>
      <trkpt lat="32.05321691672708" lon="118.80463522511519">
        <ele>7.848612355068326</ele>
        <time>2026-08-01T11:06:23Z</time>
      </trkpt>
      <trkpt lat="32.0532708708759" lon="118.80460215456156">
        <ele>7.4601998794823885</ele>
        <time>2026-08-01T11:06:26Z</time>
      </trkpt>
      <trkpt lat="32.053340746214445" lon="118.8045219891918">
        <ele>3.9697595108300447</ele>
        <time>2026-08-01T11:06:32Z</time>
      </trkpt>
      <trkpt lat="32.05342535191978" lon="118.80428551311266">
        <ele>8.255526112392545</ele>
        <time>2026-08-01T11:06:41Z</time>
      </trkpt>
      <trkpt lat="32.05340007188681" lon="118.80412820439093">
        <ele>7.93316893465817</ele>
        <time>2026-08-01T11:06:47Z</time>
      </trkpt>
      <trkpt lat="32.05333885573634" lon="118.80401198045739">
        <ele>7.7957711685448885</ele>
        <time>2026-08-01T11:06:53Z</time>
      </trkpt>
      <trkpt lat="32.05329274951413" lon="118.80395687592868">
        <ele>0.199228810146451</ele>
        <time>2026-08-01T11:06:56Z</time>
      </trkpt>
      <trkpt lat="32.053165630520795" lon="118.80390478482317">
        <ele>8.28723387606442</ele>
        <time>2026-08-01T11:07:02Z</time>
      </trkpt>
      <trkpt lat="32.052966544330644" lon="118.80388075569324">
        <ele>7.993937062099576</ele>
        <time>2026-08-01T11:07:11Z</time>
      </trkpt>
      <trkpt lat="32.052829442326086" lon="118.8038396872965">
        <ele>7.629305409267545</ele>
        <time>2026-08-01T11:07:21Z</time>
      </trkpt>
      <trkpt lat="32.05256915094657" lon="118.80370544669267">
        <ele>7.616098927333951</ele>
        <time>2026-08-01T11:07:30Z</time>
      </trkpt>
      <trkpt lat="32.05228195815704" lon="118.80363132713309">
        <ele>7.018938587978482</ele>
        <time>2026-08-01T11:07:45Z</time>
      </trkpt>
      <trkpt lat="32.05213894366154" lon="118.80364135999376">
        <ele>7.576464222744107</ele>
        <time>2026-08-01T11:07:51Z</time>
      </trkpt>
      <trkpt lat="32.05200908003099" lon="118.80373655933053">
        <ele>8.046785878017545</ele>
        <time>2026-08-01T11:07:57Z</time>
      </trkpt>
      <trkpt lat="32.05193123161553" lon="118.80383375798674">
        <ele>7.993937062099576</ele>
        <time>2026-08-01T11:08:03Z</time>
      </trkpt>
      <trkpt lat="32.05190345205899" lon="118.80396401743553">
        <ele>7.3650765884667635</ele>
        <time>2026-08-01T11:08:09Z</time>
      </trkpt>
      <trkpt lat="32.05190660631881" lon="118.80405219120206">
        <ele>7.26996092684567</ele>
        <time>2026-08-01T11:08:12Z</time>
      </trkpt>
      <trkpt lat="32.0519348501514" lon="118.80418845785164">
        <ele>7.565889881923795</ele>
        <time>2026-08-01T11:08:18Z</time>
      </trkpt>
      <trkpt lat="32.051978006620615" lon="118.80427262033454">
        <ele>7.198618458583951</ele>
        <time>2026-08-01T11:08:21Z</time>
      </trkpt>
      <trkpt lat="32.05212224173727" lon="118.80438883712642">
        <ele>7.93316893465817</ele>
        <time>2026-08-01T11:08:27Z</time>
      </trkpt>
      <trkpt lat="32.052283293404805" lon="118.8043978401859">
        <ele>6.2024789322167635</ele>
        <time>2026-08-01T11:08:36Z</time>
      </trkpt>
      <trkpt lat="32.05252855473997" lon="118.80451605190123">
        <ele>7.135202931240201</ele>
        <time>2026-08-01T11:08:48Z</time>
      </trkpt>
      <trkpt lat="32.052792755594275" lon="118.80459718855425">
        <ele>7.95166258700192</ele>
        <time>2026-08-01T11:09:01Z</time>
      </trkpt>
      <trkpt lat="32.053096956661" lon="118.80467331169356">
        <ele>7.7957711685448885</ele>
        <time>2026-08-01T11:09:13Z</time>
      </trkpt>
      <trkpt lat="32.05322592925757" lon="118.80464123621553">
        <ele>6.45349364168942</ele>
        <time>2026-08-01T11:09:19Z</time>
      </trkpt>
      <trkpt lat="32.05336570621965" lon="118.80449593526174">
        <ele>7.209185170009732</ele>
        <time>2026-08-01T11:09:28Z</time>
      </trkpt>
      <trkpt lat="32.053429468295214" lon="118.80435164361104">
        <ele>7.145769642665982</ele>
        <time>2026-08-01T11:09:34Z</time>
      </trkpt>
      <trkpt lat="32.05344135023557" lon="118.80428250569531">
        <ele>7.230326222255826</ele>
        <time>2026-08-01T11:09:37Z</time>
      </trkpt>
      <trkpt lat="32.05343325576315" lon="118.80422940139465">
        <ele>3.4254479873925447</ele>
        <time>2026-08-01T11:09:40Z</time>
      </trkpt>
      <trkpt lat="32.05324174687609" lon="118.80396189050133">
        <ele>8.131342457607388</ele>
        <time>2026-08-01T11:09:55Z</time>
      </trkpt>
      <trkpt lat="32.05294651720916" lon="118.80386773184902">
        <ele>9.30450682528317</ele>
        <time>2026-08-01T11:10:10Z</time>
      </trkpt>
      <trkpt lat="32.05265631663542" lon="118.80378960446839">
        <ele>2.178293751552701</ele>
        <time>2026-08-01T11:10:22Z</time>
      </trkpt>
      <trkpt lat="32.05260829025539" lon="118.80378059111348">
        <ele>7.647799061611295</ele>
        <time>2026-08-01T11:10:25Z</time>
      </trkpt>
      <trkpt lat="32.05248210369517" lon="118.8036894231272">
        <ele>7.7323556412011385</ele>
        <time>2026-08-01T11:10:28Z</time>
      </trkpt>
      <trkpt lat="32.05224293728" lon="118.80362431691752">
        <ele>6.014879750087857</ele>
        <time>2026-08-01T11:10:40Z</time>
      </trkpt>
      <trkpt lat="32.05210994241283" lon="118.80364436857461">
        <ele>8.194750355556607</ele>
        <time>2026-08-01T11:10:46Z</time>
      </trkpt>
      <trkpt lat="32.05204198293369" lon="118.80367643792985">
        <ele>8.276667164638638</ele>
        <time>2026-08-01T11:10:49Z</time>
      </trkpt>
      <trkpt lat="32.05193214994142" lon="118.80378666509313">
        <ele>8.01507811434567</ele>
        <time>2026-08-01T11:10:55Z</time>
      </trkpt>
      <trkpt lat="32.05187036794241" lon="118.80391993349511">
        <ele>7.721788929775357</ele>
        <time>2026-08-01T11:11:01Z</time>
      </trkpt>
      <trkpt lat="32.05187564829496" lon="118.80408024945486">
        <ele>8.20532469637692</ele>
        <time>2026-08-01T11:11:07Z</time>
      </trkpt>
      <trkpt lat="32.051952002569" lon="118.80427362470611">
        <ele>7.9410958755761385</ele>
        <time>2026-08-01T11:11:13Z</time>
      </trkpt>
      <trkpt lat="32.05207921288778" lon="118.80437781925613">
        <ele>7.86975340731442</ele>
        <time>2026-08-01T11:11:19Z</time>
      </trkpt>
      <trkpt lat="32.052263290695166" lon="118.80439884400805">
        <ele>4.492929982021451</ele>
        <time>2026-08-01T11:11:28Z</time>
      </trkpt>
      <trkpt lat="32.052388413140726" lon="118.80445293968398">
        <ele>7.8591866958886385</ele>
        <time>2026-08-01T11:11:34Z</time>
      </trkpt>
      <trkpt lat="32.05244351125318" lon="118.80450203191107">
        <ele>8.14190916903317</ele>
        <time>2026-08-01T11:11:37Z</time>
      </trkpt>
      <trkpt lat="32.052819796688524" lon="118.80461722582116">
        <ele>7.753496693447232</ele>
        <time>2026-08-01T11:11:55Z</time>
      </trkpt>
      <trkpt lat="32.0531139604488" lon="118.80467331013125">
        <ele>5.940889881923795</ele>
        <time>2026-08-01T11:12:08Z</time>
      </trkpt>
      <trkpt lat="32.053241927559235" lon="118.8046382287813">
        <ele>7.690081166103482</ele>
        <time>2026-08-01T11:12:14Z</time>
      </trkpt>
      <trkpt lat="32.05340471665874" lon="118.80449693366309">
        <ele>6.464060353115201</ele>
        <time>2026-08-01T11:12:23Z</time>
      </trkpt>
      <trkpt lat="32.053420450539136" lon="118.80434262658872">
        <ele>7.513048695400357</ele>
        <time>2026-08-01T11:12:29Z</time>
      </trkpt>
      <trkpt lat="32.05341430399279" lon="118.80425946258968">
        <ele>7.4919076431542635</ele>
        <time>2026-08-01T11:12:32Z</time>
      </trkpt>
      <trkpt lat="32.053388142603254" lon="118.80417028865739">
        <ele>7.9728036392480135</ele>
        <time>2026-08-01T11:12:35Z</time>
      </trkpt>
      <trkpt lat="32.053309892915976" lon="118.80403703257421">
        <ele>4.252481983974576</ele>
        <time>2026-08-01T11:12:41Z</time>
      </trkpt>
      <trkpt lat="32.05319972181767" lon="118.80395287656921">
        <ele>7.7323556412011385</ele>
        <time>2026-08-01T11:12:47Z</time>
      </trkpt>
      <trkpt lat="32.05304556367837" lon="118.80388175040754">
        <ele>6.937029408290982</ele>
        <time>2026-08-01T11:12:53Z</time>
      </trkpt>
      <trkpt lat="32.05291054056849" lon="118.8038857707192">
        <ele>7.9728036392480135</ele>
        <time>2026-08-01T11:13:02Z</time>
      </trkpt>
      <trkpt lat="32.05258530603351" lon="118.80379261691712">
        <ele>8.20532469637692</ele>
        <time>2026-08-01T11:13:20Z</time>
      </trkpt>
      <trkpt lat="32.05227705449879" lon="118.80368743802543">
        <ele>8.424631642177701</ele>
        <time>2026-08-01T11:13:35Z</time>
      </trkpt>
      <trkpt lat="32.05220202732712" lon="118.8036814330847">
        <ele>6.799631642177701</ele>
        <time>2026-08-01T11:13:38Z</time>
      </trkpt>
      <trkpt lat="32.05213305371556" lon="118.80370548676886">
        <ele>6.841906117275357</ele>
        <time>2026-08-01T11:13:41Z</time>
      </trkpt>
      <trkpt lat="32.05201001583132" lon="118.8036994862383">
        <ele>8.110201405361295</ele>
        <time>2026-08-01T11:13:44Z</time>
      </trkpt>
      <trkpt lat="32.0519340963879" lon="118.80375560371967">
        <ele>5.6581674087792635</ele>
        <time>2026-08-01T11:13:47Z</time>
      </trkpt>
      <trkpt lat="32.05189524624132" lon="118.80384678697062">
        <ele>4.566912220790982</ele>
        <time>2026-08-01T11:13:50Z</time>
      </trkpt>
      <trkpt lat="32.051878526752915" lon="118.8040101106941">
        <ele>8.445772694423795</ele>
        <time>2026-08-01T11:13:56Z</time>
      </trkpt>
      <trkpt lat="32.05192077188034" lon="118.80414537398381">
        <ele>8.488047169521451</ele>
        <time>2026-08-01T11:14:02Z</time>
      </trkpt>
      <trkpt lat="32.05208722342556" lon="118.8043828284398">
        <ele>8.551462696865201</ele>
        <time>2026-08-01T11:14:14Z</time>
      </trkpt>
      <trkpt lat="32.05241238696503" lon="118.80443490175182">
        <ele>5.49963621981442</ele>
        <time>2026-08-01T11:14:29Z</time>
      </trkpt>
      <trkpt lat="32.052481442636775" lon="118.80445794106197">
        <ele>8.371782826259732</ele>
        <time>2026-08-01T11:14:32Z</time>
      </trkpt>
      <trkpt lat="32.05259261457971" lon="118.80454209765983">
        <ele>8.456339405849576</ele>
        <time>2026-08-01T11:14:38Z</time>
      </trkpt>
      <trkpt lat="32.0528077045805" lon="118.80456612557855">
        <ele>9.180323170498013</ele>
        <time>2026-08-01T11:14:44Z</time>
      </trkpt>
      <trkpt lat="32.05303286520571" lon="118.80462923009821">
        <ele>6.947603749111295</ele>
        <time>2026-08-01T11:14:53Z</time>
      </trkpt>
      <trkpt lat="32.0532438613536" lon="118.8046001530683">
        <ele>7.721788929775357</ele>
        <time>2026-08-01T11:15:02Z</time>
      </trkpt>
      <trkpt lat="32.05336676252186" lon="118.80452799871898">
        <ele>7.9226022232323885</ele>
        <time>2026-08-01T11:15:08Z</time>
      </trkpt>
      <trkpt lat="32.053415649029105" lon="118.804456853238">
        <ele>7.576464222744107</ele>
        <time>2026-08-01T11:15:11Z</time>
      </trkpt>
      <trkpt lat="32.0534443596502" lon="118.80428751533098">
        <ele>7.040079640224576</ele>
        <time>2026-08-01T11:15:17Z</time>
      </trkpt>
      <trkpt lat="32.05344119286007" lon="118.80419232735933">
        <ele>9.251665638759732</ele>
        <time>2026-08-01T11:15:20Z</time>
      </trkpt>
      <trkpt lat="32.053309762024305" lon="118.80396188425104">
        <ele>7.8908944595605135</ele>
        <time>2026-08-01T11:15:29Z</time>
      </trkpt>
      <trkpt lat="32.05327069228144" lon="118.80392681864987">
        <ele>5.142923878505826</ele>
        <time>2026-08-01T11:15:32Z</time>
      </trkpt>
      <trkpt lat="32.05312857345471" lon="118.8038767329001">
        <ele>8.979509877040982</ele>
        <time>2026-08-01T11:15:38Z</time>
      </trkpt>
      <trkpt lat="32.05308050174761" lon="118.80384166817532">
        <ele>7.608171986415982</ele>
        <time>2026-08-01T11:15:41Z</time>
      </trkpt>
      <trkpt lat="32.05291043946482" lon="118.80382765615227">
        <ele>6.358370350673795</ele>
        <time>2026-08-01T11:15:50Z</time>
      </trkpt>
      <trkpt lat="32.05262020584561" lon="118.80373049132967">
        <ele>7.774630116298795</ele>
        <time>2026-08-01T11:16:05Z</time>
      </trkpt>
      <trkpt lat="32.052316031866184" lon="118.80366939893868">
        <ele>7.439066456630826</ele>
        <time>2026-08-01T11:16:23Z</time>
      </trkpt>
      <trkpt lat="32.05223698640183" lon="118.8036533746475">
        <ele>6.99780516512692</ele>
        <time>2026-08-01T11:16:26Z</time>
      </trkpt>
      <trkpt lat="32.05214398306123" lon="118.80366340291584">
        <ele>8.382357167080045</ele>
        <time>2026-08-01T11:16:29Z</time>
      </trkpt>
      <trkpt lat="32.05201804721324" lon="118.80371651904083">
        <ele>8.110201405361295</ele>
        <time>2026-08-01T11:16:32Z</time>
      </trkpt>
      <trkpt lat="32.05191420865224" lon="118.80382273782645">
        <ele>6.873613880947232</ele>
        <time>2026-08-01T11:16:38Z</time>
      </trkpt>
      <trkpt lat="32.05188330980916" lon="118.80388486313953">
        <ele>8.266092823818326</ele>
        <time>2026-08-01T11:16:41Z</time>
      </trkpt>
      <trkpt lat="32.05185954869569" lon="118.80402514210901">
        <ele>6.3795114029198885</ele>
        <time>2026-08-01T11:16:47Z</time>
      </trkpt>
      <trkpt lat="32.05189173920183" lon="118.80413034695114">
        <ele>6.64374022372067</ele>
        <time>2026-08-01T11:16:50Z</time>
      </trkpt>
      <trkpt lat="32.0519459207854" lon="118.80422753409978">
        <ele>8.28723387606442</ele>
        <time>2026-08-01T11:16:53Z</time>
      </trkpt>
      <trkpt lat="32.052141282744444" lon="118.80440987704607">
        <ele>8.215891407802701</ele>
        <time>2026-08-01T11:17:02Z</time>
      </trkpt>
      <trkpt lat="32.05226439249388" lon="118.80445695901982">
        <ele>7.86975340731442</ele>
        <time>2026-08-01T11:17:08Z</time>
      </trkpt>
      <trkpt lat="32.052396420179726" lon="118.80445594490367">
        <ele>7.3967843521386385</ele>
        <time>2026-08-01T11:17:14Z</time>
      </trkpt>
      <trkpt lat="32.05247039289256" lon="118.80443088848291">
        <ele>8.488047169521451</ele>
        <time>2026-08-01T11:17:17Z</time>
      </trkpt>
      <trkpt lat="32.05278064071311" lon="118.8045330625055">
        <ele>9.209383534267545</ele>
        <time>2026-08-01T11:17:32Z</time>
      </trkpt>
      <trkpt lat="32.05283271365915" lon="118.80456812725454">
        <ele>6.72564940340817</ele>
        <time>2026-08-01T11:17:35Z</time>
      </trkpt>
      <trkpt lat="32.05303287397648" lon="118.80463424003723">
        <ele>8.340075062587857</ele>
        <time>2026-08-01T11:17:44Z</time>
      </trkpt>
      <trkpt lat="32.05311290759033" lon="118.80464325057638">
        <ele>8.371782826259732</ele>
        <time>2026-08-01T11:17:47Z</time>
      </trkpt>
      <trkpt lat="32.05318289511915" lon="118.80462721233746">
        <ele>8.131342457607388</ele>
        <time>2026-08-01T11:17:50Z</time>
      </trkpt>
      <trkpt lat="32.05332070145275" lon="118.80449894535451">
        <ele>8.089060353115201</ele>
        <time>2026-08-01T11:17:56Z</time>
      </trkpt>
      <trkpt lat="32.053404457476304" lon="118.80434863995877">
        <ele>8.612230824306607</ele>
        <time>2026-08-01T11:18:02Z</time>
      </trkpt>
      <trkpt lat="32.05341531645838" lon="118.80426647637124">
        <ele>4.630327748134732</ele>
        <time>2026-08-01T11:18:05Z</time>
      </trkpt>
      <trkpt lat="32.0533049302124" lon="118.80405907655937">
        <ele>8.593737171962857</ele>
        <time>2026-08-01T11:18:14Z</time>
      </trkpt>
      <trkpt lat="32.053227754225546" lon="118.8039679036506">
        <ele>7.690081166103482</ele>
        <time>2026-08-01T11:18:17Z</time>
      </trkpt>
      <trkpt lat="32.053146619312294" lon="118.80390077866537">
        <ele>8.612230824306607</ele>
        <time>2026-08-01T11:18:20Z</time>
      </trkpt>
      <trkpt lat="32.05305751753915" lon="118.80385369399119">
        <ele>7.721788929775357</ele>
        <time>2026-08-01T11:18:23Z</time>
      </trkpt>
      <trkpt lat="32.05269529223034" lon="118.80377056337717">
        <ele>7.86975340731442</ele>
        <time>2026-08-01T11:18:35Z</time>
      </trkpt>
      <trkpt lat="32.05248012936195" lon="118.80370445290065">
        <ele>3.613047169521451</ele>
        <time>2026-08-01T11:18:44Z</time>
      </trkpt>
      <trkpt lat="32.05227300835314" lon="118.80366138711427">
        <ele>7.993937062099576</ele>
        <time>2026-08-01T11:18:53Z</time>
      </trkpt>
      <trkpt lat="32.05212097967114" lon="118.80366440700205">
        <ele>5.10064940340817</ele>
        <time>2026-08-01T11:18:59Z</time>
      </trkpt>
      <trkpt lat="32.05206800962149" lon="118.8036884592087">
        <ele>7.95166258700192</ele>
        <time>2026-08-01T11:19:02Z</time>
      </trkpt>
      <trkpt lat="32.05192829544099" lon="118.80387083134481">
        <ele>6.987230824306607</ele>
        <time>2026-08-01T11:19:11Z</time>
      </trkpt>
      <trkpt lat="32.05191560134308" lon="118.8040481824611">
        <ele>6.958170460537076</ele>
        <time>2026-08-01T11:19:17Z</time>
      </trkpt>
      <trkpt lat="32.051939875739265" lon="118.8042024851233">
        <ele>7.9410958755761385</ele>
        <time>2026-08-01T11:19:23Z</time>
      </trkpt>
      <trkpt lat="32.05199600364007" lon="118.80426861075219">
        <ele>6.757357167080045</ele>
        <time>2026-08-01T11:19:26Z</time>
      </trkpt>
      <trkpt lat="32.05213220195384" lon="118.80436478859798">
        <ele>8.530321644619107</ele>
        <time>2026-08-01T11:19:32Z</time>
      </trkpt>
      <trkpt lat="32.052199237904475" lon="118.80437680624398">
        <ele>8.184183644130826</ele>
        <time>2026-08-01T11:19:35Z</time>
      </trkpt>
      <trkpt lat="32.052265229868475" lon="118.80436377439123">
        <ele>8.131342457607388</ele>
        <time>2026-08-01T11:19:38Z</time>
      </trkpt>
      <trkpt lat="32.05238743393862" lon="118.80446496359642">
        <ele>8.62280516512692</ele>
        <time>2026-08-01T11:19:44Z</time>
      </trkpt>
      <trkpt lat="32.05265266301679" lon="118.8045621318764">
        <ele>7.481340931728482</ele>
        <time>2026-08-01T11:19:56Z</time>
      </trkpt>
      <trkpt lat="32.05293987956651" lon="118.80464927840346">
        <ele>8.916094349697232</ele>
        <time>2026-08-01T11:20:08Z</time>
      </trkpt>
      <trkpt lat="32.05305695125773" lon="118.80467531934654">
        <ele>6.590891407802701</ele>
        <time>2026-08-01T11:20:14Z</time>
      </trkpt>
      <trkpt lat="32.05318494117579" lon="118.80465326384015">
        <ele>8.675646351650357</ele>
        <time>2026-08-01T11:20:20Z</time>
      </trkpt>
      <trkpt lat="32.053330812349884" lon="118.8045610675797">
        <ele>8.488047169521451</ele>
        <time>2026-08-01T11:20:26Z</time>
      </trkpt>
      <trkpt lat="32.053407540419016" lon="118.80439573291598">
        <ele>7.53418211825192</ele>
        <time>2026-08-01T11:20:32Z</time>
      </trkpt>
      <trkpt lat="32.0534203770472" lon="118.80430054330833">
        <ele>8.665079640224576</ele>
        <time>2026-08-01T11:20:35Z</time>
      </trkpt>
      <trkpt lat="32.05340722024967" lon="118.8042123701032">
        <ele>7.629305409267545</ele>
        <time>2026-08-01T11:20:38Z</time>
      </trkpt>
      <trkpt lat="32.05332792835163" lon="118.804055066531">
        <ele>9.03235106356442</ele>
        <time>2026-08-01T11:20:44Z</time>
      </trkpt>
      <trkpt lat="32.05321171227959" lon="118.80394586162848">
        <ele>5.605326222255826</ele>
        <time>2026-08-01T11:20:50Z</time>
      </trkpt>
      <trkpt lat="32.05288140163459" lon="118.80380962327392">
        <ele>8.392923878505826</ele>
        <time>2026-08-01T11:21:05Z</time>
      </trkpt>
      <trkpt lat="32.052659238920135" lon="118.80374451537129">
        <ele>8.498613880947232</ele>
        <time>2026-08-01T11:21:14Z</time>
      </trkpt>
      <trkpt lat="32.05240007322566" lon="118.8036824168573">
        <ele>3.4254479873925447</ele>
        <time>2026-08-01T11:21:26Z</time>
      </trkpt>
      <trkpt lat="32.05233806114016" lon="118.80368342452864">
        <ele>9.011217640712857</ele>
        <time>2026-08-01T11:21:29Z</time>
      </trkpt>
      <trkpt lat="32.052259975870264" lon="118.80364435478683">
        <ele>7.071787403896451</ele>
        <time>2026-08-01T11:21:32Z</time>
      </trkpt>
      <trkpt lat="32.05210499176602" lon="118.80367342622225">
        <ele>7.993937062099576</ele>
        <time>2026-08-01T11:21:41Z</time>
      </trkpt>
      <trkpt lat="32.052000079764554" lon="118.80373756213108">
        <ele>7.9226022232323885</ele>
        <time>2026-08-01T11:21:44Z</time>
      </trkpt>
      <trkpt lat="32.05193024882148" lon="118.8038437778284">
        <ele>5.814066456630826</ele>
        <time>2026-08-01T11:21:47Z</time>
      </trkpt>
      <trkpt lat="32.05189939534305" lon="118.80393195454658">
        <ele>9.293940113857388</ele>
        <time>2026-08-01T11:21:50Z</time>
      </trkpt>
      <trkpt lat="32.051901538866396" lon="118.80401411649144">
        <ele>8.540888356044888</ele>
        <time>2026-08-01T11:21:53Z</time>
      </trkpt>
      <trkpt lat="32.051983920521195" lon="118.80422252070096">
        <ele>7.80633787997067</ele>
        <time>2026-08-01T11:22:02Z</time>
      </trkpt>
      <trkpt lat="32.05222135838081" lon="118.80444293518303">
        <ele>6.863047169521451</ele>
        <time>2026-08-01T11:22:14Z</time>
      </trkpt>
      <trkpt lat="32.052419456841385" lon="118.80447397852247">
        <ele>8.696787403896451</ele>
        <time>2026-08-01T11:22:23Z</time>
      </trkpt>
      <trkpt lat="32.05253545117351" lon="118.80445593212916">
        <ele>9.346781300380826</ele>
        <time>2026-08-01T11:22:29Z</time>
      </trkpt>
      <trkpt lat="32.05258748378843" lon="118.80446795117136">
        <ele>8.435198353603482</ele>
        <time>2026-08-01T11:22:32Z</time>
      </trkpt>
      <trkpt lat="32.052705638017876" lon="118.80454108528855">
        <ele>7.912027882412076</ele>
        <time>2026-08-01T11:22:38Z</time>
      </trkpt>
      <trkpt lat="32.05294974850111" lon="118.80457312643617">
        <ele>7.67950682528317</ele>
        <time>2026-08-01T11:22:51Z</time>
      </trkpt>
      <trkpt lat="32.05302782199673" lon="118.80460518285594">
        <ele>7.312235401943326</ele>
        <time>2026-08-01T11:22:57Z</time>
      </trkpt>
      <trkpt lat="32.05314082262346" lon="118.80459114464914">
        <ele>8.569956349208951</ele>
        <time>2026-08-01T11:23:03Z</time>
      </trkpt>
      <trkpt lat="32.05328571468476" lon="118.80451097240076">
        <ele>9.201456593349576</ele>
        <time>2026-08-01T11:23:09Z</time>
      </trkpt>
      <trkpt lat="32.05334761636637" lon="118.80444683963809">
        <ele>8.215891407802701</ele>
        <time>2026-08-01T11:23:12Z</time>
      </trkpt>
      <trkpt lat="32.053379478162306" lon="118.80436367200781">
        <ele>8.728495167568326</ele>
        <time>2026-08-01T11:23:15Z</time>
      </trkpt>
      <trkpt lat="32.053382139519165" lon="118.80416928722845">
        <ele>7.86975340731442</ele>
        <time>2026-08-01T11:23:21Z</time>
      </trkpt>
      <trkpt lat="32.05331185146736" lon="118.80401298491695">
        <ele>9.138048695400357</ele>
        <time>2026-08-01T11:23:27Z</time>
      </trkpt>
      <trkpt lat="32.05319763939402" lon="118.80390578385794">
        <ele>8.382357167080045</ele>
        <time>2026-08-01T11:23:33Z</time>
      </trkpt>
      <trkpt lat="32.05300645737298" lon="118.80382564337859">
        <ele>8.329508351162076</ele>
        <time>2026-08-01T11:23:42Z</time>
      </trkpt>
      <trkpt lat="32.05272531807977" lon="118.80378158233317">
        <ele>8.62280516512692</ele>
        <time>2026-08-01T11:23:54Z</time>
      </trkpt>
      <trkpt lat="32.05261728877775" lon="118.80377858633818">
        <ele>8.456339405849576</ele>
        <time>2026-08-01T11:24:00Z</time>
      </trkpt>
      <trkpt lat="32.05235205033753" lon="118.803675407463">
        <ele>7.230326222255826</ele>
        <time>2026-08-01T11:24:15Z</time>
      </trkpt>
      <trkpt lat="32.05214899635939" lon="118.80367041626121">
        <ele>7.12463621981442</ele>
        <time>2026-08-01T11:24:21Z</time>
      </trkpt>
      <trkpt lat="32.052025080117645" lon="118.80373455391334">
        <ele>9.148615406826138</ele>
        <time>2026-08-01T11:24:27Z</time>
      </trkpt>
      <trkpt lat="32.05197216931895" lon="118.80379267326154">
        <ele>8.530321644619107</ele>
        <time>2026-08-01T11:24:30Z</time>
      </trkpt>
      <trkpt lat="32.051924366038875" lon="118.80391191272193">
        <ele>8.498613880947232</ele>
        <time>2026-08-01T11:24:36Z</time>
      </trkpt>
      <trkpt lat="32.05189771258888" lon="118.80411431472588">
        <ele>9.011217640712857</ele>
        <time>2026-08-01T11:24:45Z</time>
      </trkpt>
      <trkpt lat="32.0519328514531" lon="118.80418946001613">
        <ele>8.55938963778317</ele>
        <time>2026-08-01T11:24:48Z</time>
      </trkpt>
      <trkpt lat="32.052161211923405" lon="118.80436678989987">
        <ele>7.9226022232323885</ele>
        <time>2026-08-01T11:24:57Z</time>
      </trkpt>
      <trkpt lat="32.05246344738203" lon="118.80446295264157">
        <ele>9.085199879482388</ele>
        <time>2026-08-01T11:25:12Z</time>
      </trkpt>
      <trkpt lat="32.05255060872166" lon="118.80454410549247">
        <ele>9.357355641201138</ele>
        <time>2026-08-01T11:25:18Z</time>
      </trkpt>
      <trkpt lat="32.052674564507655" lon="118.80450301266737">
        <ele>8.569956349208951</ele>
        <time>2026-08-01T11:25:21Z</time>
      </trkpt>
      <trkpt lat="32.05274059323934" lon="118.80451102248833">
        <ele>8.329508351162076</ele>
        <time>2026-08-01T11:25:24Z</time>
      </trkpt>
      <trkpt lat="32.05302883975809" lon="118.80461520263867">
        <ele>8.194750355556607</ele>
        <time>2026-08-01T11:25:39Z</time>
      </trkpt>
      <trkpt lat="32.05319081447463" lon="118.80458011819614">
        <ele>8.297800587490201</ele>
        <time>2026-08-01T11:25:48Z</time>
      </trkpt>
      <trkpt lat="32.05330865147264" lon="118.80447189284921">
        <ele>8.844751881435513</ele>
        <time>2026-08-01T11:25:57Z</time>
      </trkpt>
      <trkpt lat="32.05339123242083" lon="118.80422138940439">
        <ele>2.3024850357323885</ele>
        <time>2026-08-01T11:26:06Z</time>
      </trkpt>
      <trkpt lat="32.053351277633155" lon="118.80397670671042">
        <ele>8.580523060634732</ele>
        <time>2026-08-01T11:26:12Z</time>
      </trkpt>
      <trkpt lat="32.05326066040478" lon="118.80390978597173">
        <ele>9.986216114833951</ele>
        <time>2026-08-01T11:26:18Z</time>
      </trkpt>
      <trkpt lat="32.05319760800661" lon="118.8038877482907">
        <ele>9.074633168056607</ele>
        <time>2026-08-01T11:26:21Z</time>
      </trkpt>
      <trkpt lat="32.05311563158803" lon="118.80391180325202">
        <ele>8.749628590419888</ele>
        <time>2026-08-01T11:26:24Z</time>
      </trkpt>
      <trkpt lat="32.0530735577131" lon="118.80387473400431">
        <ele>9.074633168056607</ele>
        <time>2026-08-01T11:26:27Z</time>
      </trkpt>
      <trkpt lat="32.0527574088493" lon="118.80382967416524">
        <ele>7.8908944595605135</ele>
        <time>2026-08-01T11:26:42Z</time>
      </trkpt>
      <trkpt lat="32.05268736884807" lon="118.80381565295325">
        <ele>9.30450682528317</ele>
        <time>2026-08-01T11:26:45Z</time>
      </trkpt>
      <trkpt lat="32.052624253758765" lon="118.80375754424448">
        <ele>9.264872120693326</ele>
        <time>2026-08-01T11:26:48Z</time>
      </trkpt>
      <trkpt lat="32.05232299166075" lon="118.80364535096771">
        <ele>8.099634693935513</ele>
        <time>2026-08-01T11:27:03Z</time>
      </trkpt>
      <trkpt lat="32.05225696476094" lon="118.8036383432323">
        <ele>8.057352589443326</ele>
        <time>2026-08-01T11:27:06Z</time>
      </trkpt>
      <trkpt lat="32.05218698569124" lon="118.80365939107519">
        <ele>9.15918211825192</ele>
        <time>2026-08-01T11:27:09Z</time>
      </trkpt>
      <trkpt lat="32.05210796632928" lon="118.80365839636471">
        <ele>6.841906117275357</ele>
        <time>2026-08-01T11:27:12Z</time>
      </trkpt>
      <trkpt lat="32.0520380116328" lon="118.80369347182888">
        <ele>8.844751881435513</ele>
        <time>2026-08-01T11:27:15Z</time>
      </trkpt>
      <trkpt lat="32.05192823443188" lon="118.8038357622123">
        <ele>9.55816893465817</ele>
        <time>2026-08-01T11:27:18Z</time>
      </trkpt>
      <trkpt lat="32.05190438424925" lon="118.80392494025186">
        <ele>9.692919300869107</ele>
        <time>2026-08-01T11:27:21Z</time>
      </trkpt>
      <trkpt lat="32.0519426999211" lon="118.8041012848581">
        <ele>9.03235106356442</ele>
        <time>2026-08-01T11:27:27Z</time>
      </trkpt>
      <trkpt lat="32.05202698257284" lon="118.80425257619345">
        <ele>9.264872120693326</ele>
        <time>2026-08-01T11:27:33Z</time>
      </trkpt>
      <trkpt lat="32.05211015504045" lon="118.80434074301972">
        <ele>9.36792235262692</ele>
        <time>2026-08-01T11:27:36Z</time>
      </trkpt>
      <trkpt lat="32.052286336099115" lon="118.80442188753238">
        <ele>9.011217640712857</ele>
        <time>2026-08-01T11:27:45Z</time>
      </trkpt>
      <trkpt lat="32.05234535626202" lon="118.80442589004804">
        <ele>9.869951771572232</ele>
        <time>2026-08-01T11:27:48Z</time>
      </trkpt>
      <trkpt lat="32.052611583760324" lon="118.8045220561894">
        <ele>9.30450682528317</ele>
        <time>2026-08-01T11:28:00Z</time>
      </trkpt>
      <trkpt lat="32.05287283832028" lon="118.8046342547414">
        <ele>9.251665638759732</ele>
        <time>2026-08-01T11:28:15Z</time>
      </trkpt>
      <trkpt lat="32.05309190115697" lon="118.80464225051831">
        <ele>9.608370350673795</ele>
        <time>2026-08-01T11:28:24Z</time>
      </trkpt>
      <trkpt lat="32.053336769861545" lon="118.80453601736598">
        <ele>9.209383534267545</ele>
        <time>2026-08-01T11:28:36Z</time>
      </trkpt>
      <trkpt lat="32.05340367263357" lon="118.80447188411816">
        <ele>9.587229298427701</ele>
        <time>2026-08-01T11:28:39Z</time>
      </trkpt>
      <trkpt lat="32.05344443838423" lon="118.80433260455167">
        <ele>8.445772694423795</ele>
        <time>2026-08-01T11:28:45Z</time>
      </trkpt>
      <trkpt lat="32.05343321030687" lon="118.8042033498842">
        <ele>9.138048695400357</ele>
        <time>2026-08-01T11:28:48Z</time>
      </trkpt>
      <trkpt lat="32.05336791281872" lon="118.80404103515633">
        <ele>9.201456593349576</ele>
        <time>2026-08-01T11:28:54Z</time>
      </trkpt>
      <trkpt lat="32.053318781476676" lon="118.80397190319489">
        <ele>9.251665638759732</ele>
        <time>2026-08-01T11:28:57Z</time>
      </trkpt>
      <trkpt lat="32.05321565386768" lon="118.80391179406037">
        <ele>7.690081166103482</ele>
        <time>2026-08-01T11:29:03Z</time>
      </trkpt>
      <trkpt lat="32.052948486277344" lon="118.80384969610932">
        <ele>8.382357167080045</ele>
        <time>2026-08-01T11:29:15Z</time>
      </trkpt>
      <trkpt lat="32.05267731260607" lon="118.80378459266743">
        <ele>8.916094349697232</ele>
        <time>2026-08-01T11:29:30Z</time>
      </trkpt>
      <trkpt lat="32.05256829527454" lon="118.80378861058293">
        <ele>8.937235401943326</ele>
        <time>2026-08-01T11:29:36Z</time>
      </trkpt>
      <trkpt lat="32.05243720683998" lon="118.80375455551219">
        <ele>8.916094349697232</ele>
        <time>2026-08-01T11:29:42Z</time>
      </trkpt>
      <trkpt lat="32.05233001758464" lon="118.80365937793084">
        <ele>7.1563363540917635</ele>
        <time>2026-08-01T11:29:45Z</time>
      </trkpt>
      <trkpt lat="32.05217292340674" lon="118.80362532532328">
        <ele>9.43133787997067</ele>
        <time>2026-08-01T11:29:51Z</time>
      </trkpt>
      <trkpt lat="32.05204500623133" lon="118.80368946329531">
        <ele>9.15918211825192</ele>
        <time>2026-08-01T11:29:57Z</time>
      </trkpt>
      <trkpt lat="32.05197913778074" lon="118.80377363511101">
        <ele>9.587229298427701</ele>
        <time>2026-08-01T11:30:00Z</time>
      </trkpt>
      <trkpt lat="32.0519163816943" lon="118.80392193321983">
        <ele>9.378489064052701</ele>
        <time>2026-08-01T11:30:06Z</time>
      </trkpt>
      <trkpt lat="32.051917774705636" lon="118.80414737821955">
        <ele>9.777475880458951</ele>
        <time>2026-08-01T11:30:15Z</time>
      </trkpt>
      <trkpt lat="32.05196295255568" lon="118.80424356424055">
        <ele>7.753496693447232</ele>
        <time>2026-08-01T11:30:18Z</time>
      </trkpt>
      <trkpt lat="32.05214120396139" lon="118.80436478777084">
        <ele>8.781336354091763</ele>
        <time>2026-08-01T11:30:27Z</time>
      </trkpt>
      <trkpt lat="32.05231326332998" lon="118.80437679576694">
        <ele>8.897600697353482</ele>
        <time>2026-08-01T11:30:36Z</time>
      </trkpt>
      <trkpt lat="32.052383341970724" lon="118.80441286075836">
        <ele>9.053492115810513</ele>
        <time>2026-08-01T11:30:39Z</time>
      </trkpt>
      <trkpt lat="32.05245637050691" lon="118.80441986793994">
        <ele>7.74292235262692</ele>
        <time>2026-08-01T11:30:42Z</time>
      </trkpt>
      <trkpt lat="32.05277567641005" lon="118.80455410467944">
        <ele>8.184183644130826</ele>
        <time>2026-08-01T11:30:57Z</time>
      </trkpt>
      <trkpt lat="32.05283075529582" lon="118.80459217512595">
        <ele>8.770769642665982</ele>
        <time>2026-08-01T11:31:00Z</time>
      </trkpt>
      <trkpt lat="32.05308787746099" lon="118.80462922504363">
        <ele>8.958368824794888</ele>
        <time>2026-08-01T11:31:12Z</time>
      </trkpt>
      <trkpt lat="32.053298803468486" lon="118.80456006853393">
        <ele>5.8034921158105135</ele>
        <time>2026-08-01T11:31:21Z</time>
      </trkpt>
      <trkpt lat="32.05339050862067" lon="118.80437970273556">
        <ele>8.916094349697232</ele>
        <time>2026-08-01T11:31:30Z</time>
      </trkpt>
      <trkpt lat="32.053379193034914" lon="118.80420034890462">
        <ele>6.736216114833951</ele>
        <time>2026-08-01T11:31:36Z</time>
      </trkpt>
      <trkpt lat="32.05335502867182" lon="118.80410917091488">
        <ele>7.608171986415982</ele>
        <time>2026-08-01T11:31:39Z</time>
      </trkpt>
      <trkpt lat="32.05328382254082" lon="118.80399996177974">
        <ele>9.336214588955045</ele>
        <time>2026-08-01T11:31:45Z</time>
      </trkpt>
      <trkpt lat="32.05313162120171" lon="118.80390378597227">
        <ele>9.021784352138638</ele>
        <time>2026-08-01T11:31:51Z</time>
      </trkpt>
      <trkpt lat="32.05292950296092" lon="118.80386172155906">
        <ele>8.025644825771451</ele>
        <time>2026-08-01T11:32:04Z</time>
      </trkpt>
      <trkpt lat="32.052884519082276" lon="118.80387675532778">
        <ele>8.194750355556607</ele>
        <time>2026-08-01T11:32:07Z</time>
      </trkpt>
      <trkpt lat="32.05283347807893" lon="118.80385972643234">
        <ele>8.131342457607388</ele>
        <time>2026-08-01T11:32:10Z</time>
      </trkpt>
      <trkpt lat="32.05279236088933" lon="118.80379760776161">
        <ele>8.318941639736295</ele>
        <time>2026-08-01T11:32:13Z</time>
      </trkpt>
      <trkpt lat="32.052734351445736" lon="118.80379961704148">
        <ele>8.643938587978482</ele>
        <time>2026-08-01T11:32:16Z</time>
      </trkpt>
      <trkpt lat="32.05246318825531" lon="118.80374052549361">
        <ele>3.4782968033105135</ele>
        <time>2026-08-01T11:32:31Z</time>
      </trkpt>
      <trkpt lat="32.05221994084926" lon="118.80362932888902">
        <ele>7.962236927822232</ele>
        <time>2026-08-01T11:32:40Z</time>
      </trkpt>
      <trkpt lat="32.05215591613522" lon="118.80362332294305">
        <ele>8.863245533779263</ele>
        <time>2026-08-01T11:32:43Z</time>
      </trkpt>
      <trkpt lat="32.05208096378692" lon="118.80366040279051">
        <ele>9.000643299892545</ele>
        <time>2026-08-01T11:32:46Z</time>
      </trkpt>
      <trkpt lat="32.05194330227445" lon="118.80387283391715">
        <ele>8.456339405849576</ele>
        <time>2026-08-01T11:32:55Z</time>
      </trkpt>
      <trkpt lat="32.05191844144853" lon="118.80395600024114">
        <ele>5.22748045809567</ele>
        <time>2026-08-01T11:32:58Z</time>
      </trkpt>
      <trkpt lat="32.05191960048964" lon="118.80404718011508">
        <ele>9.085199879482388</ele>
        <time>2026-08-01T11:33:01Z</time>
      </trkpt>
      <trkpt lat="32.052002971972186" lon="118.8042495724541">
        <ele>8.163042591884732</ele>
        <time>2026-08-01T11:33:07Z</time>
      </trkpt>
      <trkpt lat="32.05206812992123" lon="118.80433172903203">
        <ele>8.947802113369107</ele>
        <time>2026-08-01T11:33:10Z</time>
      </trkpt>
      <trkpt lat="32.05232638880474" lon="118.80444693347255">
        <ele>9.021784352138638</ele>
        <time>2026-08-01T11:33:22Z</time>
      </trkpt>
      <trkpt lat="32.05257253826347" lon="118.80450101806994">
        <ele>7.145769642665982</ele>
        <time>2026-08-01T11:33:34Z</time>
      </trkpt>
      <trkpt lat="32.05272667600647" lon="118.80456012110233">
        <ele>4.9764657486230135</ele>
        <time>2026-08-01T11:33:43Z</time>
      </trkpt>
      <trkpt lat="32.0529258220669" lon="118.80461821806722">
        <ele>8.844751881435513</ele>
        <time>2026-08-01T11:33:55Z</time>
      </trkpt>
      <trkpt lat="32.05299592538201" lon="118.80466831103341">
        <ele>8.131342457607388</ele>
        <time>2026-08-01T11:33:58Z</time>
      </trkpt>
      <trkpt lat="32.053088847865816" lon="118.804612191162">
        <ele>8.82361082918942</ele>
        <time>2026-08-01T11:34:01Z</time>
      </trkpt>
      <trkpt lat="32.053213858177664" lon="118.80460215980003">
        <ele>9.127474354580045</ele>
        <time>2026-08-01T11:34:07Z</time>
      </trkpt>
      <trkpt lat="32.05332978232527" lon="118.80454403390014">
        <ele>7.050646351650357</ele>
        <time>2026-08-01T11:34:13Z</time>
      </trkpt>
      <trkpt lat="32.053375699685965" lon="118.80449092441461">
        <ele>8.392923878505826</ele>
        <time>2026-08-01T11:34:16Z</time>
      </trkpt>
      <trkpt lat="32.053413454230395" lon="118.80434563318178">
        <ele>8.163042591884732</ele>
        <time>2026-08-01T11:34:22Z</time>
      </trkpt>
      <trkpt lat="32.053416325426426" lon="118.80427148618942">
        <ele>8.35064940340817</ele>
        <time>2026-08-01T11:34:25Z</time>
      </trkpt>
      <trkpt lat="32.053361949893734" lon="118.80406307923487">
        <ele>9.283373402431607</ele>
        <time>2026-08-01T11:34:34Z</time>
      </trkpt>
      <trkpt lat="32.05328488210971" lon="118.8040340289374">
        <ele>8.456339405849576</ele>
        <time>2026-08-01T11:34:40Z</time>
      </trkpt>
      <trkpt lat="32.0531225773483" lon="118.80387973937854">
        <ele>7.8274789322167635</ele>
        <time>2026-08-01T11:34:46Z</time>
      </trkpt>
      <trkpt lat="32.05298353940164" lon="118.80387574425244">
        <ele>8.717920826748013</ele>
        <time>2026-08-01T11:34:52Z</time>
      </trkpt>
      <trkpt lat="32.052811417400136" lon="118.80382766525207">
        <ele>7.7957711685448885</ele>
        <time>2026-08-01T11:35:01Z</time>
      </trkpt>
      <trkpt lat="32.05251216087183" lon="118.80371847757964">
        <ele>8.958368824794888</ele>
        <time>2026-08-01T11:35:16Z</time>
      </trkpt>
      <trkpt lat="32.052265989389376" lon="118.80365136803806">
        <ele>7.74292235262692</ele>
        <time>2026-08-01T11:35:28Z</time>
      </trkpt>
      <trkpt lat="32.05219197288454" lon="118.80365137484004">
        <ele>7.983370350673795</ele>
        <time>2026-08-01T11:35:31Z</time>
      </trkpt>
      <trkpt lat="32.05208802452765" lon="118.80369446920561">
        <ele>7.993937062099576</ele>
        <time>2026-08-01T11:35:37Z</time>
      </trkpt>
      <trkpt lat="32.05201112227557" lon="118.8037606065104">
        <ele>9.22259764559567</ele>
        <time>2026-08-01T11:35:40Z</time>
      </trkpt>
      <trkpt lat="32.05192731788291" lon="118.80388385711966">
        <ele>8.947802113369107</ele>
        <time>2026-08-01T11:35:46Z</time>
      </trkpt>
      <trkpt lat="32.05188427167718" lon="118.80386281958549">
        <ele>8.14190916903317</ele>
        <time>2026-08-01T11:35:55Z</time>
      </trkpt>
      <trkpt lat="32.0518855283148" lon="118.80401011005073">
        <ele>8.540888356044888</ele>
        <time>2026-08-01T11:37:10Z</time>
      </trkpt>
      <trkpt lat="32.05193181976945" lon="118.80417142445802">
        <ele>5.0398812759667635</ele>
        <time>2026-08-01T11:37:19Z</time>
      </trkpt>
      <trkpt lat="32.05203006020443" lon="118.80429666312928">
        <ele>9.138048695400357</ele>
        <time>2026-08-01T11:37:25Z</time>
      </trkpt>
      <trkpt lat="32.05214523286212" lon="118.80438081914181">
        <ele>9.116907643154263</ele>
        <time>2026-08-01T11:37:31Z</time>
      </trkpt>
      <trkpt lat="32.05236134056692" lon="118.80441486674887">
        <ele>8.749628590419888</ele>
        <time>2026-08-01T11:37:40Z</time>
      </trkpt>
      <trkpt lat="32.05265565491983" lon="118.80455712166743">
        <ele>9.851458119228482</ele>
        <time>2026-08-01T11:37:52Z</time>
      </trkpt>
      <trkpt lat="32.05294586511462" lon="118.80464025995998">
        <ele>8.675646351650357</ele>
        <time>2026-08-01T11:38:04Z</time>
      </trkpt>
      <trkpt lat="32.05316090775927" lon="118.80463723423746">
        <ele>9.138048695400357</ele>
        <time>2026-08-01T11:38:13Z</time>
      </trkpt>
      <trkpt lat="32.053318821949354" lon="118.80456808258977">
        <ele>9.03235106356442</ele>
        <time>2026-08-01T11:38:19Z</time>
      </trkpt>
      <trkpt lat="32.053376705165334" lon="118.80449393027949">
        <ele>8.876459645107388</ele>
        <time>2026-08-01T11:38:22Z</time>
      </trkpt>
      <trkpt lat="32.05342643262521" lon="118.804331604223">
        <ele>8.834185170009732</ele>
        <time>2026-08-01T11:38:28Z</time>
      </trkpt>
      <trkpt lat="32.05342626994117" lon="118.80423841987113">
        <ele>8.551462696865201</ele>
        <time>2026-08-01T11:38:31Z</time>
      </trkpt>
      <trkpt lat="32.053352974082635" lon="118.80407810974414">
        <ele>7.47076659090817</ele>
        <time>2026-08-01T11:38:37Z</time>
      </trkpt>
      <trkpt lat="32.05324072746267" lon="118.80395086884694">
        <ele>8.297800587490201</ele>
        <time>2026-08-01T11:38:43Z</time>
      </trkpt>
      <trkpt lat="32.052982457253016" lon="118.80382865150904">
        <ele>8.28723387606442</ele>
        <time>2026-08-01T11:38:55Z</time>
      </trkpt>
      <trkpt lat="32.05285638909293" lon="118.80380561767393">
        <ele>8.14190916903317</ele>
        <time>2026-08-01T11:39:01Z</time>
      </trkpt>
      <trkpt lat="32.05274524067627" lon="118.8037344877328">
        <ele>5.407152699306607</ele>
        <time>2026-08-01T11:39:07Z</time>
      </trkpt>
      <trkpt lat="32.052647215347534" lon="118.8037324927943">
        <ele>8.318941639736295</ele>
        <time>2026-08-01T11:39:10Z</time>
      </trkpt>
      <trkpt lat="32.052606145268264" lon="118.80369742750993">
        <ele>2.8071542251855135</ele>
        <time>2026-08-01T11:39:13Z</time>
      </trkpt>
      <trkpt lat="32.05240796885793" lon="118.80362129583658">
        <ele>8.654505299404263</ele>
        <time>2026-08-01T11:39:22Z</time>
      </trkpt>
      <trkpt lat="32.05233293125689" lon="118.80360927907519">
        <ele>8.88702635653317</ele>
        <time>2026-08-01T11:39:25Z</time>
      </trkpt>
      <trkpt lat="32.05207402662709" lon="118.8036974764103">
        <ele>8.41406493075192</ele>
        <time>2026-08-01T11:39:34Z</time>
      </trkpt>
      <trkpt lat="32.05198013277801" lon="118.80377062909747">
        <ele>9.336214588955045</ele>
        <time>2026-08-01T11:39:37Z</time>
      </trkpt>
      <trkpt lat="32.0519262566441" lon="118.80384878807156">
        <ele>7.26996092684567</ele>
        <time>2026-08-01T11:39:40Z</time>
      </trkpt>
      <trkpt lat="32.05186525349216" lon="118.8038548055294">
        <ele>12.292917774990201</ele>
        <time>2026-08-01T11:39:46Z</time>
      </trkpt>
      <trkpt lat="32.05176094797244" lon="118.80382973186514">
        <ele>8.184183644130826</ele>
        <time>2026-08-01T11:39:55Z</time>
      </trkpt>
      <trkpt lat="32.05190400436846" lon="118.80370650979059">
        <ele>8.382357167080045</ele>
        <time>2026-08-01T11:40:11Z</time>
      </trkpt>
      <trkpt lat="32.05185888119435" lon="118.80364138573078">
        <ele>8.530321644619107</ele>
        <time>2026-08-01T11:40:17Z</time>
      </trkpt>
      <trkpt lat="32.051850620306325" lon="118.80349209286763">
        <ele>8.82361082918942</ele>
        <time>2026-08-01T11:40:29Z</time>
      </trkpt>
      <trkpt lat="32.05191236668641" lon="118.80333778410949">
        <ele>8.728495167568326</ele>
        <time>2026-08-01T11:40:41Z</time>
      </trkpt>
      <trkpt lat="32.051975281838935" lon="118.80328066624863">
        <ele>8.55938963778317</ele>
        <time>2026-08-01T11:40:47Z</time>
      </trkpt>
      <trkpt lat="32.05200419985722" lon="118.80322956335664">
        <ele>8.131342457607388</ele>
        <time>2026-08-01T11:40:53Z</time>
      </trkpt>
      <trkpt lat="32.05200910042787" lon="118.80317144896811">
        <ele>8.308367298915982</ele>
        <time>2026-08-01T11:41:05Z</time>
      </trkpt>
      <trkpt lat="32.05203001674427" lon="118.80312034690617">
        <ele>8.131342457607388</ele>
        <time>2026-08-01T11:41:20Z</time>
      </trkpt>
      <trkpt lat="32.05201209763098" lon="118.80316944476476">
        <ele>7.417925404384732</ele>
        <time>2026-08-01T11:41:41Z</time>
      </trkpt>
      <trkpt lat="32.05201021159986" lon="118.8032355745941">
        <ele>7.6689401138573885</ele>
        <time>2026-08-01T11:41:44Z</time>
      </trkpt>
      <trkpt lat="32.05197235230586" lon="118.80332174713035">
        <ele>7.912027882412076</ele>
        <time>2026-08-01T11:41:47Z</time>
      </trkpt>
      <trkpt lat="32.051755439287554" lon="118.80339992050398">
        <ele>7.576464222744107</ele>
        <time>2026-08-01T11:41:53Z</time>
      </trkpt>
      <trkpt lat="32.051750109330456" lon="118.80378668182155">
        <ele>7.95166258700192</ele>
        <time>2026-08-01T11:42:02Z</time>
      </trkpt>
      <trkpt lat="32.05172779172644" lon="118.80418146301183">
        <ele>8.276667164638638</ele>
        <time>2026-08-01T11:42:08Z</time>
      </trkpt>
      <trkpt lat="32.0516724233862" lon="118.80455019809918">
        <ele>8.163042591884732</ele>
        <time>2026-08-01T11:42:14Z</time>
      </trkpt>
      <trkpt lat="32.051652829509976" lon="118.80478466520785">
        <ele>7.481340931728482</ele>
        <time>2026-08-01T11:42:17Z</time>
      </trkpt>
      <trkpt lat="32.0511945573786" lon="118.80638991542622">
        <ele>7.209185170009732</ele>
        <time>2026-08-01T11:42:38Z</time>
      </trkpt>
      <trkpt lat="32.05013617172414" lon="118.8063058434637">
        <ele>7.1563363540917635</ele>
        <time>2026-08-01T11:42:53Z</time>
      </trkpt>
      <trkpt lat="32.05003635018276" lon="118.80641908021536">
        <ele>8.089060353115201</ele>
        <time>2026-08-01T11:42:59Z</time>
      </trkpt>
      <trkpt lat="32.04996935831492" lon="118.80643211256148">
        <ele>7.4919076431542635</ele>
        <time>2026-08-01T11:43:02Z</time>
      </trkpt>
      <trkpt lat="32.04989230553886" lon="118.80641207933995">
        <ele>7.544756459072232</ele>
        <time>2026-08-01T11:43:05Z</time>
      </trkpt>
      <trkpt lat="32.04964829719342" lon="118.80643815413553">
        <ele>7.343943165615201</ele>
        <time>2026-08-01T11:43:17Z</time>
      </trkpt>
      <trkpt lat="32.049358164756455" lon="118.8064001042155">
        <ele>6.18133787997067</ele>
        <time>2026-08-01T11:43:23Z</time>
      </trkpt>
      <trkpt lat="32.049189052289876" lon="118.80635803514708">
        <ele>8.318941639736295</ele>
        <time>2026-08-01T11:43:26Z</time>
      </trkpt>
      <trkpt lat="32.04907504987861" lon="118.80637107179847">
        <ele>6.91589598543942</ele>
        <time>2026-08-01T11:43:29Z</time>
      </trkpt>
      <trkpt lat="32.04906219452371" lon="118.80645424020078">
        <ele>9.608370350673795</ele>
        <time>2026-08-01T11:43:32Z</time>
      </trkpt>
      <trkpt lat="32.04907333928956" lon="118.80653440044836">
        <ele>8.036219166591763</ele>
        <time>2026-08-01T11:43:35Z</time>
      </trkpt>
      <trkpt lat="32.049163469773475" lon="118.80659651721976">
        <ele>6.873613880947232</ele>
        <time>2026-08-01T11:43:53Z</time>
      </trkpt>
      <trkpt lat="32.04918758197178" lon="118.80665663607168">
        <ele>9.410196827724576</ele>
        <time>2026-08-01T11:44:14Z</time>
      </trkpt>
      <trkpt lat="32.04921342400724" lon="118.80656444808494">
        <ele>10.678492115810513</ele>
        <time>2026-08-01T11:44:20Z</time>
      </trkpt>
      <trkpt lat="32.04915885527288" lon="118.8064833701322">
        <ele>10.134180592373013</ele>
        <time>2026-08-01T11:44:26Z</time>
      </trkpt>
      <trkpt lat="32.04919417175427" lon="118.80648144398735">
        <ele>9.230524586513638</ele>
        <time>2026-08-01T11:44:29Z</time>
      </trkpt>
      <trkpt lat="32.04924438467727" lon="118.80653839280762">
        <ele>10.091906117275357</ele>
        <time>2026-08-01T11:44:32Z</time>
      </trkpt>
      <trkpt lat="32.04946175282184" lon="118.80727512597798">
        <ele>9.116907643154263</ele>
        <time>2026-08-01T11:44:44Z</time>
      </trkpt>
      <trkpt lat="32.04956821747218" lon="118.80763579667975">
        <ele>10.57544188387692</ele>
        <time>2026-08-01T11:45:00Z</time>
      </trkpt>
      <trkpt lat="32.04948389220398" lon="118.80735501893436">
        <ele>10.416903065517545</ele>
        <time>2026-08-01T11:45:17Z</time>
      </trkpt>
      <trkpt lat="32.0487456290996" lon="118.80673884219222">
        <ele>10.533167408779263</ele>
        <time>2026-08-01T11:45:47Z</time>
      </trkpt>
      <trkpt lat="32.0491655004842" lon="118.80661355133014">
        <ele>10.438044117763638</ele>
        <time>2026-08-01T11:45:56Z</time>
      </trkpt>
      <trkpt lat="32.04872461370671" lon="118.8067328320061">
        <ele>10.44861082918942</ele>
        <time>2026-08-01T11:46:05Z</time>
      </trkpt>
      <trkpt lat="32.04877665029568" lon="118.80674685549897">
        <ele>10.364061878994107</ele>
        <time>2026-08-01T11:46:33Z</time>
      </trkpt>
      <trkpt lat="32.04872868053641" lon="118.80676990635476">
        <ele>10.342920826748013</ele>
        <time>2026-08-01T11:47:57Z</time>
      </trkpt>
      <trkpt lat="32.048778627579225" lon="118.8067338290657">
        <ele>10.081339405849576</ele>
        <time>2026-08-01T11:48:30Z</time>
      </trkpt>
      <trkpt lat="32.04874554536652" lon="118.8066917473065">
        <ele>9.933367298915982</ele>
        <time>2026-08-01T11:49:33Z</time>
      </trkpt>
      <trkpt lat="32.04865367978322" lon="118.80677893141994">
        <ele>9.64007811434567</ele>
        <time>2026-08-01T11:49:54Z</time>
      </trkpt>
      <trkpt lat="32.04872668187084" lon="118.80677090855806">
        <ele>8.791910694912076</ele>
        <time>2026-08-01T11:53:30Z</time>
      </trkpt>
      <trkpt lat="32.04864967354054" lon="118.80677592572816">
        <ele>8.813044117763638</ele>
        <time>2026-08-01T11:53:36Z</time>
      </trkpt>
      <trkpt lat="32.04872559611352" lon="118.80672281172406">
        <ele>8.781336354091763</ele>
        <time>2026-08-01T11:53:45Z</time>
      </trkpt>
      <trkpt lat="32.04880768218481" lon="118.80676088092329">
        <ele>7.407358692958951</ele>
        <time>2026-08-01T11:56:18Z</time>
      </trkpt>
      <trkpt lat="32.048849550839215" lon="118.8066817175703">
        <ele>7.6689401138573885</ele>
        <time>2026-08-01T11:56:24Z</time>
      </trkpt>
      <trkpt lat="32.048680520124904" lon="118.8066857411655">
        <ele>7.565889881923795</ele>
        <time>2026-08-01T11:56:42Z</time>
      </trkpt>
      <trkpt lat="32.048752521997386" lon="118.80667771840577">
        <ele>7.47076659090817</ele>
        <time>2026-08-01T11:56:45Z</time>
      </trkpt>
      <trkpt lat="32.04884157754798" lon="118.80669775060086">
        <ele>7.647799061611295</ele>
        <time>2026-08-01T11:56:48Z</time>
      </trkpt>
      <trkpt lat="32.048786590174124" lon="118.80671178391403">
        <ele>7.53418211825192</ele>
        <time>2026-08-01T11:57:15Z</time>
      </trkpt>
    </trkseg>
  </trk>
</gpx>